timestamp,asin,title,bsr,category,category_rank
2026-04-29 00:07:05.739094,B0G43ZNNRX,Weather Word Search Large Print,,,
2026-04-29 00:07:22.810524,B0D97NFBG2,Weather Word Search,1476679,Natural Disasters (Books),519
2026-04-29 00:07:22.810527,B0D97NFBG2,Weather Word Search,1476679,Weather (Books),725
2026-04-29 00:07:22.810527,B0D97NFBG2,Weather Word Search,1476679,Word Search Games,6409
2026-04-29 00:07:39.485652,B0D9B6HKC8,Space Word Search,8885268,Solar System (Books),807
2026-04-29 00:07:39.485654,B0D9B6HKC8,Space Word Search,8885268,Astronomy (Books),10208
2026-04-29 00:07:39.485655,B0D9B6HKC8,Space Word Search,8885268,Word Search Games,45259
2026-04-29 00:07:56.277346,B0D986WRQY,Ocean Word Search,,,
2026-04-29 00:08:12.926756,B0D9D6QJKD,Earth Science Word Search,,,
2026-04-29 00:08:29.530035,B0D9DRYQSH,Animal Word Search,,,
2026-04-29 00:08:46.382073,B0FPDF7GQV,Halloween Word Search,7451972,Holidays (Books),889
2026-04-29 00:08:46.382075,B0FPDF7GQV,Halloween Word Search,7451972,Customs & Traditions Social Sciences,5642
2026-04-29 00:08:46.382076,B0FPDF7GQV,Halloween Word Search,7451972,Ghosts & Hauntings,5869
2026-04-29 00:09:03.234529,B0DXP99LNN,Spring Word Search,5966343,Gardening & Landscape Design,26771
2026-04-29 00:09:03.234535,B0DXP99LNN,Spring Word Search,5966343,Word Search Games,29363
2026-04-29 00:09:03.234536,B0DXP99LNN,Spring Word Search,5966343,Word Games (Books),31388
2026-04-29 00:09:20.040133,B0F61TRMXM,Summer Word Search,,,
2026-04-29 00:09:36.840382,B0DTKGRKC2,Romance Word Search,8011071,Humorous Erotica (Books),22359
2026-04-29 00:09:36.840384,B0DTKGRKC2,Romance Word Search,8011071,Romantic Erotica (Books),36319
2026-04-29 00:09:36.840385,B0DTKGRKC2,Romance Word Search,8011071,Word Search Games,41012
2026-04-29 00:09:53.704903,B0DS5HPJ1M,Alien Adult Activity Book,526915,UFOs (Books),667
2026-04-29 00:09:53.704905,B0DS5HPJ1M,Alien Adult Activity Book,526915,Logic & Brain Teasers (Books),1383
2026-04-29 00:09:53.704906,B0DS5HPJ1M,Alien Adult Activity Book,526915,Puzzles (Books),2704
2026-04-29 00:10:10.501361,B0FJ8TFSZ1,Fall Word Search,6413592,Holidays (Books),772
2026-04-29 00:10:10.501363,B0FJ8TFSZ1,Fall Word Search,6413592,Word Search Games,31988
2026-04-29 00:10:10.501364,B0FJ8TFSZ1,Fall Word Search,6413592,Word Games (Books),34130
2026-04-29 00:10:27.603702,B0G4GQL5TG,Winter Word Search,9177913,Holidays (Books),1068
2026-04-29 00:10:27.603704,B0G4GQL5TG,Winter Word Search,9177913,Word Search Games,47483
2026-04-29 00:10:27.603705,B0G4GQL5TG,Winter Word Search,9177913,Word Games (Books),50148
2026-04-29 00:10:44.432518,B0G5Z47WY7,Christmas Word Search,9177435,Holidays (Books),1067
2026-04-29 00:10:44.432520,B0G5Z47WY7,Christmas Word Search,9177435,Word Search Games,47464
2026-04-29 00:10:44.432521,B0G5Z47WY7,Christmas Word Search,9177435,Word Games (Books),50128
2026-04-29 00:11:01.152923,B0D2HQ2N8G,Cryptids Word Search Large Print,,,
2026-04-29 00:11:18.140351,B0CVNHV3CV,Cryptids Word Search,3637902,Ancient & Controversial Knowledge,3868
2026-04-29 00:11:18.140354,B0CVNHV3CV,Cryptids Word Search,3637902,Unexplained Mysteries (Books),5109
2026-04-29 00:11:18.140354,B0CVNHV3CV,Cryptids Word Search,3637902,Word Search Games,16764
2026-04-29 00:11:34.770199,B0D429W5H1,Sasquatch Word Search,3823105,Unexplained Mysteries (Books),5326
2026-04-29 00:11:34.770201,B0D429W5H1,Sasquatch Word Search,3823105,Word Search Games,17670
2026-04-29 00:11:34.770202,B0D429W5H1,Sasquatch Word Search,3823105,Word Games (Books),19177
2026-04-29 00:11:51.532029,B0D429WWSQ,Sasquatch Word Search,1406364,Unexplained Mysteries (Books),2359
2026-04-29 00:11:51.532031,B0D429WWSQ,Sasquatch Word Search,1406364,Word Search Games,6154
2026-04-29 00:11:51.532032,B0D429WWSQ,Sasquatch Word Search,1406364,Word Games (Books),6884
2026-04-29 00:12:08.261004,B0D22PKCGW,Alien Word Search Large Print,3872302,UFOs (Books),3362
2026-04-29 00:12:08.261006,B0D22PKCGW,Alien Word Search Large Print,3872302,Ancient & Controversial Knowledge,4074
2026-04-29 00:12:08.261007,B0D22PKCGW,Alien Word Search Large Print,3872302,Word Search Games,17942
2026-04-29 00:12:25.031254,B0CTPR6KZ4,Alien Word Search,1323305,UFOs (Books),1483
2026-04-29 00:12:25.031256,B0CTPR6KZ4,Alien Word Search,1323305,Ancient & Controversial Knowledge,1699
2026-04-29 00:12:25.031257,B0CTPR6KZ4,Alien Word Search,1323305,Word Search Games,5824
2026-04-29 00:58:14.691347,B0D3XXY1HV,Witches Word Search Large Print,,,
2026-04-29 00:58:27.281657,B0G43ZNNRX,Weather Word Search Large Print,,,
2026-04-29 00:58:39.751085,B0D97NFBG2,Weather Word Search,1477414,Natural Disasters (Books),519
2026-04-29 00:58:39.751088,B0D97NFBG2,Weather Word Search,1477414,Weather (Books),725
2026-04-29 00:58:39.751089,B0D97NFBG2,Weather Word Search,1477414,Word Search Games,6408
2026-04-29 00:58:51.953722,B0D9B6HKC8,Space Word Search,8885948,Solar System (Books),807
2026-04-29 00:58:51.953725,B0D9B6HKC8,Space Word Search,8885948,Astronomy (Books),10206
2026-04-29 00:58:51.953726,B0D9B6HKC8,Space Word Search,8885948,Word Search Games,45257
2026-04-29 00:59:04.324883,B0D986WRQY,Ocean Word Search,,,
2026-04-29 00:59:16.760307,B0D9D6QJKD,Earth Science Word Search,,,
2026-04-29 00:59:29.022905,B0D9DRYQSH,Animal Word Search,,,
2026-04-29 00:59:41.239450,B0FPDF7GQV,Halloween Word Search,7451972,Holidays (Books),889
2026-04-29 00:59:41.239452,B0FPDF7GQV,Halloween Word Search,7451972,Customs & Traditions Social Sciences,5642
2026-04-29 00:59:41.239453,B0FPDF7GQV,Halloween Word Search,7451972,Ghosts & Hauntings,5869
2026-04-29 00:59:53.782552,B0DXP99LNN,Spring Word Search,5967044,Gardening & Landscape Design,26767
2026-04-29 00:59:53.782555,B0DXP99LNN,Spring Word Search,5967044,Word Search Games,29362
2026-04-29 00:59:53.782556,B0DXP99LNN,Spring Word Search,5967044,Word Games (Books),31388
2026-04-29 01:00:05.965124,B0F61TRMXM,Summer Word Search,,,
2026-04-29 01:00:18.172280,B0DTKGRKC2,Romance Word Search,8011071,Humorous Erotica (Books),22359
2026-04-29 01:00:18.172282,B0DTKGRKC2,Romance Word Search,8011071,Romantic Erotica (Books),36319
2026-04-29 01:00:18.172283,B0DTKGRKC2,Romance Word Search,8011071,Word Search Games,41012
2026-04-29 01:00:30.429903,B0DS5HPJ1M,Alien Adult Activity Book,527666,UFOs (Books),667
2026-04-29 01:00:30.429906,B0DS5HPJ1M,Alien Adult Activity Book,527666,Logic & Brain Teasers (Books),1382
2026-04-29 01:00:30.429907,B0DS5HPJ1M,Alien Adult Activity Book,527666,Puzzles (Books),2704
2026-04-29 01:00:42.790911,B0FJ8TFSZ1,Fall Word Search,6414289,Holidays (Books),772
2026-04-29 01:00:42.790913,B0FJ8TFSZ1,Fall Word Search,6414289,Word Search Games,31987
2026-04-29 01:00:42.790914,B0FJ8TFSZ1,Fall Word Search,6414289,Word Games (Books),34130
2026-04-29 01:00:54.973261,B0G4GQL5TG,Winter Word Search,9178593,Holidays (Books),1068
2026-04-29 01:00:54.973263,B0G4GQL5TG,Winter Word Search,9178593,Word Search Games,47481
2026-04-29 01:00:54.973263,B0G4GQL5TG,Winter Word Search,9178593,Word Games (Books),50147
2026-04-29 01:01:07.136675,B0G5Z47WY7,Christmas Word Search,9177435,Holidays (Books),1067
2026-04-29 01:01:07.136678,B0G5Z47WY7,Christmas Word Search,9177435,Word Search Games,47464
2026-04-29 01:01:07.136678,B0G5Z47WY7,Christmas Word Search,9177435,Word Games (Books),50128
2026-04-29 01:01:19.111199,B0D2HQ2N8G,Cryptids Word Search Large Print,,,
2026-04-29 01:01:31.284358,B0CVNHV3CV,Cryptids Word Search,3638613,Ancient & Controversial Knowledge,3868
2026-04-29 01:01:31.284362,B0CVNHV3CV,Cryptids Word Search,3638613,Unexplained Mysteries (Books),5109
2026-04-29 01:01:31.284362,B0CVNHV3CV,Cryptids Word Search,3638613,Word Search Games,16763
2026-04-29 01:01:43.445621,B0D429W5H1,Sasquatch Word Search,3823105,Unexplained Mysteries (Books),5326
2026-04-29 01:01:43.445625,B0D429W5H1,Sasquatch Word Search,3823105,Word Search Games,17670
2026-04-29 01:01:43.445626,B0D429W5H1,Sasquatch Word Search,3823105,Word Games (Books),19177
2026-04-29 01:01:55.575011,B0D429WWSQ,Sasquatch Word Search,1407100,Unexplained Mysteries (Books),2359
2026-04-29 01:01:55.575015,B0D429WWSQ,Sasquatch Word Search,1407100,Word Search Games,6153
2026-04-29 01:01:55.575016,B0D429WWSQ,Sasquatch Word Search,1407100,Word Games (Books),6884
2026-04-29 01:02:07.728286,B0D22PKCGW,Alien Word Search Large Print,3873012,UFOs (Books),3361
2026-04-29 01:02:07.728288,B0D22PKCGW,Alien Word Search Large Print,3873012,Ancient & Controversial Knowledge,4074
2026-04-29 01:02:07.728289,B0D22PKCGW,Alien Word Search Large Print,3873012,Word Search Games,17941
2026-04-29 01:02:19.954628,B0CTPR6KZ4,Alien Word Search,1323305,UFOs (Books),1483
2026-04-29 01:02:19.954635,B0CTPR6KZ4,Alien Word Search,1323305,Ancient & Controversial Knowledge,1699
2026-04-29 01:02:19.954636,B0CTPR6KZ4,Alien Word Search,1323305,Word Search Games,5824
2026-04-29 01:16:46.959533,B0CSZDC243,Haunted Word Search,,,
2026-04-29 01:17:00.079981,B0D3XXZRRC,Witches Word Search,5432916,Witchcraft Religion & Spirituality,6808
2026-04-29 01:17:00.079983,B0D3XXZRRC,Witches Word Search,5432916,Spiritualism,9546
2026-04-29 01:17:00.079984,B0D3XXZRRC,Witches Word Search,5432916,Word Search Games,26428
2026-04-29 01:17:12.651573,B0D3XXY1HV,Witches Word Search Large Print,,,
2026-04-29 01:17:25.199058,B0G43ZNNRX,Weather Word Search Large Print,,,
2026-04-29 01:17:37.769638,B0D97NFBG2,Weather Word Search,1477414,Natural Disasters (Books),519
2026-04-29 01:17:37.769641,B0D97NFBG2,Weather Word Search,1477414,Weather (Books),725
2026-04-29 01:17:37.769641,B0D97NFBG2,Weather Word Search,1477414,Word Search Games,6408
2026-04-29 01:17:50.248464,B0D9B6HKC8,Space Word Search,8885948,Solar System (Books),807
2026-04-29 01:17:50.248466,B0D9B6HKC8,Space Word Search,8885948,Astronomy (Books),10206
2026-04-29 01:17:50.248467,B0D9B6HKC8,Space Word Search,8885948,Word Search Games,45257
2026-04-29 01:18:03.226417,B0D986WRQY,Ocean Word Search,,,
2026-04-29 01:18:15.748229,B0D9D6QJKD,Earth Science Word Search,,,
2026-04-29 01:18:28.406693,B0D9DRYQSH,Animal Word Search,,,
2026-04-29 01:18:40.811023,B0FPDF7GQV,Halloween Word Search,7452659,Holidays (Books),889
2026-04-29 01:18:40.811025,B0FPDF7GQV,Halloween Word Search,7452659,Customs & Traditions Social Sciences,5642
2026-04-29 01:18:40.811026,B0FPDF7GQV,Halloween Word Search,7452659,Ghosts & Hauntings,5868
2026-04-29 01:18:53.364075,B0DXP99LNN,Spring Word Search,5967044,Gardening & Landscape Design,26767
2026-04-29 01:18:53.364080,B0DXP99LNN,Spring Word Search,5967044,Word Search Games,29362
2026-04-29 01:18:53.364081,B0DXP99LNN,Spring Word Search,5967044,Word Games (Books),31388
2026-04-29 01:19:06.069217,B0F61TRMXM,Summer Word Search,,,
2026-04-29 01:19:18.403139,B0DTKGRKC2,Romance Word Search,8011755,Humorous Erotica (Books),22360
2026-04-29 01:19:18.403141,B0DTKGRKC2,Romance Word Search,8011755,Romantic Erotica (Books),36314
2026-04-29 01:19:18.403142,B0DTKGRKC2,Romance Word Search,8011755,Word Search Games,41010
2026-04-29 01:19:30.999556,B0DS5HPJ1M,Alien Adult Activity Book,527666,UFOs (Books),667
2026-04-29 01:19:30.999558,B0DS5HPJ1M,Alien Adult Activity Book,527666,Logic & Brain Teasers (Books),1382
2026-04-29 01:19:30.999558,B0DS5HPJ1M,Alien Adult Activity Book,527666,Puzzles (Books),2704
2026-04-29 01:19:43.937400,B0FJ8TFSZ1,Fall Word Search,6414289,Holidays (Books),772
2026-04-29 01:19:43.937402,B0FJ8TFSZ1,Fall Word Search,6414289,Word Search Games,31987
2026-04-29 01:19:43.937402,B0FJ8TFSZ1,Fall Word Search,6414289,Word Games (Books),34130
2026-04-29 01:19:56.664981,B0G4GQL5TG,Winter Word Search,9178593,Holidays (Books),1068
2026-04-29 01:19:56.664985,B0G4GQL5TG,Winter Word Search,9178593,Word Search Games,47481
2026-04-29 01:19:56.664985,B0G4GQL5TG,Winter Word Search,9178593,Word Games (Books),50147
2026-04-29 01:20:09.608321,B0G5Z47WY7,Christmas Word Search,9178115,Holidays (Books),1067
2026-04-29 01:20:09.608323,B0G5Z47WY7,Christmas Word Search,9178115,Word Search Games,47462
2026-04-29 01:20:09.608324,B0G5Z47WY7,Christmas Word Search,9178115,Word Games (Books),50127
2026-04-29 01:20:22.044855,B0D2HQ2N8G,Cryptids Word Search Large Print,,,
2026-04-29 01:20:34.652111,B0CVNHV3CV,Cryptids Word Search,3638613,Ancient & Controversial Knowledge,3868
2026-04-29 01:20:34.652113,B0CVNHV3CV,Cryptids Word Search,3638613,Unexplained Mysteries (Books),5109
2026-04-29 01:20:34.652114,B0CVNHV3CV,Cryptids Word Search,3638613,Word Search Games,16763
2026-04-29 01:20:47.160540,B0D429W5H1,Sasquatch Word Search,3823815,Unexplained Mysteries (Books),5326
2026-04-29 01:20:47.160544,B0D429W5H1,Sasquatch Word Search,3823815,Word Search Games,17669
2026-04-29 01:20:47.160545,B0D429W5H1,Sasquatch Word Search,3823815,Word Games (Books),19177
2026-04-29 01:20:59.808227,B0D429WWSQ,Sasquatch Word Search,1407100,Unexplained Mysteries (Books),2359
2026-04-29 01:20:59.808229,B0D429WWSQ,Sasquatch Word Search,1407100,Word Search Games,6153
2026-04-29 01:20:59.808230,B0D429WWSQ,Sasquatch Word Search,1407100,Word Games (Books),6884
2026-04-29 01:21:12.412288,B0D22PKCGW,Alien Word Search Large Print,3873012,UFOs (Books),3361
2026-04-29 01:21:12.412289,B0D22PKCGW,Alien Word Search Large Print,3873012,Ancient & Controversial Knowledge,4074
2026-04-29 01:21:12.412290,B0D22PKCGW,Alien Word Search Large Print,3873012,Word Search Games,17941
2026-04-29 01:21:25.396376,B0CTPR6KZ4,Alien Word Search,1324040,UFOs (Books),1482
2026-04-29 01:21:25.396378,B0CTPR6KZ4,Alien Word Search,1324040,Ancient & Controversial Knowledge,1699
2026-04-29 01:21:25.396378,B0CTPR6KZ4,Alien Word Search,1324040,Word Search Games,5823
2026-04-29 01:31:59.992476,B0D3XXZRRC,Witches Word Search,5432916,Witchcraft Religion & Spirituality,6808
2026-04-29 01:31:59.992478,B0D3XXZRRC,Witches Word Search,5432916,Spiritualism,9546
2026-04-29 01:31:59.992479,B0D3XXZRRC,Witches Word Search,5432916,Word Search Games,26428
2026-04-29 01:32:15.390867,B0D3XXY1HV,Witches Word Search Large Print,,,
2026-04-29 01:32:30.607855,B0G43ZNNRX,Weather Word Search Large Print,,,
2026-04-29 01:32:46.052456,B0D97NFBG2,Weather Word Search,1477414,Natural Disasters (Books),519
2026-04-29 01:32:46.052459,B0D97NFBG2,Weather Word Search,1477414,Weather (Books),725
2026-04-29 01:32:46.052459,B0D97NFBG2,Weather Word Search,1477414,Word Search Games,6408
2026-04-29 01:33:01.223511,B0D9B6HKC8,Space Word Search,8885948,Solar System (Books),807
2026-04-29 01:33:01.223513,B0D9B6HKC8,Space Word Search,8885948,Astronomy (Books),10206
2026-04-29 01:33:01.223514,B0D9B6HKC8,Space Word Search,8885948,Word Search Games,45257
2026-04-29 01:33:16.667327,B0D986WRQY,Ocean Word Search,,,
2026-04-29 01:33:31.835681,B0D9D6QJKD,Earth Science Word Search,,,
2026-04-29 01:33:46.877264,B0D9DRYQSH,Animal Word Search,,,
2026-04-29 01:34:01.754343,B0FPDF7GQV,Halloween Word Search,7452659,Holidays (Books),889
2026-04-29 01:34:01.754345,B0FPDF7GQV,Halloween Word Search,7452659,Customs & Traditions Social Sciences,5642
2026-04-29 01:34:01.754346,B0FPDF7GQV,Halloween Word Search,7452659,Ghosts & Hauntings,5868
2026-04-29 01:34:17.363214,B0DXP99LNN,Spring Word Search,5967044,Gardening & Landscape Design,26767
2026-04-29 01:34:17.363217,B0DXP99LNN,Spring Word Search,5967044,Word Search Games,29362
2026-04-29 01:34:17.363217,B0DXP99LNN,Spring Word Search,5967044,Word Games (Books),31388
2026-04-29 01:34:32.516583,B0F61TRMXM,Summer Word Search,,,
2026-04-29 01:34:47.931500,B0DTKGRKC2,Romance Word Search,8011755,Humorous Erotica (Books),22360
2026-04-29 01:34:47.931503,B0DTKGRKC2,Romance Word Search,8011755,Romantic Erotica (Books),36314
2026-04-29 01:34:47.931504,B0DTKGRKC2,Romance Word Search,8011755,Word Search Games,41010
2026-04-29 01:35:03.232922,B0DS5HPJ1M,Alien Adult Activity Book,527666,UFOs (Books),667
2026-04-29 01:35:03.232925,B0DS5HPJ1M,Alien Adult Activity Book,527666,Logic & Brain Teasers (Books),1382
2026-04-29 01:35:03.232925,B0DS5HPJ1M,Alien Adult Activity Book,527666,Puzzles (Books),2704
2026-04-29 01:35:18.419043,B0FJ8TFSZ1,Fall Word Search,6414289,Holidays (Books),772
2026-04-29 01:35:18.419045,B0FJ8TFSZ1,Fall Word Search,6414289,Word Search Games,31987
2026-04-29 01:35:18.419046,B0FJ8TFSZ1,Fall Word Search,6414289,Word Games (Books),34130
2026-04-29 01:35:33.790651,B0G4GQL5TG,Winter Word Search,9178593,Holidays (Books),1068
2026-04-29 01:35:33.790653,B0G4GQL5TG,Winter Word Search,9178593,Word Search Games,47481
2026-04-29 01:35:33.790654,B0G4GQL5TG,Winter Word Search,9178593,Word Games (Books),50147
2026-04-29 01:35:48.975303,B0G5Z47WY7,Christmas Word Search,9178115,Holidays (Books),1067
2026-04-29 01:35:48.975306,B0G5Z47WY7,Christmas Word Search,9178115,Word Search Games,47462
2026-04-29 01:35:48.975307,B0G5Z47WY7,Christmas Word Search,9178115,Word Games (Books),50127
2026-04-29 01:36:04.219313,B0D2HQ2N8G,Cryptids Word Search Large Print,,,
2026-04-29 01:36:19.424427,B0CVNHV3CV,Cryptids Word Search,3638613,Ancient & Controversial Knowledge,3868
2026-04-29 01:36:19.424430,B0CVNHV3CV,Cryptids Word Search,3638613,Unexplained Mysteries (Books),5109
2026-04-29 01:36:19.424430,B0CVNHV3CV,Cryptids Word Search,3638613,Word Search Games,16763
2026-04-29 01:36:34.608201,B0D429W5H1,Sasquatch Word Search,3823815,Unexplained Mysteries (Books),5326
2026-04-29 01:36:34.608204,B0D429W5H1,Sasquatch Word Search,3823815,Word Search Games,17669
2026-04-29 01:36:34.608204,B0D429W5H1,Sasquatch Word Search,3823815,Word Games (Books),19177
2026-04-29 01:36:49.843601,B0D429WWSQ,Sasquatch Word Search,1407100,Unexplained Mysteries (Books),2359
2026-04-29 01:36:49.843604,B0D429WWSQ,Sasquatch Word Search,1407100,Word Search Games,6153
2026-04-29 01:36:49.843604,B0D429WWSQ,Sasquatch Word Search,1407100,Word Games (Books),6884
2026-04-29 01:37:05.487260,B0D22PKCGW,Alien Word Search Large Print,3873012,UFOs (Books),3361
2026-04-29 01:37:05.487262,B0D22PKCGW,Alien Word Search Large Print,3873012,Ancient & Controversial Knowledge,4074
2026-04-29 01:37:05.487263,B0D22PKCGW,Alien Word Search Large Print,3873012,Word Search Games,17941
2026-04-29 01:37:20.699605,B0CTPR6KZ4,Alien Word Search,1324040,UFOs (Books),1482
2026-04-29 01:37:20.699608,B0CTPR6KZ4,Alien Word Search,1324040,Ancient & Controversial Knowledge,1699
2026-04-29 01:37:20.699609,B0CTPR6KZ4,Alien Word Search,1324040,Word Search Games,5823
2026-04-29 17:05:09.270385,B0D3XXZRRC,Witches Word Search,,,
2026-04-29 17:05:25.203500,B0D3XXY1HV,Witches Word Search Large Print,,,
2026-04-29 17:05:40.541056,B0G43ZNNRX,Weather Word Search Large Print,,,
2026-04-29 17:05:56.047723,B0D97NFBG2,Weather Word Search,1538436,Natural Disasters (Books),525
2026-04-29 17:05:56.047728,B0D97NFBG2,Weather Word Search,1538436,Weather (Books),744
2026-04-29 17:05:56.047729,B0D97NFBG2,Weather Word Search,1538436,Word Search Games,6676
2026-04-29 17:06:11.626749,B0D9B6HKC8,Space Word Search,8888520,Solar System (Books),804
2026-04-29 17:06:11.626751,B0D9B6HKC8,Space Word Search,8888520,Astronomy (Books),10202
2026-04-29 17:06:11.626752,B0D9B6HKC8,Space Word Search,8888520,Word Search Games,45141
2026-04-29 17:06:27.124583,B0D986WRQY,Ocean Word Search,,,
2026-04-29 17:06:42.456845,B0D9D6QJKD,Earth Science Word Search,,,
2026-04-29 17:06:57.696543,B0D9DRYQSH,Animal Word Search,,,
2026-04-29 17:07:13.028548,B0FPDF7GQV,Halloween Word Search,7459431,Holidays (Books),889
2026-04-29 17:07:13.028550,B0FPDF7GQV,Halloween Word Search,7459431,Customs & Traditions Social Sciences,5646
2026-04-29 17:07:13.028551,B0FPDF7GQV,Halloween Word Search,7459431,Ghosts & Hauntings,5861
2026-04-29 17:07:28.652174,B0DXP99LNN,Spring Word Search,5968244,Gardening & Landscape Design,26737
2026-04-29 17:07:28.652177,B0DXP99LNN,Spring Word Search,5968244,Word Search Games,29280
2026-04-29 17:07:28.652178,B0DXP99LNN,Spring Word Search,5968244,Word Games (Books),31305
2026-04-29 17:07:43.912373,B0F61TRMXM,Summer Word Search,,,
2026-04-29 17:07:59.368479,B0DTKGRKC2,Romance Word Search,8018546,Humorous Erotica (Books),22366
2026-04-29 17:07:59.368481,B0DTKGRKC2,Romance Word Search,8018546,Romantic Erotica (Books),36324
2026-04-29 17:07:59.368482,B0DTKGRKC2,Romance Word Search,8018546,Word Search Games,40915
2026-04-29 17:08:14.668620,B0DS5HPJ1M,Alien Adult Activity Book,710518,UFOs (Books),811
2026-04-29 17:08:14.668622,B0DS5HPJ1M,Alien Adult Activity Book,710518,Logic & Brain Teasers (Books),1772
2026-04-29 17:08:14.668622,B0DS5HPJ1M,Alien Adult Activity Book,710518,Puzzles (Books),3466
2026-04-29 17:08:30.161915,B0FJ8TFSZ1,Fall Word Search,6416550,Holidays (Books),771
2026-04-29 17:08:30.161917,B0FJ8TFSZ1,Fall Word Search,6416550,Word Search Games,31884
2026-04-29 17:08:30.161917,B0FJ8TFSZ1,Fall Word Search,6416550,Word Games (Books),34029
2026-04-29 17:08:45.786914,B0G4GQL5TG,Winter Word Search,9189470,Holidays (Books),1068
2026-04-29 17:08:45.786917,B0G4GQL5TG,Winter Word Search,9189470,Word Search Games,47398
2026-04-29 17:08:45.786918,B0G4GQL5TG,Winter Word Search,9189470,Word Games (Books),50067
2026-04-29 17:09:01.084447,B0G5Z47WY7,Christmas Word Search,9188993,Holidays (Books),1067
2026-04-29 17:09:01.084449,B0G5Z47WY7,Christmas Word Search,9188993,Word Search Games,47379
2026-04-29 17:09:01.084450,B0G5Z47WY7,Christmas Word Search,9188993,Word Games (Books),50047
2026-04-29 17:09:16.419132,B0D2HQ2N8G,Cryptids Word Search Large Print,,,
2026-04-29 17:09:31.733968,B0CVNHV3CV,Cryptids Word Search,3642950,Ancient & Controversial Knowledge,3856
2026-04-29 17:09:31.733969,B0CVNHV3CV,Cryptids Word Search,3642950,Unexplained Mysteries (Books),5093
2026-04-29 17:09:31.733970,B0CVNHV3CV,Cryptids Word Search,3642950,Word Search Games,16644
2026-04-29 17:09:47.183730,B0D429W5H1,Sasquatch Word Search,3827208,Unexplained Mysteries (Books),5313
2026-04-29 17:09:47.183732,B0D429W5H1,Sasquatch Word Search,3827208,Word Search Games,17574
2026-04-29 17:09:47.183733,B0D429W5H1,Sasquatch Word Search,3827208,Word Games (Books),19079
2026-04-29 17:10:02.481072,B0D429WWSQ,Sasquatch Word Search,1578450,Unexplained Mysteries (Books),2604
2026-04-29 17:10:02.481074,B0D429WWSQ,Sasquatch Word Search,1578450,Word Search Games,6843
2026-04-29 17:10:02.481075,B0D429WWSQ,Sasquatch Word Search,1578450,Word Games (Books),7642
2026-04-29 17:10:17.928365,B0D22PKCGW,Alien Word Search Large Print,3893591,UFOs (Books),3362
2026-04-29 17:10:17.928368,B0D22PKCGW,Alien Word Search Large Print,3893591,Ancient & Controversial Knowledge,4088
2026-04-29 17:10:17.928368,B0D22PKCGW,Alien Word Search Large Print,3893591,Word Search Games,17940
2026-04-29 17:10:33.237276,B0CTPR6KZ4,Alien Word Search,1462606,UFOs (Books),1583
2026-04-29 17:10:33.237278,B0CTPR6KZ4,Alien Word Search,1462606,Ancient & Controversial Knowledge,1846
2026-04-29 17:10:33.237278,B0CTPR6KZ4,Alien Word Search,1462606,Word Search Games,6323
2026-04-29 17:56:26.565703,B0D9JQ33BX,Paranormal Word Search,,,
2026-04-29 17:56:43.756534,B0D1MYMVCC,Haunted Word Search Large Print,,,
2026-04-29 17:57:00.035730,B0CSZDC243,Haunted Word Search,6342688,Ghosts & Hauntings,5350
2026-04-29 17:57:00.035732,B0CSZDC243,Haunted Word Search,6342688,Psychic Phenomena,6786
2026-04-29 17:57:00.035733,B0CSZDC243,Haunted Word Search,6342688,Supernaturalism (Books),8223
2026-04-29 17:57:16.255267,B0D3XXZRRC,Witches Word Search,5499475,Witchcraft Religion & Spirituality,6858
2026-04-29 17:57:16.255274,B0D3XXZRRC,Witches Word Search,5499475,Spiritualism,9618
2026-04-29 17:57:16.255275,B0D3XXZRRC,Witches Word Search,5499475,Word Search Games,26728
2026-04-29 17:57:32.684378,B0D3XXY1HV,Witches Word Search Large Print,,,
2026-04-29 17:57:48.875649,B0G43ZNNRX,Weather Word Search Large Print,,,
2026-04-29 17:58:05.304199,B0D97NFBG2,Weather Word Search,1538436,Natural Disasters (Books),525
2026-04-29 17:58:05.304202,B0D97NFBG2,Weather Word Search,1538436,Weather (Books),744
2026-04-29 17:58:05.304203,B0D97NFBG2,Weather Word Search,1538436,Word Search Games,6676
2026-04-29 17:58:21.743574,B0D9B6HKC8,Space Word Search,8888520,Solar System (Books),804
2026-04-29 17:58:21.743577,B0D9B6HKC8,Space Word Search,8888520,Astronomy (Books),10202
2026-04-29 17:58:21.743578,B0D9B6HKC8,Space Word Search,8888520,Word Search Games,45141
2026-04-29 17:58:38.264003,B0D986WRQY,Ocean Word Search,,,
2026-04-29 17:58:54.692534,B0D9D6QJKD,Earth Science Word Search,,,
2026-04-29 17:59:11.123392,B0D9DRYQSH,Animal Word Search,,,
2026-04-29 17:59:27.434845,B0FPDF7GQV,Halloween Word Search,7459431,Holidays (Books),889
2026-04-29 17:59:27.434848,B0FPDF7GQV,Halloween Word Search,7459431,Customs & Traditions Social Sciences,5646
2026-04-29 17:59:27.434849,B0FPDF7GQV,Halloween Word Search,7459431,Ghosts & Hauntings,5861
2026-04-29 17:59:43.790100,B0DXP99LNN,Spring Word Search,5968244,Gardening & Landscape Design,26737
2026-04-29 17:59:43.790103,B0DXP99LNN,Spring Word Search,5968244,Word Search Games,29280
2026-04-29 17:59:43.790104,B0DXP99LNN,Spring Word Search,5968244,Word Games (Books),31305
2026-04-29 18:00:00.289177,B0F61TRMXM,Summer Word Search,,,
2026-04-29 18:00:16.406758,B0DTKGRKC2,Romance Word Search,8018546,Humorous Erotica (Books),22366
2026-04-29 18:00:16.406761,B0DTKGRKC2,Romance Word Search,8018546,Romantic Erotica (Books),36324
2026-04-29 18:00:16.406762,B0DTKGRKC2,Romance Word Search,8018546,Word Search Games,40915
2026-04-29 18:00:32.728340,B0DS5HPJ1M,Alien Adult Activity Book,710518,UFOs (Books),811
2026-04-29 18:00:32.728342,B0DS5HPJ1M,Alien Adult Activity Book,710518,Logic & Brain Teasers (Books),1772
2026-04-29 18:00:32.728342,B0DS5HPJ1M,Alien Adult Activity Book,710518,Puzzles (Books),3466
2026-04-29 18:00:49.296048,B0FJ8TFSZ1,Fall Word Search,6416550,Holidays (Books),771
2026-04-29 18:00:49.296051,B0FJ8TFSZ1,Fall Word Search,6416550,Word Search Games,31884
2026-04-29 18:00:49.296051,B0FJ8TFSZ1,Fall Word Search,6416550,Word Games (Books),34029
2026-04-29 18:01:05.680453,B0G4GQL5TG,Winter Word Search,9189470,Holidays (Books),1068
2026-04-29 18:01:05.680455,B0G4GQL5TG,Winter Word Search,9189470,Word Search Games,47398
2026-04-29 18:01:05.680456,B0G4GQL5TG,Winter Word Search,9189470,Word Games (Books),50067
2026-04-29 18:01:22.105649,B0G5Z47WY7,Christmas Word Search,9188993,Holidays (Books),1067
2026-04-29 18:01:22.105652,B0G5Z47WY7,Christmas Word Search,9188993,Word Search Games,47379
2026-04-29 18:01:22.105653,B0G5Z47WY7,Christmas Word Search,9188993,Word Games (Books),50047
2026-04-29 18:01:38.735940,B0D2HQ2N8G,Cryptids Word Search Large Print,,,
2026-04-29 18:01:54.986671,B0CVNHV3CV,Cryptids Word Search,3642950,Ancient & Controversial Knowledge,3856
2026-04-29 18:01:54.986673,B0CVNHV3CV,Cryptids Word Search,3642950,Unexplained Mysteries (Books),5093
2026-04-29 18:01:54.986674,B0CVNHV3CV,Cryptids Word Search,3642950,Word Search Games,16644
2026-04-29 18:02:11.247391,B0D429W5H1,Sasquatch Word Search,3827208,Unexplained Mysteries (Books),5313
2026-04-29 18:02:11.247394,B0D429W5H1,Sasquatch Word Search,3827208,Word Search Games,17574
2026-04-29 18:02:11.247395,B0D429W5H1,Sasquatch Word Search,3827208,Word Games (Books),19079
2026-04-29 18:02:27.278091,B0D429WWSQ,Sasquatch Word Search,1578450,Unexplained Mysteries (Books),2604
2026-04-29 18:02:27.278093,B0D429WWSQ,Sasquatch Word Search,1578450,Word Search Games,6843
2026-04-29 18:02:27.278094,B0D429WWSQ,Sasquatch Word Search,1578450,Word Games (Books),7642
2026-04-29 18:02:43.548489,B0D22PKCGW,Alien Word Search Large Print,3893591,UFOs (Books),3362
2026-04-29 18:02:43.548491,B0D22PKCGW,Alien Word Search Large Print,3893591,Ancient & Controversial Knowledge,4088
2026-04-29 18:02:43.548492,B0D22PKCGW,Alien Word Search Large Print,3893591,Word Search Games,17940
2026-04-29 18:03:00.580423,B0CTPR6KZ4,Alien Word Search,1462606,UFOs (Books),1583
2026-04-29 18:03:00.580426,B0CTPR6KZ4,Alien Word Search,1462606,Ancient & Controversial Knowledge,1846
2026-04-29 18:03:00.580427,B0CTPR6KZ4,Alien Word Search,1462606,Word Search Games,6323
2026-04-29 18:40:32.331463,B0D3XXZRRC,Witches Word Search,5499475,Witchcraft Religion & Spirituality,6858
2026-04-29 18:40:32.331465,B0D3XXZRRC,Witches Word Search,5499475,Spiritualism,9618
2026-04-29 18:40:32.331466,B0D3XXZRRC,Witches Word Search,5499475,Word Search Games,26728
2026-04-29 18:40:48.903904,B0D3XXY1HV,Witches Word Search Large Print,,,
2026-04-29 18:41:05.654336,B0G43ZNNRX,Weather Word Search Large Print,,,
2026-04-29 18:41:22.419528,B0D97NFBG2,Weather Word Search,1538436,Natural Disasters (Books),525
2026-04-29 18:41:22.419531,B0D97NFBG2,Weather Word Search,1538436,Weather (Books),744
2026-04-29 18:41:22.419532,B0D97NFBG2,Weather Word Search,1538436,Word Search Games,6676
2026-04-29 18:41:39.328640,B0D9B6HKC8,Space Word Search,8888520,Solar System (Books),804
2026-04-29 18:41:39.328642,B0D9B6HKC8,Space Word Search,8888520,Astronomy (Books),10202
2026-04-29 18:41:39.328643,B0D9B6HKC8,Space Word Search,8888520,Word Search Games,45141
2026-04-29 18:41:55.920987,B0D986WRQY,Ocean Word Search,,,
2026-04-29 18:42:12.194040,B0D9D6QJKD,Earth Science Word Search,,,
2026-04-29 18:42:28.661598,B0D9DRYQSH,Animal Word Search,,,
2026-04-29 18:42:45.207576,B0FPDF7GQV,Halloween Word Search,7459431,Holidays (Books),889
2026-04-29 18:42:45.207580,B0FPDF7GQV,Halloween Word Search,7459431,Customs & Traditions Social Sciences,5646
2026-04-29 18:42:45.207581,B0FPDF7GQV,Halloween Word Search,7459431,Ghosts & Hauntings,5861
2026-04-29 18:43:01.728378,B0DXP99LNN,Spring Word Search,5968202,Gardening & Landscape Design,26764
2026-04-29 18:43:01.728380,B0DXP99LNN,Spring Word Search,5968202,Word Search Games,29340
2026-04-29 18:43:01.728381,B0DXP99LNN,Spring Word Search,5968202,Word Games (Books),31368
2026-04-29 18:43:18.328632,B0F61TRMXM,Summer Word Search,,,
2026-04-29 18:43:35.133661,B0DTKGRKC2,Romance Word Search,8018496,Humorous Erotica (Books),22371
2026-04-29 18:43:35.133663,B0DTKGRKC2,Romance Word Search,8018496,Romantic Erotica (Books),36337
2026-04-29 18:43:35.133664,B0DTKGRKC2,Romance Word Search,8018496,Word Search Games,40979
2026-04-29 18:43:51.674636,B0DS5HPJ1M,Alien Adult Activity Book,710518,UFOs (Books),811
2026-04-29 18:43:51.674639,B0DS5HPJ1M,Alien Adult Activity Book,710518,Logic & Brain Teasers (Books),1772
2026-04-29 18:43:51.674639,B0DS5HPJ1M,Alien Adult Activity Book,710518,Puzzles (Books),3466
2026-04-29 18:44:08.145095,B0FJ8TFSZ1,Fall Word Search,6416504,Holidays (Books),771
2026-04-29 18:44:08.145098,B0FJ8TFSZ1,Fall Word Search,6416504,Word Search Games,31944
2026-04-29 18:44:08.145098,B0FJ8TFSZ1,Fall Word Search,6416504,Word Games (Books),34092
2026-04-29 18:44:24.241498,B0G4GQL5TG,Winter Word Search,9189470,Holidays (Books),1068
2026-04-29 18:44:24.241500,B0G4GQL5TG,Winter Word Search,9189470,Word Search Games,47398
2026-04-29 18:44:24.241501,B0G4GQL5TG,Winter Word Search,9189470,Word Games (Books),50067
2026-04-29 18:44:41.052036,B0G5Z47WY7,Christmas Word Search,9188993,Holidays (Books),1067
2026-04-29 18:44:41.052039,B0G5Z47WY7,Christmas Word Search,9188993,Word Search Games,47379
2026-04-29 18:44:41.052040,B0G5Z47WY7,Christmas Word Search,9188993,Word Games (Books),50047
2026-04-29 18:44:57.882819,B0D2HQ2N8G,Cryptids Word Search Large Print,,,
2026-04-29 18:45:14.560980,B0CVNHV3CV,Cryptids Word Search,3642950,Ancient & Controversial Knowledge,3856
2026-04-29 18:45:14.560984,B0CVNHV3CV,Cryptids Word Search,3642950,Unexplained Mysteries (Books),5093
2026-04-29 18:45:14.560985,B0CVNHV3CV,Cryptids Word Search,3642950,Word Search Games,16644
2026-04-29 18:45:31.158322,B0D429W5H1,Sasquatch Word Search,3827208,Unexplained Mysteries (Books),5313
2026-04-29 18:45:31.158325,B0D429W5H1,Sasquatch Word Search,3827208,Word Search Games,17574
2026-04-29 18:45:31.158325,B0D429W5H1,Sasquatch Word Search,3827208,Word Games (Books),19079
2026-04-29 18:45:47.825646,B0D429WWSQ,Sasquatch Word Search,1578450,Unexplained Mysteries (Books),2604
2026-04-29 18:45:47.825649,B0D429WWSQ,Sasquatch Word Search,1578450,Word Search Games,6843
2026-04-29 18:45:47.825649,B0D429WWSQ,Sasquatch Word Search,1578450,Word Games (Books),7642
2026-04-29 18:46:04.507310,B0D22PKCGW,Alien Word Search Large Print,3893591,UFOs (Books),3362
2026-04-29 18:46:04.507312,B0D22PKCGW,Alien Word Search Large Print,3893591,Ancient & Controversial Knowledge,4088
2026-04-29 18:46:04.507313,B0D22PKCGW,Alien Word Search Large Print,3893591,Word Search Games,17940
2026-04-29 18:46:21.035238,B0CTPR6KZ4,Alien Word Search,1462593,UFOs (Books),1584
2026-04-29 18:46:21.035240,B0CTPR6KZ4,Alien Word Search,1462593,Ancient & Controversial Knowledge,1848
2026-04-29 18:46:21.035240,B0CTPR6KZ4,Alien Word Search,1462593,Word Search Games,6381
2026-04-29 19:54:37.733177,B0D3XXY1HV,Witches Word Search Large Print,,,
2026-04-29 19:54:54.525614,B0G43ZNNRX,Weather Word Search Large Print,,,
2026-04-29 19:55:10.893581,B0D97NFBG2,Weather Word Search,1538424,Natural Disasters (Books),527
2026-04-29 19:55:10.893588,B0D97NFBG2,Weather Word Search,1538424,Weather (Books),760
2026-04-29 19:55:10.893589,B0D97NFBG2,Weather Word Search,1538424,Word Search Games,6734
2026-04-29 19:55:27.240826,B0D9B6HKC8,Space Word Search,8888462,Solar System (Books),805
2026-04-29 19:55:27.240828,B0D9B6HKC8,Space Word Search,8888462,Astronomy (Books),10217
2026-04-29 19:55:27.240829,B0D9B6HKC8,Space Word Search,8888462,Word Search Games,45207
2026-04-29 19:55:43.573507,B0D986WRQY,Ocean Word Search,,,
2026-04-29 19:55:59.806022,B0D9D6QJKD,Earth Science Word Search,,,
2026-04-29 19:56:15.999220,B0D9DRYQSH,Animal Word Search,,,
2026-04-29 19:56:32.308733,B0FPDF7GQV,Halloween Word Search,7459382,Holidays (Books),889
2026-04-29 19:56:32.308735,B0FPDF7GQV,Halloween Word Search,7459382,Customs & Traditions Social Sciences,5651
2026-04-29 19:56:32.308736,B0FPDF7GQV,Halloween Word Search,7459382,Ghosts & Hauntings,5864
2026-04-29 19:56:48.650837,B0DXP99LNN,Spring Word Search,5968202,Gardening & Landscape Design,26764
2026-04-29 19:56:48.650839,B0DXP99LNN,Spring Word Search,5968202,Word Search Games,29340
2026-04-29 19:56:48.650839,B0DXP99LNN,Spring Word Search,5968202,Word Games (Books),31368
2026-04-29 19:57:05.020602,B0F61TRMXM,Summer Word Search,,,
2026-04-29 19:57:21.356377,B0DTKGRKC2,Romance Word Search,8018496,Humorous Erotica (Books),22371
2026-04-29 19:57:21.356380,B0DTKGRKC2,Romance Word Search,8018496,Romantic Erotica (Books),36337
2026-04-29 19:57:21.356380,B0DTKGRKC2,Romance Word Search,8018496,Word Search Games,40979
2026-04-29 19:57:37.688557,B0DS5HPJ1M,Alien Adult Activity Book,710518,UFOs (Books),812
2026-04-29 19:57:37.688559,B0DS5HPJ1M,Alien Adult Activity Book,710518,Logic & Brain Teasers (Books),1796
2026-04-29 19:57:37.688560,B0DS5HPJ1M,Alien Adult Activity Book,710518,Puzzles (Books),3521
2026-04-29 19:57:54.186875,B0FJ8TFSZ1,Fall Word Search,6416504,Holidays (Books),771
2026-04-29 19:57:54.186877,B0FJ8TFSZ1,Fall Word Search,6416504,Word Search Games,31944
2026-04-29 19:57:54.186878,B0FJ8TFSZ1,Fall Word Search,6416504,Word Games (Books),34092
2026-04-29 19:58:10.573915,B0G4GQL5TG,Winter Word Search,9189412,Holidays (Books),1068
2026-04-29 19:58:10.573918,B0G4GQL5TG,Winter Word Search,9189412,Word Search Games,47465
2026-04-29 19:58:10.573919,B0G4GQL5TG,Winter Word Search,9189412,Word Games (Books),50137
2026-04-29 19:58:26.885101,B0G5Z47WY7,Christmas Word Search,9188935,Holidays (Books),1067
2026-04-29 19:58:26.885103,B0G5Z47WY7,Christmas Word Search,9188935,Word Search Games,47446
2026-04-29 19:58:26.885104,B0G5Z47WY7,Christmas Word Search,9188935,Word Games (Books),50117
2026-04-29 19:58:43.010508,B0D2HQ2N8G,Cryptids Word Search Large Print,,,
2026-04-29 19:58:59.358555,B0CVNHV3CV,Cryptids Word Search,3642922,Ancient & Controversial Knowledge,3858
2026-04-29 19:58:59.358557,B0CVNHV3CV,Cryptids Word Search,3642922,Unexplained Mysteries (Books),5093
2026-04-29 19:58:59.358558,B0CVNHV3CV,Cryptids Word Search,3642922,Word Search Games,16702
2026-04-29 19:59:15.841575,B0D429W5H1,Sasquatch Word Search,3827178,Unexplained Mysteries (Books),5313
2026-04-29 19:59:15.841577,B0D429W5H1,Sasquatch Word Search,3827178,Word Search Games,17632
2026-04-29 19:59:15.841578,B0D429W5H1,Sasquatch Word Search,3827178,Word Games (Books),19140
2026-04-29 19:59:32.041678,B0D429WWSQ,Sasquatch Word Search,1578437,Unexplained Mysteries (Books),2604
2026-04-29 19:59:32.041681,B0D429WWSQ,Sasquatch Word Search,1578437,Word Search Games,6901
2026-04-29 19:59:32.041681,B0D429WWSQ,Sasquatch Word Search,1578437,Word Games (Books),7703
2026-04-29 19:59:48.614118,B0D22PKCGW,Alien Word Search Large Print,3893561,UFOs (Books),3363
2026-04-29 19:59:48.614120,B0D22PKCGW,Alien Word Search Large Print,3893561,Ancient & Controversial Knowledge,4090
2026-04-29 19:59:48.614121,B0D22PKCGW,Alien Word Search Large Print,3893561,Word Search Games,17998
2026-04-29 20:00:04.983978,B0CTPR6KZ4,Alien Word Search,1462593,UFOs (Books),1584
2026-04-29 20:00:04.983980,B0CTPR6KZ4,Alien Word Search,1462593,Ancient & Controversial Knowledge,1848
2026-04-29 20:00:04.983981,B0CTPR6KZ4,Alien Word Search,1462593,Word Search Games,6381
2026-04-29 21:21:21.952295,B0D3XXY1HV,Witches Word Search Large Print,,,
2026-04-29 21:21:38.230349,B0G43ZNNRX,Weather Word Search Large Print,,,
2026-04-29 21:21:54.529286,B0D97NFBG2,Weather Word Search,1538432,Natural Disasters (Books),528
2026-04-29 21:21:54.529291,B0D97NFBG2,Weather Word Search,1538432,Weather (Books),760
2026-04-29 21:21:54.529292,B0D97NFBG2,Weather Word Search,1538432,Word Search Games,6734
2026-04-29 21:22:10.793983,B0D9B6HKC8,Space Word Search,8889586,Solar System (Books),805
2026-04-29 21:22:10.793985,B0D9B6HKC8,Space Word Search,8889586,Astronomy (Books),10217
2026-04-29 21:22:10.793986,B0D9B6HKC8,Space Word Search,8889586,Word Search Games,45206
2026-04-29 21:22:27.161833,B0D986WRQY,Ocean Word Search,,,
2026-04-29 21:22:43.396321,B0D9D6QJKD,Earth Science Word Search,,,
2026-04-29 21:22:59.655947,B0D9DRYQSH,Animal Word Search,,,
2026-04-29 21:23:16.069640,B0FPDF7GQV,Halloween Word Search,7459398,Holidays (Books),889
2026-04-29 21:23:16.069644,B0FPDF7GQV,Halloween Word Search,7459398,Customs & Traditions Social Sciences,5651
2026-04-29 21:23:16.069645,B0FPDF7GQV,Halloween Word Search,7459398,Ghosts & Hauntings,5865
2026-04-29 21:23:32.544437,B0DXP99LNN,Spring Word Search,5968218,Gardening & Landscape Design,26765
2026-04-29 21:23:32.544439,B0DXP99LNN,Spring Word Search,5968218,Word Search Games,29340
2026-04-29 21:23:32.544440,B0DXP99LNN,Spring Word Search,5968218,Word Games (Books),31368
2026-04-29 21:23:48.820238,B0F61TRMXM,Summer Word Search,,,
2026-04-29 21:24:05.114608,B0DTKGRKC2,Romance Word Search,8018513,Humorous Erotica (Books),22371
2026-04-29 21:24:05.114610,B0DTKGRKC2,Romance Word Search,8018513,Romantic Erotica (Books),36337
2026-04-29 21:24:05.114611,B0DTKGRKC2,Romance Word Search,8018513,Word Search Games,40979
2026-04-29 21:24:21.244228,B0DS5HPJ1M,Alien Adult Activity Book,710521,UFOs (Books),812
2026-04-29 21:24:21.244229,B0DS5HPJ1M,Alien Adult Activity Book,710521,Logic & Brain Teasers (Books),1796
2026-04-29 21:24:21.244230,B0DS5HPJ1M,Alien Adult Activity Book,710521,Puzzles (Books),3521
2026-04-29 21:24:37.626034,B0FJ8TFSZ1,Fall Word Search,6416519,Holidays (Books),771
2026-04-29 21:24:37.626037,B0FJ8TFSZ1,Fall Word Search,6416519,Word Search Games,31944
2026-04-29 21:24:37.626037,B0FJ8TFSZ1,Fall Word Search,6416519,Word Games (Books),34092
2026-04-29 21:24:53.897448,B0G4GQL5TG,Winter Word Search,9189432,Holidays (Books),1068
2026-04-29 21:24:53.897451,B0G4GQL5TG,Winter Word Search,9189432,Word Search Games,47465
2026-04-29 21:24:53.897452,B0G4GQL5TG,Winter Word Search,9189432,Word Games (Books),50137
2026-04-29 21:25:10.130983,B0G5Z47WY7,Christmas Word Search,9188955,Holidays (Books),1067
2026-04-29 21:25:10.130985,B0G5Z47WY7,Christmas Word Search,9188955,Word Search Games,47446
2026-04-29 21:25:10.130986,B0G5Z47WY7,Christmas Word Search,9188955,Word Games (Books),50117
2026-04-29 21:25:26.322531,B0D2HQ2N8G,Cryptids Word Search Large Print,,,
2026-04-29 21:25:42.654517,B0CVNHV3CV,Cryptids Word Search,3642937,Ancient & Controversial Knowledge,3858
2026-04-29 21:25:42.654519,B0CVNHV3CV,Cryptids Word Search,3642937,Unexplained Mysteries (Books),5094
2026-04-29 21:25:42.654519,B0CVNHV3CV,Cryptids Word Search,3642937,Word Search Games,16702
2026-04-29 21:25:58.777935,B0D429W5H1,Sasquatch Word Search,3827194,Unexplained Mysteries (Books),5314
2026-04-29 21:25:58.777937,B0D429W5H1,Sasquatch Word Search,3827194,Word Search Games,17632
2026-04-29 21:25:58.777938,B0D429W5H1,Sasquatch Word Search,3827194,Word Games (Books),19140
2026-04-29 21:26:14.783945,B0D429WWSQ,Sasquatch Word Search,1578445,Unexplained Mysteries (Books),2604
2026-04-29 21:26:14.783948,B0D429WWSQ,Sasquatch Word Search,1578445,Word Search Games,6901
2026-04-29 21:26:14.783948,B0D429WWSQ,Sasquatch Word Search,1578445,Word Games (Books),7703
2026-04-29 21:26:31.040227,B0D22PKCGW,Alien Word Search Large Print,3893577,UFOs (Books),3363
2026-04-29 21:26:31.040230,B0D22PKCGW,Alien Word Search Large Print,3893577,Ancient & Controversial Knowledge,4090
2026-04-29 21:26:31.040231,B0D22PKCGW,Alien Word Search Large Print,3893577,Word Search Games,17998
2026-04-29 21:26:47.512605,B0CTPR6KZ4,Alien Word Search,1462601,UFOs (Books),1584
2026-04-29 21:26:47.512607,B0CTPR6KZ4,Alien Word Search,1462601,Ancient & Controversial Knowledge,1848
2026-04-29 21:26:47.512608,B0CTPR6KZ4,Alien Word Search,1462601,Word Search Games,6381
2026-04-29 23:06:27.698932,B0CSZDC243,Haunted Word Search,6347093,Ghosts & Hauntings,5354
2026-04-29 23:06:27.698936,B0CSZDC243,Haunted Word Search,6347093,Psychic Phenomena,6790
2026-04-29 23:06:27.698936,B0CSZDC243,Haunted Word Search,6347093,Supernaturalism (Books),8229
2026-04-29 23:06:44.186523,B0D3XXZRRC,Witches Word Search,5504559,Witchcraft Religion & Spirituality,6861
2026-04-29 23:06:44.186529,B0D3XXZRRC,Witches Word Search,5504559,Spiritualism,9628
2026-04-29 23:06:44.186530,B0D3XXZRRC,Witches Word Search,5504559,Word Search Games,26764
2026-04-29 23:07:00.404629,B0D3XXY1HV,Witches Word Search Large Print,,,
2026-04-29 23:07:16.597663,B0G43ZNNRX,Weather Word Search Large Print,,,
2026-04-29 23:07:32.862038,B0D97NFBG2,Weather Word Search,1556446,Natural Disasters (Books),532
2026-04-29 23:07:32.862041,B0D97NFBG2,Weather Word Search,1556446,Weather (Books),770
2026-04-29 23:07:32.862042,B0D97NFBG2,Weather Word Search,1556446,Word Search Games,6786
2026-04-29 23:07:49.108293,B0D9B6HKC8,Space Word Search,8891740,Solar System (Books),803
2026-04-29 23:07:49.108296,B0D9B6HKC8,Space Word Search,8891740,Astronomy (Books),10213
2026-04-29 23:07:49.108296,B0D9B6HKC8,Space Word Search,8891740,Word Search Games,45207
2026-04-29 23:08:05.614726,B0D986WRQY,Ocean Word Search,,,
2026-04-29 23:08:21.979049,B0D9D6QJKD,Earth Science Word Search,,,
2026-04-29 23:08:38.461851,B0D9DRYQSH,Animal Word Search,,,
2026-04-29 23:08:54.625721,B0FPDF7GQV,Halloween Word Search,7463196,Holidays (Books),889
2026-04-29 23:08:54.625724,B0FPDF7GQV,Halloween Word Search,7463196,Customs & Traditions Social Sciences,5655
2026-04-29 23:08:54.625724,B0FPDF7GQV,Halloween Word Search,7463196,Ghosts & Hauntings,5865
2026-04-29 23:09:10.847282,B0DXP99LNN,Spring Word Search,5972895,Gardening & Landscape Design,26780
2026-04-29 23:09:10.847286,B0DXP99LNN,Spring Word Search,5972895,Word Search Games,29345
2026-04-29 23:09:10.847287,B0DXP99LNN,Spring Word Search,5972895,Word Games (Books),31373
2026-04-29 23:09:27.121761,B0F61TRMXM,Summer Word Search,,,
2026-04-29 23:09:43.340136,B0DTKGRKC2,Romance Word Search,8022066,Humorous Erotica (Books),22379
2026-04-29 23:09:43.340139,B0DTKGRKC2,Romance Word Search,8022066,Romantic Erotica (Books),36341
2026-04-29 23:09:43.340140,B0DTKGRKC2,Romance Word Search,8022066,Word Search Games,40979
2026-04-29 23:09:59.655138,B0DS5HPJ1M,Alien Adult Activity Book,744152,UFOs (Books),832
2026-04-29 23:09:59.655141,B0DS5HPJ1M,Alien Adult Activity Book,744152,Logic & Brain Teasers (Books),1853
2026-04-29 23:09:59.655142,B0DS5HPJ1M,Alien Adult Activity Book,744152,Puzzles (Books),3644
2026-04-29 23:10:16.130037,B0FJ8TFSZ1,Fall Word Search,6420881,Holidays (Books),771
2026-04-29 23:10:16.130039,B0FJ8TFSZ1,Fall Word Search,6420881,Word Search Games,31946
2026-04-29 23:10:16.130039,B0FJ8TFSZ1,Fall Word Search,6420881,Word Games (Books),34094
2026-04-29 23:10:32.732089,B0G4GQL5TG,Winter Word Search,9192610,Holidays (Books),1068
2026-04-29 23:10:32.732092,B0G4GQL5TG,Winter Word Search,9192610,Word Search Games,47465
2026-04-29 23:10:32.732092,B0G4GQL5TG,Winter Word Search,9192610,Word Games (Books),50137
2026-04-29 23:10:48.685965,B0G5Z47WY7,Christmas Word Search,9192133,Holidays (Books),1067
2026-04-29 23:10:48.685968,B0G5Z47WY7,Christmas Word Search,9192133,Word Search Games,47446
2026-04-29 23:10:48.685968,B0G5Z47WY7,Christmas Word Search,9192133,Word Games (Books),50117
2026-04-29 23:11:04.812892,B0D2HQ2N8G,Cryptids Word Search Large Print,,,
2026-04-29 23:11:21.103929,B0CVNHV3CV,Cryptids Word Search,3650792,Ancient & Controversial Knowledge,3866
2026-04-29 23:11:21.103932,B0CVNHV3CV,Cryptids Word Search,3650792,Unexplained Mysteries (Books),5103
2026-04-29 23:11:21.103933,B0CVNHV3CV,Cryptids Word Search,3650792,Word Search Games,16714
2026-04-29 23:11:37.198380,B0D429W5H1,Sasquatch Word Search,3834669,Unexplained Mysteries (Books),5321
2026-04-29 23:11:37.198383,B0D429W5H1,Sasquatch Word Search,3834669,Word Search Games,17643
2026-04-29 23:11:37.198384,B0D429W5H1,Sasquatch Word Search,3834669,Word Games (Books),19152
2026-04-29 23:11:53.518313,B0D429WWSQ,Sasquatch Word Search,1596048,Unexplained Mysteries (Books),2626
2026-04-29 23:11:53.518315,B0D429WWSQ,Sasquatch Word Search,1596048,Word Search Games,6952
2026-04-29 23:11:53.518316,B0D429WWSQ,Sasquatch Word Search,1596048,Word Games (Books),7758
2026-04-29 23:12:09.404504,B0D22PKCGW,Alien Word Search Large Print,3900900,UFOs (Books),3366
2026-04-29 23:12:09.404507,B0D22PKCGW,Alien Word Search Large Print,3900900,Ancient & Controversial Knowledge,4097
2026-04-29 23:12:09.404508,B0D22PKCGW,Alien Word Search Large Print,3900900,Word Search Games,18009
2026-04-29 23:12:25.688412,B0CTPR6KZ4,Alien Word Search,1481690,UFOs (Books),1592
2026-04-29 23:12:25.688415,B0CTPR6KZ4,Alien Word Search,1481690,Ancient & Controversial Knowledge,1869
2026-04-29 23:12:25.688415,B0CTPR6KZ4,Alien Word Search,1481690,Word Search Games,6436
2026-04-30 03:55:09.849590,B0D1MYMVCC,Haunted Word Search Large Print,,,
2026-04-30 03:55:26.236932,B0CSZDC243,Haunted Word Search,6348364,Ghosts & Hauntings,5352
2026-04-30 03:55:26.236935,B0CSZDC243,Haunted Word Search,6348364,Psychic Phenomena,6790
2026-04-30 03:55:26.236936,B0CSZDC243,Haunted Word Search,6348364,Supernaturalism (Books),8226
2026-04-30 03:55:42.603527,B0D3XXZRRC,Witches Word Search,5561575,Witchcraft Religion & Spirituality,6895
2026-04-30 03:55:42.603534,B0D3XXZRRC,Witches Word Search,5561575,Spiritualism,9711
2026-04-30 03:55:42.603535,B0D3XXZRRC,Witches Word Search,5561575,Word Search Games,27058
2026-04-30 03:55:58.834139,B0D3XXY1HV,Witches Word Search Large Print,,,
2026-04-30 03:56:15.128983,B0G43ZNNRX,Weather Word Search Large Print,,,
2026-04-30 03:56:31.500568,B0D97NFBG2,Weather Word Search,1557668,Natural Disasters (Books),532
2026-04-30 03:56:31.500570,B0D97NFBG2,Weather Word Search,1557668,Weather (Books),769
2026-04-30 03:56:31.500571,B0D97NFBG2,Weather Word Search,1557668,Word Search Games,6786
2026-04-30 03:56:47.840688,B0D9B6HKC8,Space Word Search,8898196,Solar System (Books),804
2026-04-30 03:56:47.840690,B0D9B6HKC8,Space Word Search,8898196,Astronomy (Books),10216
2026-04-30 03:56:47.840691,B0D9B6HKC8,Space Word Search,8898196,Word Search Games,45215
2026-04-30 03:57:04.176113,B0D986WRQY,Ocean Word Search,,,
2026-04-30 03:57:20.453022,B0D9D6QJKD,Earth Science Word Search,,,
2026-04-30 03:57:36.686415,B0D9DRYQSH,Animal Word Search,,,
2026-04-30 03:57:52.980957,B0FPDF7GQV,Halloween Word Search,7464478,Holidays (Books),889
2026-04-30 03:57:52.980960,B0FPDF7GQV,Halloween Word Search,7464478,Customs & Traditions Social Sciences,5655
2026-04-30 03:57:52.980960,B0FPDF7GQV,Halloween Word Search,7464478,Ghosts & Hauntings,5863
2026-04-30 03:58:09.086031,B0DXP99LNN,Spring Word Search,5963179,Gardening & Landscape Design,26732
2026-04-30 03:58:09.086035,B0DXP99LNN,Spring Word Search,5963179,Word Search Games,29290
2026-04-30 03:58:09.086035,B0DXP99LNN,Spring Word Search,5963179,Word Games (Books),31313
2026-04-30 03:58:25.592304,B0F61TRMXM,Summer Word Search,,,
2026-04-30 03:58:41.852024,B0DTKGRKC2,Romance Word Search,8023364,Humorous Erotica (Books),22377
2026-04-30 03:58:41.852027,B0DTKGRKC2,Romance Word Search,8023364,Romantic Erotica (Books),36343
2026-04-30 03:58:41.852028,B0DTKGRKC2,Romance Word Search,8023364,Word Search Games,40981
2026-04-30 03:58:58.272553,B0DS5HPJ1M,Alien Adult Activity Book,826259,UFOs (Books),914
2026-04-30 03:58:58.272555,B0DS5HPJ1M,Alien Adult Activity Book,826259,Logic & Brain Teasers (Books),2037
2026-04-30 03:58:58.272556,B0DS5HPJ1M,Alien Adult Activity Book,826259,Puzzles (Books),4000
2026-04-30 03:59:14.690842,B0FJ8TFSZ1,Fall Word Search,6415053,Holidays (Books),770
2026-04-30 03:59:14.690845,B0FJ8TFSZ1,Fall Word Search,6415053,Word Search Games,31903
2026-04-30 03:59:14.690845,B0FJ8TFSZ1,Fall Word Search,6415053,Word Games (Books),34050
2026-04-30 03:59:31.089214,B0G4GQL5TG,Winter Word Search,9198954,Holidays (Books),1068
2026-04-30 03:59:31.089216,B0G4GQL5TG,Winter Word Search,9198954,Word Search Games,47473
2026-04-30 03:59:31.089217,B0G4GQL5TG,Winter Word Search,9198954,Word Games (Books),50144
2026-04-30 03:59:47.677219,B0G5Z47WY7,Christmas Word Search,9198477,Holidays (Books),1067
2026-04-30 03:59:47.677222,B0G5Z47WY7,Christmas Word Search,9198477,Word Search Games,47454
2026-04-30 03:59:47.677222,B0G5Z47WY7,Christmas Word Search,9198477,Word Games (Books),50124
2026-04-30 04:00:04.021778,B0D2HQ2N8G,Cryptids Word Search Large Print,,,
2026-04-30 04:00:20.246094,B0CVNHV3CV,Cryptids Word Search,3634640,Ancient & Controversial Knowledge,3845
2026-04-30 04:00:20.246096,B0CVNHV3CV,Cryptids Word Search,3634640,Unexplained Mysteries (Books),5081
2026-04-30 04:00:20.246097,B0CVNHV3CV,Cryptids Word Search,3634640,Word Search Games,16591
2026-04-30 04:00:36.471381,B0D429W5H1,Sasquatch Word Search,3813984,Unexplained Mysteries (Books),5292
2026-04-30 04:00:36.471383,B0D429W5H1,Sasquatch Word Search,3813984,Word Search Games,17525
2026-04-30 04:00:36.471384,B0D429W5H1,Sasquatch Word Search,3813984,Word Games (Books),19031
2026-04-30 04:00:52.760473,B0D429WWSQ,Sasquatch Word Search,1712907,Unexplained Mysteries (Books),2842
2026-04-30 04:00:52.760476,B0D429WWSQ,Sasquatch Word Search,1712907,Word Search Games,7473
2026-04-30 04:00:52.760477,B0D429WWSQ,Sasquatch Word Search,1712907,Word Games (Books),8341
2026-04-30 04:01:09.230701,B0D22PKCGW,Alien Word Search Large Print,3907349,UFOs (Books),3373
2026-04-30 04:01:09.230704,B0D22PKCGW,Alien Word Search Large Print,3907349,Ancient & Controversial Knowledge,4101
2026-04-30 04:01:09.230704,B0D22PKCGW,Alien Word Search Large Print,3907349,Word Search Games,18026
2026-04-30 04:01:25.285171,B0CTPR6KZ4,Alien Word Search,1513290,UFOs (Books),1639
2026-04-30 04:01:25.285174,B0CTPR6KZ4,Alien Word Search,1513290,Ancient & Controversial Knowledge,1896
2026-04-30 04:01:25.285175,B0CTPR6KZ4,Alien Word Search,1513290,Word Search Games,6626
2026-04-30 06:51:38.902645,B0FPDF7GQV,Halloween Word Search,7456964,Holidays (Books),889
2026-04-30 06:51:38.902649,B0FPDF7GQV,Halloween Word Search,7456964,Customs & Traditions Social Sciences,5648
2026-04-30 06:51:38.902650,B0FPDF7GQV,Halloween Word Search,7456964,Ghosts & Hauntings,5860
2026-04-30 06:51:55.354099,B0DXP99LNN,Spring Word Search,5963321,Gardening & Landscape Design,26727
2026-04-30 06:51:55.354102,B0DXP99LNN,Spring Word Search,5963321,Word Search Games,29280
2026-04-30 06:51:55.354103,B0DXP99LNN,Spring Word Search,5963321,Word Games (Books),31302
2026-04-30 06:52:11.471557,B0F61TRMXM,Summer Word Search,,,
2026-04-30 06:52:27.417478,B0DTKGRKC2,Romance Word Search,8022340,Humorous Erotica (Books),22381
2026-04-30 06:52:27.417481,B0DTKGRKC2,Romance Word Search,8022340,Romantic Erotica (Books),36352
2026-04-30 06:52:27.417482,B0DTKGRKC2,Romance Word Search,8022340,Word Search Games,40938
2026-04-30 06:52:43.822415,B0DS5HPJ1M,Alien Adult Activity Book,826277,UFOs (Books),914
2026-04-30 06:52:43.822418,B0DS5HPJ1M,Alien Adult Activity Book,826277,Logic & Brain Teasers (Books),2037
2026-04-30 06:52:43.822419,B0DS5HPJ1M,Alien Adult Activity Book,826277,Puzzles (Books),3996
2026-04-30 06:53:00.403508,B0FJ8TFSZ1,Fall Word Search,6415191,Holidays (Books),770
2026-04-30 06:53:00.403511,B0FJ8TFSZ1,Fall Word Search,6415191,Word Search Games,31893
2026-04-30 06:53:00.403511,B0FJ8TFSZ1,Fall Word Search,6415191,Word Games (Books),34039
2026-04-30 06:53:16.785790,B0G4GQL5TG,Winter Word Search,9199100,Holidays (Books),1068
2026-04-30 06:53:16.785792,B0G4GQL5TG,Winter Word Search,9199100,Word Search Games,47457
2026-04-30 06:53:16.785793,B0G4GQL5TG,Winter Word Search,9199100,Word Games (Books),50127
2026-04-30 06:53:33.024781,B0G5Z47WY7,Christmas Word Search,9198623,Holidays (Books),1067
2026-04-30 06:53:33.024783,B0G5Z47WY7,Christmas Word Search,9198623,Word Search Games,47438
2026-04-30 06:53:33.024784,B0G5Z47WY7,Christmas Word Search,9198623,Word Games (Books),50107
2026-04-30 06:53:49.314452,B0D2HQ2N8G,Cryptids Word Search Large Print,,,
2026-04-30 06:54:05.644094,B0CVNHV3CV,Cryptids Word Search,3634763,Ancient & Controversial Knowledge,3845
2026-04-30 06:54:05.644097,B0CVNHV3CV,Cryptids Word Search,3634763,Unexplained Mysteries (Books),5081
2026-04-30 06:54:05.644098,B0CVNHV3CV,Cryptids Word Search,3634763,Word Search Games,16584
2026-04-30 06:54:21.846977,B0D429W5H1,Sasquatch Word Search,3814113,Unexplained Mysteries (Books),5292
2026-04-30 06:54:21.846979,B0D429W5H1,Sasquatch Word Search,3814113,Word Search Games,17517
2026-04-30 06:54:21.846980,B0D429W5H1,Sasquatch Word Search,3814113,Word Games (Books),19022
2026-04-30 06:54:38.152128,B0D429WWSQ,Sasquatch Word Search,1712948,Unexplained Mysteries (Books),2842
2026-04-30 06:54:38.152134,B0D429WWSQ,Sasquatch Word Search,1712948,Word Search Games,7472
2026-04-30 06:54:38.152135,B0D429WWSQ,Sasquatch Word Search,1712948,Word Games (Books),8340
2026-04-30 06:54:54.425561,B0D22PKCGW,Alien Word Search Large Print,3907527,UFOs (Books),3374
2026-04-30 06:54:54.425566,B0D22PKCGW,Alien Word Search Large Print,3907527,Ancient & Controversial Knowledge,4101
2026-04-30 06:54:54.425567,B0D22PKCGW,Alien Word Search Large Print,3907527,Word Search Games,18018
2026-04-30 06:55:10.819914,B0CTPR6KZ4,Alien Word Search,1513324,UFOs (Books),1640
2026-04-30 06:55:10.819917,B0CTPR6KZ4,Alien Word Search,1513324,Ancient & Controversial Knowledge,1896
2026-04-30 06:55:10.819918,B0CTPR6KZ4,Alien Word Search,1513324,Word Search Games,6625
2026-04-30 09:23:54.074584,B0D9JQ33BX,Paranormal Word Search,,,
2026-04-30 09:24:11.037728,B0D1MYMVCC,Haunted Word Search Large Print,,,
2026-04-30 09:24:27.582177,B0CSZDC243,Haunted Word Search,6342267,Ghosts & Hauntings,5348
2026-04-30 09:24:27.582182,B0CSZDC243,Haunted Word Search,6342267,Psychic Phenomena,6784
2026-04-30 09:24:27.582183,B0CSZDC243,Haunted Word Search,6342267,Supernaturalism (Books),8221
2026-04-30 09:24:44.138334,B0D3XXZRRC,Witches Word Search,5562864,Witchcraft Religion & Spirituality,6896
2026-04-30 09:24:44.138342,B0D3XXZRRC,Witches Word Search,5562864,Spiritualism,9710
2026-04-30 09:24:44.138343,B0D3XXZRRC,Witches Word Search,5562864,Word Search Games,27038
2026-04-30 09:25:00.851610,B0D3XXY1HV,Witches Word Search Large Print,,,
2026-04-30 09:25:17.403573,B0G43ZNNRX,Weather Word Search Large Print,,,
2026-04-30 09:25:33.759399,B0D97NFBG2,Weather Word Search,1600646,Natural Disasters (Books),541
2026-04-30 09:25:33.759402,B0D97NFBG2,Weather Word Search,1600646,Weather (Books),784
2026-04-30 09:25:33.759403,B0D97NFBG2,Weather Word Search,1600646,Word Search Games,6959
2026-04-30 09:25:50.454065,B0D9B6HKC8,Space Word Search,8899527,Solar System (Books),806
2026-04-30 09:25:50.454068,B0D9B6HKC8,Space Word Search,8899527,Astronomy (Books),10229
2026-04-30 09:25:50.454068,B0D9B6HKC8,Space Word Search,8899527,Word Search Games,45170
2026-04-30 09:26:07.003443,B0D986WRQY,Ocean Word Search,,,
2026-04-30 09:26:23.657223,B0D9D6QJKD,Earth Science Word Search,,,
2026-04-30 09:26:40.014339,B0D9DRYQSH,Animal Word Search,,,
2026-04-30 09:26:56.390928,B0FPDF7GQV,Halloween Word Search,7458140,Holidays (Books),889
2026-04-30 09:26:56.390932,B0FPDF7GQV,Halloween Word Search,7458140,Customs & Traditions Social Sciences,5647
2026-04-30 09:26:56.390933,B0FPDF7GQV,Halloween Word Search,7458140,Ghosts & Hauntings,5859
2026-04-30 09:27:12.842359,B0DXP99LNN,Spring Word Search,5964476,Gardening & Landscape Design,26728
2026-04-30 09:27:12.842362,B0DXP99LNN,Spring Word Search,5964476,Word Search Games,29268
2026-04-30 09:27:12.842362,B0DXP99LNN,Spring Word Search,5964476,Word Games (Books),31290
2026-04-30 09:27:29.284774,B0F61TRMXM,Summer Word Search,,,
2026-04-30 09:27:45.542844,B0DTKGRKC2,Romance Word Search,8023515,Humorous Erotica (Books),22381
2026-04-30 09:27:45.542848,B0DTKGRKC2,Romance Word Search,8023515,Romantic Erotica (Books),36353
2026-04-30 09:27:45.542849,B0DTKGRKC2,Romance Word Search,8023515,Word Search Games,40915
2026-04-30 09:28:01.939070,B0DS5HPJ1M,Alien Adult Activity Book,827379,UFOs (Books),915
2026-04-30 09:28:01.939073,B0DS5HPJ1M,Alien Adult Activity Book,827379,Logic & Brain Teasers (Books),2039
2026-04-30 09:28:01.939074,B0DS5HPJ1M,Alien Adult Activity Book,827379,Puzzles (Books),3998
2026-04-30 09:28:18.547461,B0FJ8TFSZ1,Fall Word Search,6416358,Holidays (Books),770
2026-04-30 09:28:18.547463,B0FJ8TFSZ1,Fall Word Search,6416358,Word Search Games,31880
2026-04-30 09:28:18.547464,B0FJ8TFSZ1,Fall Word Search,6416358,Word Games (Books),34026
2026-04-30 09:28:35.040701,B0G4GQL5TG,Winter Word Search,9200705,Holidays (Books),1068
2026-04-30 09:28:35.040705,B0G4GQL5TG,Winter Word Search,9200705,Word Search Games,47412
2026-04-30 09:28:35.040706,B0G4GQL5TG,Winter Word Search,9200705,Word Games (Books),50083
2026-04-30 09:28:51.589753,B0G5Z47WY7,Christmas Word Search,9199812,Holidays (Books),1067
2026-04-30 09:28:51.589755,B0G5Z47WY7,Christmas Word Search,9199812,Word Search Games,47408
2026-04-30 09:28:51.589756,B0G5Z47WY7,Christmas Word Search,9199812,Word Games (Books),50077
2026-04-30 09:29:08.057487,B0D2HQ2N8G,Cryptids Word Search Large Print,,,
2026-04-30 09:29:24.427873,B0CVNHV3CV,Cryptids Word Search,3636312,Ancient & Controversial Knowledge,3846
2026-04-30 09:29:24.427876,B0CVNHV3CV,Cryptids Word Search,3636312,Unexplained Mysteries (Books),5081
2026-04-30 09:29:24.427876,B0CVNHV3CV,Cryptids Word Search,3636312,Word Search Games,16582
2026-04-30 09:29:40.823350,B0D429W5H1,Sasquatch Word Search,3815249,Unexplained Mysteries (Books),5292
2026-04-30 09:29:40.823354,B0D429W5H1,Sasquatch Word Search,3815249,Word Search Games,17512
2026-04-30 09:29:40.823355,B0D429W5H1,Sasquatch Word Search,3815249,Word Games (Books),19017
2026-04-30 09:29:57.331997,B0D429WWSQ,Sasquatch Word Search,1714065,Unexplained Mysteries (Books),2842
2026-04-30 09:29:57.332001,B0D429WWSQ,Sasquatch Word Search,1714065,Word Search Games,7472
2026-04-30 09:29:57.332002,B0D429WWSQ,Sasquatch Word Search,1714065,Word Games (Books),8340
2026-04-30 09:30:13.715335,B0D22PKCGW,Alien Word Search Large Print,3908617,UFOs (Books),3375
2026-04-30 09:30:13.715337,B0D22PKCGW,Alien Word Search Large Print,3908617,Ancient & Controversial Knowledge,4101
2026-04-30 09:30:13.715338,B0D22PKCGW,Alien Word Search Large Print,3908617,Word Search Games,18013
2026-04-30 09:30:30.422740,B0CTPR6KZ4,Alien Word Search,1514440,UFOs (Books),1641
2026-04-30 09:30:30.422746,B0CTPR6KZ4,Alien Word Search,1514440,Ancient & Controversial Knowledge,1896
2026-04-30 09:30:30.422747,B0CTPR6KZ4,Alien Word Search,1514440,Word Search Games,6626
2026-04-30 11:46:38.643988,B0D9JQ33BX,Paranormal Word Search,,,
2026-04-30 11:46:55.803061,B0D1MYMVCC,Haunted Word Search Large Print,,,
2026-04-30 11:47:12.083390,B0CSZDC243,Haunted Word Search,6345789,Ghosts & Hauntings,5344
2026-04-30 11:47:12.083393,B0CSZDC243,Haunted Word Search,6345789,Psychic Phenomena,6783
2026-04-30 11:47:12.083394,B0CSZDC243,Haunted Word Search,6345789,Supernaturalism (Books),8220
2026-04-30 11:47:28.422734,B0D3XXZRRC,Witches Word Search,5567760,Witchcraft Religion & Spirituality,6896
2026-04-30 11:47:28.422741,B0D3XXZRRC,Witches Word Search,5567760,Spiritualism,9718
2026-04-30 11:47:28.422743,B0D3XXZRRC,Witches Word Search,5567760,Word Search Games,27042
2026-04-30 11:47:44.816978,B0D3XXY1HV,Witches Word Search Large Print,,,
2026-04-30 11:48:00.953645,B0G43ZNNRX,Weather Word Search Large Print,,,
2026-04-30 11:48:17.201410,B0D97NFBG2,Weather Word Search,1627755,Natural Disasters (Books),546
2026-04-30 11:48:17.201413,B0D97NFBG2,Weather Word Search,1627755,Weather (Books),797
2026-04-30 11:48:17.201414,B0D97NFBG2,Weather Word Search,1627755,Word Search Games,7090
2026-04-30 11:48:33.597403,B0D9B6HKC8,Space Word Search,8899847,Solar System (Books),807
2026-04-30 11:48:33.597406,B0D9B6HKC8,Space Word Search,8899847,Astronomy (Books),10227
2026-04-30 11:48:33.597406,B0D9B6HKC8,Space Word Search,8899847,Word Search Games,45151
2026-04-30 11:48:49.890723,B0D986WRQY,Ocean Word Search,,,
2026-04-30 11:49:05.995622,B0D9D6QJKD,Earth Science Word Search,,,
2026-04-30 11:49:22.220866,B0D9DRYQSH,Animal Word Search,,,
2026-04-30 11:49:38.456861,B0FPDF7GQV,Halloween Word Search,7460170,Holidays (Books),889
2026-04-30 11:49:38.456864,B0FPDF7GQV,Halloween Word Search,7460170,Customs & Traditions Social Sciences,5648
2026-04-30 11:49:38.456864,B0FPDF7GQV,Halloween Word Search,7460170,Ghosts & Hauntings,5858
2026-04-30 11:49:54.685983,B0DXP99LNN,Spring Word Search,5968568,Gardening & Landscape Design,26735
2026-04-30 11:49:54.685985,B0DXP99LNN,Spring Word Search,5968568,Word Search Games,29271
2026-04-30 11:49:54.685986,B0DXP99LNN,Spring Word Search,5968568,Word Games (Books),31295
2026-04-30 11:50:11.001591,B0F61TRMXM,Summer Word Search,,,
2026-04-30 11:50:27.263344,B0DTKGRKC2,Romance Word Search,8024936,Humorous Erotica (Books),22377
2026-04-30 11:50:27.263346,B0DTKGRKC2,Romance Word Search,8024936,Romantic Erotica (Books),36387
2026-04-30 11:50:27.263347,B0DTKGRKC2,Romance Word Search,8024936,Word Search Games,40894
2026-04-30 11:50:43.655648,B0DS5HPJ1M,Alien Adult Activity Book,876776,UFOs (Books),979
2026-04-30 11:50:43.655650,B0DS5HPJ1M,Alien Adult Activity Book,876776,Logic & Brain Teasers (Books),2151
2026-04-30 11:50:43.655651,B0DS5HPJ1M,Alien Adult Activity Book,876776,Puzzles (Books),4238
2026-04-30 11:50:59.913844,B0FJ8TFSZ1,Fall Word Search,6419688,Holidays (Books),770
2026-04-30 11:50:59.913846,B0FJ8TFSZ1,Fall Word Search,6419688,Word Search Games,31879
2026-04-30 11:50:59.913847,B0FJ8TFSZ1,Fall Word Search,6419688,Word Games (Books),34026
2026-04-30 11:51:16.116820,B0G4GQL5TG,Winter Word Search,9200463,Holidays (Books),1068
2026-04-30 11:51:16.116823,B0G4GQL5TG,Winter Word Search,9200463,Word Search Games,47403
2026-04-30 11:51:16.116824,B0G4GQL5TG,Winter Word Search,9200463,Word Games (Books),50075
2026-04-30 11:51:32.380883,B0G5Z47WY7,Christmas Word Search,9199986,Holidays (Books),1067
2026-04-30 11:51:32.380886,B0G5Z47WY7,Christmas Word Search,9199986,Word Search Games,47384
2026-04-30 11:51:32.380887,B0G5Z47WY7,Christmas Word Search,9199986,Word Games (Books),50055
2026-04-30 11:51:48.541285,B0D2HQ2N8G,Cryptids Word Search Large Print,,,
2026-04-30 11:52:04.814549,B0CVNHV3CV,Cryptids Word Search,3646556,Ancient & Controversial Knowledge,3854
2026-04-30 11:52:04.814552,B0CVNHV3CV,Cryptids Word Search,3646556,Unexplained Mysteries (Books),5095
2026-04-30 11:52:04.814552,B0CVNHV3CV,Cryptids Word Search,3646556,Word Search Games,16613
2026-04-30 11:52:21.067663,B0D429W5H1,Sasquatch Word Search,3825098,Unexplained Mysteries (Books),5305
2026-04-30 11:52:21.067666,B0D429W5H1,Sasquatch Word Search,3825098,Word Search Games,17538
2026-04-30 11:52:21.067667,B0D429W5H1,Sasquatch Word Search,3825098,Word Games (Books),19049
2026-04-30 11:52:37.225920,B0D429WWSQ,Sasquatch Word Search,1739001,Unexplained Mysteries (Books),2886
2026-04-30 11:52:37.225922,B0D429WWSQ,Sasquatch Word Search,1739001,Word Search Games,7592
2026-04-30 11:52:37.225923,B0D429WWSQ,Sasquatch Word Search,1739001,Word Games (Books),8468
2026-04-30 11:52:53.515941,B0D22PKCGW,Alien Word Search Large Print,3918120,UFOs (Books),3378
2026-04-30 11:52:53.515944,B0D22PKCGW,Alien Word Search Large Print,3918120,Ancient & Controversial Knowledge,4108
2026-04-30 11:52:53.515945,B0D22PKCGW,Alien Word Search Large Print,3918120,Word Search Games,18044
2026-04-30 11:53:09.822999,B0CTPR6KZ4,Alien Word Search,1542675,UFOs (Books),1675
2026-04-30 11:53:09.823001,B0CTPR6KZ4,Alien Word Search,1542675,Ancient & Controversial Knowledge,1922
2026-04-30 11:53:09.823002,B0CTPR6KZ4,Alien Word Search,1542675,Word Search Games,6763
2026-04-30 14:24:22.024820,B0D3XXY1HV,Witches Word Search Large Print,,,
2026-04-30 14:24:38.776172,B0G43ZNNRX,Weather Word Search Large Print,,,
2026-04-30 14:24:55.397342,B0D97NFBG2,Weather Word Search,1627643,Natural Disasters (Books),546
2026-04-30 14:24:55.397347,B0D97NFBG2,Weather Word Search,1627643,Weather (Books),797
2026-04-30 14:24:55.397348,B0D97NFBG2,Weather Word Search,1627643,Word Search Games,7090
2026-04-30 14:25:11.795675,B0D9B6HKC8,Space Word Search,8898735,Solar System (Books),807
2026-04-30 14:25:11.795677,B0D9B6HKC8,Space Word Search,8898735,Astronomy (Books),10227
2026-04-30 14:25:11.795678,B0D9B6HKC8,Space Word Search,8898735,Word Search Games,45150
2026-04-30 14:25:28.247204,B0D986WRQY,Ocean Word Search,,,
2026-04-30 14:25:44.546887,B0D9D6QJKD,Earth Science Word Search,,,
2026-04-30 14:26:01.024311,B0D9DRYQSH,Animal Word Search,,,
2026-04-30 14:26:17.549699,B0FPDF7GQV,Halloween Word Search,7459280,Holidays (Books),889
2026-04-30 14:26:17.549701,B0FPDF7GQV,Halloween Word Search,7459280,Customs & Traditions Social Sciences,5648
2026-04-30 14:26:17.549701,B0FPDF7GQV,Halloween Word Search,7459280,Ghosts & Hauntings,5857
2026-04-30 14:26:34.283637,B0DXP99LNN,Spring Word Search,5967909,Gardening & Landscape Design,26735
2026-04-30 14:26:34.283639,B0DXP99LNN,Spring Word Search,5967909,Word Search Games,29270
2026-04-30 14:26:34.283639,B0DXP99LNN,Spring Word Search,5967909,Word Games (Books),31294
2026-04-30 14:26:50.896097,B0F61TRMXM,Summer Word Search,,,
2026-04-30 14:27:07.428589,B0DTKGRKC2,Romance Word Search,8023963,Humorous Erotica (Books),22376
2026-04-30 14:27:07.428591,B0DTKGRKC2,Romance Word Search,8023963,Romantic Erotica (Books),36380
2026-04-30 14:27:07.428591,B0DTKGRKC2,Romance Word Search,8023963,Word Search Games,40893
2026-04-30 14:27:37.637480,B0DS5HPJ1M,Alien Adult Activity Book,876731,UFOs (Books),979
2026-04-30 14:27:37.637482,B0DS5HPJ1M,Alien Adult Activity Book,876731,Logic & Brain Teasers (Books),2150
2026-04-30 14:27:37.637483,B0DS5HPJ1M,Alien Adult Activity Book,876731,Puzzles (Books),4237
2026-04-30 14:27:54.232778,B0FJ8TFSZ1,Fall Word Search,6418957,Holidays (Books),770
2026-04-30 14:27:54.232780,B0FJ8TFSZ1,Fall Word Search,6418957,Word Search Games,31878
2026-04-30 14:27:54.232780,B0FJ8TFSZ1,Fall Word Search,6418957,Word Games (Books),34025
2026-04-30 14:28:10.862536,B0G4GQL5TG,Winter Word Search,9199295,Holidays (Books),1068
2026-04-30 14:28:10.862538,B0G4GQL5TG,Winter Word Search,9199295,Word Search Games,47402
2026-04-30 14:28:10.862538,B0G4GQL5TG,Winter Word Search,9199295,Word Games (Books),50074
2026-04-30 14:28:27.505259,B0G5Z47WY7,Christmas Word Search,9198818,Holidays (Books),1067
2026-04-30 14:28:27.505261,B0G5Z47WY7,Christmas Word Search,9198818,Word Search Games,47383
2026-04-30 14:28:27.505262,B0G5Z47WY7,Christmas Word Search,9198818,Word Games (Books),50054
2026-04-30 14:28:43.698199,B0D2HQ2N8G,Cryptids Word Search Large Print,,,
2026-04-30 14:29:00.250199,B0CVNHV3CV,Cryptids Word Search,3646220,Ancient & Controversial Knowledge,3854
2026-04-30 14:29:00.250201,B0CVNHV3CV,Cryptids Word Search,3646220,Unexplained Mysteries (Books),5092
2026-04-30 14:29:00.250202,B0CVNHV3CV,Cryptids Word Search,3646220,Word Search Games,16612
2026-04-30 14:29:16.467000,B0D429W5H1,Sasquatch Word Search,3824737,Unexplained Mysteries (Books),5303
2026-04-30 14:29:16.467004,B0D429W5H1,Sasquatch Word Search,3824737,Word Search Games,17537
2026-04-30 14:29:16.467005,B0D429W5H1,Sasquatch Word Search,3824737,Word Games (Books),19048
2026-04-30 14:29:33.128494,B0D429WWSQ,Sasquatch Word Search,1738883,Unexplained Mysteries (Books),2885
2026-04-30 14:29:33.128496,B0D429WWSQ,Sasquatch Word Search,1738883,Word Search Games,7592
2026-04-30 14:29:33.128497,B0D429WWSQ,Sasquatch Word Search,1738883,Word Games (Books),8468
2026-04-30 14:29:49.458931,B0D22PKCGW,Alien Word Search Large Print,3917749,UFOs (Books),3378
2026-04-30 14:29:49.458933,B0D22PKCGW,Alien Word Search Large Print,3917749,Ancient & Controversial Knowledge,4108
2026-04-30 14:29:49.458934,B0D22PKCGW,Alien Word Search Large Print,3917749,Word Search Games,18043
2026-04-30 14:30:05.403512,B0CTPR6KZ4,Alien Word Search,1542567,UFOs (Books),1675
2026-04-30 14:30:05.403515,B0CTPR6KZ4,Alien Word Search,1542567,Ancient & Controversial Knowledge,1922
2026-04-30 14:30:05.403515,B0CTPR6KZ4,Alien Word Search,1542567,Word Search Games,6763
2026-04-30 16:32:53.100953,B0D3XXY1HV,Witches Word Search Large Print,,,
2026-04-30 16:33:09.627904,B0G43ZNNRX,Weather Word Search Large Print,,,
2026-04-30 16:33:26.154454,B0D97NFBG2,Weather Word Search,1639804,Natural Disasters (Books),546
2026-04-30 16:33:26.154460,B0D97NFBG2,Weather Word Search,1639804,Weather (Books),802
2026-04-30 16:33:26.154461,B0D97NFBG2,Weather Word Search,1639804,Word Search Games,7147
2026-04-30 16:33:42.559970,B0D9B6HKC8,Space Word Search,8901235,Solar System (Books),808
2026-04-30 16:33:42.559974,B0D9B6HKC8,Space Word Search,8901235,Astronomy (Books),10225
2026-04-30 16:33:42.559975,B0D9B6HKC8,Space Word Search,8901235,Word Search Games,45164
2026-04-30 16:33:59.280895,B0D986WRQY,Ocean Word Search,,,
2026-04-30 16:34:15.875994,B0D9D6QJKD,Earth Science Word Search,,,
2026-04-30 16:34:32.371351,B0D9DRYQSH,Animal Word Search,,,
2026-04-30 16:34:48.809456,B0FPDF7GQV,Halloween Word Search,7462180,Holidays (Books),890
2026-04-30 16:34:48.809461,B0FPDF7GQV,Halloween Word Search,7462180,Customs & Traditions Social Sciences,5650
2026-04-30 16:34:48.809462,B0FPDF7GQV,Halloween Word Search,7462180,Ghosts & Hauntings,5862
2026-04-30 16:35:05.185443,B0DXP99LNN,Spring Word Search,5971448,Gardening & Landscape Design,26746
2026-04-30 16:35:05.185448,B0DXP99LNN,Spring Word Search,5971448,Word Search Games,29285
2026-04-30 16:35:05.185448,B0DXP99LNN,Spring Word Search,5971448,Word Games (Books),31304
2026-04-30 16:35:21.704356,B0F61TRMXM,Summer Word Search,,,
2026-04-30 16:35:38.300157,B0DTKGRKC2,Romance Word Search,8026696,Humorous Erotica (Books),22383
2026-04-30 16:35:38.300161,B0DTKGRKC2,Romance Word Search,8026696,Romantic Erotica (Books),36383
2026-04-30 16:35:38.300161,B0DTKGRKC2,Romance Word Search,8026696,Word Search Games,40907
2026-04-30 16:35:54.948278,B0DS5HPJ1M,Alien Adult Activity Book,897495,UFOs (Books),1000
2026-04-30 16:35:54.948283,B0DS5HPJ1M,Alien Adult Activity Book,897495,Logic & Brain Teasers (Books),2177
2026-04-30 16:35:54.948284,B0DS5HPJ1M,Alien Adult Activity Book,897495,Puzzles (Books),4325
2026-04-30 16:36:11.628426,B0FJ8TFSZ1,Fall Word Search,6422272,Holidays (Books),771
2026-04-30 16:36:11.628432,B0FJ8TFSZ1,Fall Word Search,6422272,Word Search Games,31893
2026-04-30 16:36:11.628432,B0FJ8TFSZ1,Fall Word Search,6422272,Word Games (Books),34035
2026-04-30 16:36:28.419885,B0G4GQL5TG,Winter Word Search,9201732,Holidays (Books),1069
2026-04-30 16:36:28.419889,B0G4GQL5TG,Winter Word Search,9201732,Word Search Games,47416
2026-04-30 16:36:28.419890,B0G4GQL5TG,Winter Word Search,9201732,Word Games (Books),50083
2026-04-30 16:36:45.104034,B0G5Z47WY7,Christmas Word Search,9201255,Holidays (Books),1068
2026-04-30 16:36:45.104037,B0G5Z47WY7,Christmas Word Search,9201255,Word Search Games,47397
2026-04-30 16:36:45.104038,B0G5Z47WY7,Christmas Word Search,9201255,Word Games (Books),50063
2026-04-30 16:37:01.673566,B0D2HQ2N8G,Cryptids Word Search Large Print,,,
2026-04-30 16:37:18.258780,B0CVNHV3CV,Cryptids Word Search,3651967,Ancient & Controversial Knowledge,3854
2026-04-30 16:37:18.258786,B0CVNHV3CV,Cryptids Word Search,3651967,Unexplained Mysteries (Books),5090
2026-04-30 16:37:18.258787,B0CVNHV3CV,Cryptids Word Search,3651967,Word Search Games,16639
2026-04-30 16:37:34.645230,B0D429W5H1,Sasquatch Word Search,3830181,Unexplained Mysteries (Books),5301
2026-04-30 16:37:34.645233,B0D429W5H1,Sasquatch Word Search,3830181,Word Search Games,17564
2026-04-30 16:37:34.645233,B0D429W5H1,Sasquatch Word Search,3830181,Word Games (Books),19068
2026-04-30 16:37:51.256438,B0D429WWSQ,Sasquatch Word Search,1750162,Unexplained Mysteries (Books),2896
2026-04-30 16:37:51.256441,B0D429WWSQ,Sasquatch Word Search,1750162,Word Search Games,7644
2026-04-30 16:37:51.256442,B0D429WWSQ,Sasquatch Word Search,1750162,Word Games (Books),8512
2026-04-30 16:38:07.957927,B0D22PKCGW,Alien Word Search Large Print,3923077,UFOs (Books),3379
2026-04-30 16:38:07.957931,B0D22PKCGW,Alien Word Search Large Print,3923077,Ancient & Controversial Knowledge,4107
2026-04-30 16:38:07.957932,B0D22PKCGW,Alien Word Search Large Print,3923077,Word Search Games,18070
2026-04-30 16:38:24.587305,B0CTPR6KZ4,Alien Word Search,1555165,UFOs (Books),1686
2026-04-30 16:38:24.587310,B0CTPR6KZ4,Alien Word Search,1555165,Ancient & Controversial Knowledge,1930
2026-04-30 16:38:24.587310,B0CTPR6KZ4,Alien Word Search,1555165,Word Search Games,6824
2026-04-30 18:18:33.891738,B0D9JQ33BX,Paranormal Word Search,,,
2026-04-30 18:18:50.884373,B0D1MYMVCC,Haunted Word Search Large Print,,,
2026-04-30 18:19:07.292054,B0CSZDC243,Haunted Word Search,6348424,Ghosts & Hauntings,5350
2026-04-30 18:19:07.292056,B0CSZDC243,Haunted Word Search,6348424,Psychic Phenomena,6785
2026-04-30 18:19:07.292077,B0CSZDC243,Haunted Word Search,6348424,Supernaturalism (Books),8224
2026-04-30 18:19:23.716747,B0D3XXZRRC,Witches Word Search,5570911,Witchcraft Religion & Spirituality,6898
2026-04-30 18:19:23.716753,B0D3XXZRRC,Witches Word Search,5570911,Spiritualism,9724
2026-04-30 18:19:23.716755,B0D3XXZRRC,Witches Word Search,5570911,Word Search Games,27106
2026-04-30 18:19:40.125928,B0D3XXY1HV,Witches Word Search Large Print,,,
2026-04-30 18:19:56.520509,B0G43ZNNRX,Weather Word Search Large Print,,,
2026-04-30 18:20:12.884406,B0D97NFBG2,Weather Word Search,1639798,Natural Disasters (Books),548
2026-04-30 18:20:12.884408,B0D97NFBG2,Weather Word Search,1639798,Weather (Books),812
2026-04-30 18:20:12.884409,B0D97NFBG2,Weather Word Search,1639798,Word Search Games,7196
2026-04-30 18:20:29.503525,B0D9B6HKC8,Space Word Search,8901239,Solar System (Books),812
2026-04-30 18:20:29.503528,B0D9B6HKC8,Space Word Search,8901239,Astronomy (Books),10250
2026-04-30 18:20:29.503528,B0D9B6HKC8,Space Word Search,8901239,Word Search Games,45212
2026-04-30 18:20:45.946967,B0D986WRQY,Ocean Word Search,,,
2026-04-30 18:21:02.295257,B0D9D6QJKD,Earth Science Word Search,,,
2026-04-30 18:21:18.690565,B0D9DRYQSH,Animal Word Search,,,
2026-04-30 18:21:35.070347,B0FPDF7GQV,Halloween Word Search,7462180,Holidays (Books),890
2026-04-30 18:21:35.070350,B0FPDF7GQV,Halloween Word Search,7462180,Customs & Traditions Social Sciences,5654
2026-04-30 18:21:35.070351,B0FPDF7GQV,Halloween Word Search,7462180,Ghosts & Hauntings,5863
2026-04-30 18:21:51.519304,B0DXP99LNN,Spring Word Search,5971446,Gardening & Landscape Design,26765
2026-04-30 18:21:51.519306,B0DXP99LNN,Spring Word Search,5971446,Word Search Games,29334
2026-04-30 18:21:51.519307,B0DXP99LNN,Spring Word Search,5971446,Word Games (Books),31357
2026-04-30 18:22:07.799632,B0F61TRMXM,Summer Word Search,,,
2026-04-30 18:22:24.188858,B0DTKGRKC2,Romance Word Search,8026697,Humorous Erotica (Books),22390
2026-04-30 18:22:24.188861,B0DTKGRKC2,Romance Word Search,8026697,Romantic Erotica (Books),36401
2026-04-30 18:22:24.188861,B0DTKGRKC2,Romance Word Search,8026697,Word Search Games,40955
2026-04-30 18:22:40.498321,B0DS5HPJ1M,Alien Adult Activity Book,897492,UFOs (Books),1001
2026-04-30 18:22:40.498324,B0DS5HPJ1M,Alien Adult Activity Book,897492,Logic & Brain Teasers (Books),2194
2026-04-30 18:22:40.498324,B0DS5HPJ1M,Alien Adult Activity Book,897492,Puzzles (Books),4376
2026-04-30 18:22:56.822819,B0FJ8TFSZ1,Fall Word Search,6422269,Holidays (Books),771
2026-04-30 18:22:56.822821,B0FJ8TFSZ1,Fall Word Search,6422269,Word Search Games,31942
2026-04-30 18:22:56.822822,B0FJ8TFSZ1,Fall Word Search,6422269,Word Games (Books),34088
2026-04-30 18:23:13.248515,B0G4GQL5TG,Winter Word Search,9201737,Holidays (Books),1069
2026-04-30 18:23:13.248518,B0G4GQL5TG,Winter Word Search,9201737,Word Search Games,47466
2026-04-30 18:23:13.248518,B0G4GQL5TG,Winter Word Search,9201737,Word Games (Books),50137
2026-04-30 18:23:29.767780,B0G5Z47WY7,Christmas Word Search,9201260,Holidays (Books),1068
2026-04-30 18:23:29.767784,B0G5Z47WY7,Christmas Word Search,9201260,Word Search Games,47447
2026-04-30 18:23:29.767785,B0G5Z47WY7,Christmas Word Search,9201260,Word Games (Books),50117
2026-04-30 18:23:46.087046,B0D2HQ2N8G,Cryptids Word Search Large Print,,,
2026-04-30 18:24:02.358116,B0CVNHV3CV,Cryptids Word Search,3651961,Ancient & Controversial Knowledge,3859
2026-04-30 18:24:02.358118,B0CVNHV3CV,Cryptids Word Search,3651961,Unexplained Mysteries (Books),5092
2026-04-30 18:24:02.358118,B0CVNHV3CV,Cryptids Word Search,3651961,Word Search Games,16688
2026-04-30 18:24:18.547651,B0D429W5H1,Sasquatch Word Search,3830174,Unexplained Mysteries (Books),5303
2026-04-30 18:24:18.547653,B0D429W5H1,Sasquatch Word Search,3830174,Word Search Games,17612
2026-04-30 18:24:18.547654,B0D429W5H1,Sasquatch Word Search,3830174,Word Games (Books),19120
2026-04-30 18:24:34.951416,B0D429WWSQ,Sasquatch Word Search,1750156,Unexplained Mysteries (Books),2898
2026-04-30 18:24:34.951418,B0D429WWSQ,Sasquatch Word Search,1750156,Word Search Games,7693
2026-04-30 18:24:34.951419,B0D429WWSQ,Sasquatch Word Search,1750156,Word Games (Books),8565
2026-04-30 18:24:51.386303,B0D22PKCGW,Alien Word Search Large Print,3923071,UFOs (Books),3380
2026-04-30 18:24:51.386305,B0D22PKCGW,Alien Word Search Large Print,3923071,Ancient & Controversial Knowledge,4112
2026-04-30 18:24:51.386306,B0D22PKCGW,Alien Word Search Large Print,3923071,Word Search Games,18119
2026-04-30 18:25:07.621146,B0CTPR6KZ4,Alien Word Search,1555159,UFOs (Books),1687
2026-04-30 18:25:07.621148,B0CTPR6KZ4,Alien Word Search,1555159,Ancient & Controversial Knowledge,1935
2026-04-30 18:25:07.621149,B0CTPR6KZ4,Alien Word Search,1555159,Word Search Games,6873
2026-04-30 20:15:28.247992,B0D9JQ33BX,Paranormal Word Search,,,
2026-04-30 20:15:45.259722,B0D1MYMVCC,Haunted Word Search Large Print,,,
2026-04-30 20:16:01.587886,B0CSZDC243,Haunted Word Search,6348435,Ghosts & Hauntings,5350
2026-04-30 20:16:01.587888,B0CSZDC243,Haunted Word Search,6348435,Psychic Phenomena,6785
2026-04-30 20:16:01.587889,B0CSZDC243,Haunted Word Search,6348435,Supernaturalism (Books),8224
2026-04-30 20:16:17.985246,B0D3XXZRRC,Witches Word Search,5570916,Witchcraft Religion & Spirituality,6898
2026-04-30 20:16:17.985251,B0D3XXZRRC,Witches Word Search,5570916,Spiritualism,9724
2026-04-30 20:16:17.985252,B0D3XXZRRC,Witches Word Search,5570916,Word Search Games,27106
2026-04-30 20:16:34.236881,B0D3XXY1HV,Witches Word Search Large Print,,,
2026-04-30 20:16:50.482360,B0G43ZNNRX,Weather Word Search Large Print,,,
2026-04-30 20:17:06.847219,B0D97NFBG2,Weather Word Search,1639794,Natural Disasters (Books),548
2026-04-30 20:17:06.847221,B0D97NFBG2,Weather Word Search,1639794,Weather (Books),812
2026-04-30 20:17:06.847222,B0D97NFBG2,Weather Word Search,1639794,Word Search Games,7196
2026-04-30 20:17:23.228901,B0D9B6HKC8,Space Word Search,8901273,Solar System (Books),812
2026-04-30 20:17:23.228903,B0D9B6HKC8,Space Word Search,8901273,Astronomy (Books),10250
2026-04-30 20:17:23.228903,B0D9B6HKC8,Space Word Search,8901273,Word Search Games,45214
2026-04-30 20:17:39.740658,B0D986WRQY,Ocean Word Search,,,
2026-04-30 20:17:55.665557,B0D9D6QJKD,Earth Science Word Search,,,
2026-04-30 20:18:11.811781,B0D9DRYQSH,Animal Word Search,,,
2026-04-30 20:18:28.202893,B0FPDF7GQV,Halloween Word Search,7462203,Holidays (Books),890
2026-04-30 20:18:28.202895,B0FPDF7GQV,Halloween Word Search,7462203,Customs & Traditions Social Sciences,5654
2026-04-30 20:18:28.202895,B0FPDF7GQV,Halloween Word Search,7462203,Ghosts & Hauntings,5863
2026-04-30 20:18:44.659411,B0DXP99LNN,Spring Word Search,5971455,Gardening & Landscape Design,26765
2026-04-30 20:18:44.659417,B0DXP99LNN,Spring Word Search,5971455,Word Search Games,29335
2026-04-30 20:18:44.659418,B0DXP99LNN,Spring Word Search,5971455,Word Games (Books),31358
2026-04-30 20:19:01.115820,B0F61TRMXM,Summer Word Search,,,
2026-04-30 20:19:17.645139,B0DTKGRKC2,Romance Word Search,8026726,Humorous Erotica (Books),22390
2026-04-30 20:19:17.645141,B0DTKGRKC2,Romance Word Search,8026726,Romantic Erotica (Books),36401
2026-04-30 20:19:17.645142,B0DTKGRKC2,Romance Word Search,8026726,Word Search Games,40957
2026-04-30 20:19:33.912789,B0DS5HPJ1M,Alien Adult Activity Book,897484,UFOs (Books),1001
2026-04-30 20:19:33.912791,B0DS5HPJ1M,Alien Adult Activity Book,897484,Logic & Brain Teasers (Books),2194
2026-04-30 20:19:33.912792,B0DS5HPJ1M,Alien Adult Activity Book,897484,Puzzles (Books),4376
2026-04-30 20:19:50.347342,B0FJ8TFSZ1,Fall Word Search,6422280,Holidays (Books),771
2026-04-30 20:19:50.347344,B0FJ8TFSZ1,Fall Word Search,6422280,Word Search Games,31943
2026-04-30 20:19:50.347345,B0FJ8TFSZ1,Fall Word Search,6422280,Word Games (Books),34089
2026-04-30 20:20:06.790861,B0G4GQL5TG,Winter Word Search,9201769,Holidays (Books),1069
2026-04-30 20:20:06.790863,B0G4GQL5TG,Winter Word Search,9201769,Word Search Games,47468
2026-04-30 20:20:06.790864,B0G4GQL5TG,Winter Word Search,9201769,Word Games (Books),50139
2026-04-30 20:20:23.245246,B0G5Z47WY7,Christmas Word Search,9201292,Holidays (Books),1068
2026-04-30 20:20:23.245248,B0G5Z47WY7,Christmas Word Search,9201292,Word Search Games,47449
2026-04-30 20:20:23.245248,B0G5Z47WY7,Christmas Word Search,9201292,Word Games (Books),50119
2026-04-30 20:20:39.553747,B0D2HQ2N8G,Cryptids Word Search Large Print,,,
2026-04-30 20:20:56.219036,B0CVNHV3CV,Cryptids Word Search,3651959,Ancient & Controversial Knowledge,3859
2026-04-30 20:20:56.219038,B0CVNHV3CV,Cryptids Word Search,3651959,Unexplained Mysteries (Books),5092
2026-04-30 20:20:56.219039,B0CVNHV3CV,Cryptids Word Search,3651959,Word Search Games,16688
2026-04-30 20:21:12.374533,B0D429W5H1,Sasquatch Word Search,3830170,Unexplained Mysteries (Books),5303
2026-04-30 20:21:12.374535,B0D429W5H1,Sasquatch Word Search,3830170,Word Search Games,17612
2026-04-30 20:21:12.374536,B0D429W5H1,Sasquatch Word Search,3830170,Word Games (Books),19120
2026-04-30 20:21:28.971382,B0D429WWSQ,Sasquatch Word Search,1750153,Unexplained Mysteries (Books),2898
2026-04-30 20:21:28.971383,B0D429WWSQ,Sasquatch Word Search,1750153,Word Search Games,7693
2026-04-30 20:21:28.971384,B0D429WWSQ,Sasquatch Word Search,1750153,Word Games (Books),8565
2026-04-30 20:21:45.500528,B0D22PKCGW,Alien Word Search Large Print,3923067,UFOs (Books),3380
2026-04-30 20:21:45.500530,B0D22PKCGW,Alien Word Search Large Print,3923067,Ancient & Controversial Knowledge,4112
2026-04-30 20:21:45.500531,B0D22PKCGW,Alien Word Search Large Print,3923067,Word Search Games,18119
2026-04-30 20:22:01.815550,B0CTPR6KZ4,Alien Word Search,1555153,UFOs (Books),1687
2026-04-30 20:22:01.815552,B0CTPR6KZ4,Alien Word Search,1555153,Ancient & Controversial Knowledge,1935
2026-04-30 20:22:01.815553,B0CTPR6KZ4,Alien Word Search,1555153,Word Search Games,6873
2026-04-30 22:12:40.241062,B0D97NFBG2,Weather Word Search,1655494,Natural Disasters (Books),551
2026-04-30 22:12:40.241069,B0D97NFBG2,Weather Word Search,1655494,Weather (Books),817
2026-04-30 22:12:40.241070,B0D97NFBG2,Weather Word Search,1655494,Word Search Games,7249
2026-04-30 22:12:56.510987,B0D9B6HKC8,Space Word Search,8903701,Solar System (Books),812
2026-04-30 22:12:56.510990,B0D9B6HKC8,Space Word Search,8903701,Astronomy (Books),10250
2026-04-30 22:12:56.510991,B0D9B6HKC8,Space Word Search,8903701,Word Search Games,45220
2026-04-30 22:13:12.942088,B0D986WRQY,Ocean Word Search,,,
2026-04-30 22:13:29.180961,B0D9D6QJKD,Earth Science Word Search,,,
2026-04-30 22:13:45.277073,B0D9DRYQSH,Animal Word Search,,,
2026-04-30 22:14:01.398755,B0FPDF7GQV,Halloween Word Search,7465097,Holidays (Books),890
2026-04-30 22:14:01.398759,B0FPDF7GQV,Halloween Word Search,7465097,Customs & Traditions Social Sciences,5655
2026-04-30 22:14:01.398760,B0FPDF7GQV,Halloween Word Search,7465097,Ghosts & Hauntings,5865
2026-04-30 22:14:17.625522,B0DXP99LNN,Spring Word Search,5975114,Gardening & Landscape Design,26773
2026-04-30 22:14:17.625524,B0DXP99LNN,Spring Word Search,5975114,Word Search Games,29348
2026-04-30 22:14:17.625525,B0DXP99LNN,Spring Word Search,5975114,Word Games (Books),31371
2026-04-30 22:14:33.859635,B0F61TRMXM,Summer Word Search,,,
2026-04-30 22:14:49.875189,B0DTKGRKC2,Romance Word Search,8029392,Humorous Erotica (Books),22393
2026-04-30 22:14:49.875191,B0DTKGRKC2,Romance Word Search,8029392,Romantic Erotica (Books),36411
2026-04-30 22:14:49.875192,B0DTKGRKC2,Romance Word Search,8029392,Word Search Games,40963
2026-04-30 22:15:06.101257,B0DS5HPJ1M,Alien Adult Activity Book,925150,UFOs (Books),1028
2026-04-30 22:15:06.101259,B0DS5HPJ1M,Alien Adult Activity Book,925150,Logic & Brain Teasers (Books),2246
2026-04-30 22:15:06.101260,B0DS5HPJ1M,Alien Adult Activity Book,925150,Puzzles (Books),4488
2026-04-30 22:15:22.461965,B0FJ8TFSZ1,Fall Word Search,6425657,Holidays (Books),771
2026-04-30 22:15:22.461967,B0FJ8TFSZ1,Fall Word Search,6425657,Word Search Games,31954
2026-04-30 22:15:22.461968,B0FJ8TFSZ1,Fall Word Search,6425657,Word Games (Books),34100
2026-04-30 22:15:38.983173,B0G4GQL5TG,Winter Word Search,9204138,Holidays (Books),1069
2026-04-30 22:15:38.983175,B0G4GQL5TG,Winter Word Search,9204138,Word Search Games,47474
2026-04-30 22:15:38.983176,B0G4GQL5TG,Winter Word Search,9204138,Word Games (Books),50145
2026-04-30 22:15:55.396900,B0G5Z47WY7,Christmas Word Search,9203661,Holidays (Books),1068
2026-04-30 22:15:55.396902,B0G5Z47WY7,Christmas Word Search,9203661,Word Search Games,47455
2026-04-30 22:15:55.396903,B0G5Z47WY7,Christmas Word Search,9203661,Word Games (Books),50125
2026-04-30 22:16:11.447528,B0D2HQ2N8G,Cryptids Word Search Large Print,,,
2026-04-30 22:16:27.494544,B0CVNHV3CV,Cryptids Word Search,3658471,Ancient & Controversial Knowledge,3869
2026-04-30 22:16:27.494546,B0CVNHV3CV,Cryptids Word Search,3658471,Unexplained Mysteries (Books),5096
2026-04-30 22:16:27.494547,B0CVNHV3CV,Cryptids Word Search,3658471,Word Search Games,16712
2026-04-30 22:16:43.649755,B0D429W5H1,Sasquatch Word Search,3836300,Unexplained Mysteries (Books),5306
2026-04-30 22:16:43.649757,B0D429W5H1,Sasquatch Word Search,3836300,Word Search Games,17632
2026-04-30 22:16:43.649758,B0D429W5H1,Sasquatch Word Search,3836300,Word Games (Books),19140
2026-04-30 22:16:59.778630,B0D429WWSQ,Sasquatch Word Search,1764626,Unexplained Mysteries (Books),2909
2026-04-30 22:16:59.778632,B0D429WWSQ,Sasquatch Word Search,1764626,Word Search Games,7745
2026-04-30 22:16:59.778633,B0D429WWSQ,Sasquatch Word Search,1764626,Word Games (Books),8618
2026-04-30 22:17:16.095390,B0D22PKCGW,Alien Word Search Large Print,3929018,UFOs (Books),3381
2026-04-30 22:17:16.095393,B0D22PKCGW,Alien Word Search Large Print,3929018,Ancient & Controversial Knowledge,4119
2026-04-30 22:17:16.095393,B0D22PKCGW,Alien Word Search Large Print,3929018,Word Search Games,18139
2026-04-30 22:17:32.223496,B0CTPR6KZ4,Alien Word Search,1571487,UFOs (Books),1697
2026-04-30 22:17:32.223498,B0CTPR6KZ4,Alien Word Search,1571487,Ancient & Controversial Knowledge,1963
2026-04-30 22:17:32.223499,B0CTPR6KZ4,Alien Word Search,1571487,Word Search Games,6928
2026-05-01 00:01:37.070042,B0CSZDC243,Haunted Word Search,6351806,Ghosts & Hauntings,5351
2026-05-01 00:01:37.070044,B0CSZDC243,Haunted Word Search,6351806,Psychic Phenomena,6784
2026-05-01 00:01:37.070045,B0CSZDC243,Haunted Word Search,6351806,Supernaturalism (Books),8224
2026-05-01 00:01:53.482414,B0D3XXZRRC,Witches Word Search,5574833,Witchcraft Religion & Spirituality,6899
2026-05-01 00:01:53.482419,B0D3XXZRRC,Witches Word Search,5574833,Spiritualism,9728
2026-05-01 00:01:53.482421,B0D3XXZRRC,Witches Word Search,5574833,Word Search Games,27108
2026-05-01 00:02:09.734235,B0D3XXY1HV,Witches Word Search Large Print,,,
2026-05-01 00:02:26.070342,B0G43ZNNRX,Weather Word Search Large Print,,,
2026-05-01 00:02:42.236671,B0D97NFBG2,Weather Word Search,1655467,Natural Disasters (Books),551
2026-05-01 00:02:42.236674,B0D97NFBG2,Weather Word Search,1655467,Weather (Books),817
2026-05-01 00:02:42.236675,B0D97NFBG2,Weather Word Search,1655467,Word Search Games,7249
2026-05-01 00:02:58.584080,B0D9B6HKC8,Space Word Search,8903608,Solar System (Books),813
2026-05-01 00:02:58.584083,B0D9B6HKC8,Space Word Search,8903608,Astronomy (Books),10251
2026-05-01 00:02:58.584083,B0D9B6HKC8,Space Word Search,8903608,Word Search Games,45209
2026-05-01 00:03:14.960130,B0D986WRQY,Ocean Word Search,,,
2026-05-01 00:03:31.154299,B0D9D6QJKD,Earth Science Word Search,,,
2026-05-01 00:03:47.538633,B0D9DRYQSH,Animal Word Search,,,
2026-05-01 00:04:03.723186,B0FPDF7GQV,Halloween Word Search,7465033,Holidays (Books),890
2026-05-01 00:04:03.723188,B0FPDF7GQV,Halloween Word Search,7465033,Customs & Traditions Social Sciences,5655
2026-05-01 00:04:03.723188,B0FPDF7GQV,Halloween Word Search,7465033,Ghosts & Hauntings,5864
2026-05-01 00:04:19.977183,B0DXP99LNN,Spring Word Search,5975082,Gardening & Landscape Design,26774
2026-05-01 00:04:19.977185,B0DXP99LNN,Spring Word Search,5975082,Word Search Games,29335
2026-05-01 00:04:19.977186,B0DXP99LNN,Spring Word Search,5975082,Word Games (Books),31358
2026-05-01 00:04:36.302246,B0F61TRMXM,Summer Word Search,,,
2026-05-01 00:04:52.507685,B0DTKGRKC2,Romance Word Search,8029310,Humorous Erotica (Books),22392
2026-05-01 00:04:52.507691,B0DTKGRKC2,Romance Word Search,8029310,Romantic Erotica (Books),36410
2026-05-01 00:04:52.507692,B0DTKGRKC2,Romance Word Search,8029310,Word Search Games,40948
2026-05-01 00:05:08.895721,B0DS5HPJ1M,Alien Adult Activity Book,925123,UFOs (Books),1028
2026-05-01 00:05:08.895724,B0DS5HPJ1M,Alien Adult Activity Book,925123,Logic & Brain Teasers (Books),2251
2026-05-01 00:05:08.895725,B0DS5HPJ1M,Alien Adult Activity Book,925123,Puzzles (Books),4492
2026-05-01 00:05:25.190682,B0FJ8TFSZ1,Fall Word Search,6425601,Holidays (Books),771
2026-05-01 00:05:25.190685,B0FJ8TFSZ1,Fall Word Search,6425601,Word Search Games,31940
2026-05-01 00:05:25.190685,B0FJ8TFSZ1,Fall Word Search,6425601,Word Games (Books),34086
2026-05-01 00:05:41.687754,B0G4GQL5TG,Winter Word Search,9204041,Holidays (Books),1069
2026-05-01 00:05:41.687758,B0G4GQL5TG,Winter Word Search,9204041,Word Search Games,47464
2026-05-01 00:05:41.687758,B0G4GQL5TG,Winter Word Search,9204041,Word Games (Books),50133
2026-05-01 00:05:58.248053,B0G5Z47WY7,Christmas Word Search,9203564,Holidays (Books),1068
2026-05-01 00:05:58.248056,B0G5Z47WY7,Christmas Word Search,9203564,Word Search Games,47445
2026-05-01 00:05:58.248056,B0G5Z47WY7,Christmas Word Search,9203564,Word Games (Books),50113
2026-05-01 00:06:14.484335,B0D2HQ2N8G,Cryptids Word Search Large Print,,,
2026-05-01 00:06:30.747266,B0CVNHV3CV,Cryptids Word Search,3658444,Ancient & Controversial Knowledge,3869
2026-05-01 00:06:30.747270,B0CVNHV3CV,Cryptids Word Search,3658444,Unexplained Mysteries (Books),5096
2026-05-01 00:06:30.747271,B0CVNHV3CV,Cryptids Word Search,3658444,Word Search Games,16705
2026-05-01 00:06:46.916679,B0D429W5H1,Sasquatch Word Search,3836273,Unexplained Mysteries (Books),5306
2026-05-01 00:06:46.916682,B0D429W5H1,Sasquatch Word Search,3836273,Word Search Games,17625
2026-05-01 00:06:46.916682,B0D429W5H1,Sasquatch Word Search,3836273,Word Games (Books),19133
2026-05-01 00:07:03.340010,B0D429WWSQ,Sasquatch Word Search,1764601,Unexplained Mysteries (Books),2909
2026-05-01 00:07:03.340012,B0D429WWSQ,Sasquatch Word Search,1764601,Word Search Games,7744
2026-05-01 00:07:03.340013,B0D429WWSQ,Sasquatch Word Search,1764601,Word Games (Books),8617
2026-05-01 00:07:19.594643,B0D22PKCGW,Alien Word Search Large Print,3928992,UFOs (Books),3380
2026-05-01 00:07:19.594648,B0D22PKCGW,Alien Word Search Large Print,3928992,Ancient & Controversial Knowledge,4119
2026-05-01 00:07:19.594649,B0D22PKCGW,Alien Word Search Large Print,3928992,Word Search Games,18132
2026-05-01 00:07:35.828514,B0CTPR6KZ4,Alien Word Search,1571460,UFOs (Books),1696
2026-05-01 00:07:35.828517,B0CTPR6KZ4,Alien Word Search,1571460,Ancient & Controversial Knowledge,1963
2026-05-01 00:07:35.828518,B0CTPR6KZ4,Alien Word Search,1571460,Word Search Games,6927
2026-05-01 04:12:10.347592,B0D9JQ33BX,Paranormal Word Search,,,
2026-05-01 04:12:27.260081,B0D1MYMVCC,Haunted Word Search Large Print,,,
2026-05-01 04:12:44.038752,B0CSZDC243,Haunted Word Search,6343114,Ghosts & Hauntings,5348
2026-05-01 04:12:44.038755,B0CSZDC243,Haunted Word Search,6343114,Psychic Phenomena,6783
2026-05-01 04:12:44.038756,B0CSZDC243,Haunted Word Search,6343114,Supernaturalism (Books),8214
2026-05-01 04:13:00.881422,B0D3XXZRRC,Witches Word Search,5619146,Witchcraft Religion & Spirituality,6929
2026-05-01 04:13:00.881427,B0D3XXZRRC,Witches Word Search,5619146,Spiritualism,9797
2026-05-01 04:13:00.881428,B0D3XXZRRC,Witches Word Search,5619146,Word Search Games,27375
2026-05-01 04:13:17.466844,B0D3XXY1HV,Witches Word Search Large Print,,,
2026-05-01 04:13:33.910618,B0G43ZNNRX,Weather Word Search Large Print,,,
2026-05-01 04:13:50.576639,B0D97NFBG2,Weather Word Search,1642783,Natural Disasters (Books),550
2026-05-01 04:13:50.576641,B0D97NFBG2,Weather Word Search,1642783,Weather (Books),819
2026-05-01 04:13:50.576642,B0D97NFBG2,Weather Word Search,1642783,Word Search Games,7300
2026-05-01 04:14:07.153239,B0D9B6HKC8,Space Word Search,8909102,Solar System (Books),813
2026-05-01 04:14:07.153242,B0D9B6HKC8,Space Word Search,8909102,Astronomy (Books),10255
2026-05-01 04:14:07.153243,B0D9B6HKC8,Space Word Search,8909102,Word Search Games,45222
2026-05-01 04:14:23.771160,B0D986WRQY,Ocean Word Search,,,
2026-05-01 04:14:40.460338,B0D9D6QJKD,Earth Science Word Search,,,
2026-05-01 04:14:56.924696,B0D9DRYQSH,Animal Word Search,,,
2026-05-01 04:15:13.450642,B0FPDF7GQV,Halloween Word Search,7461629,Holidays (Books),890
2026-05-01 04:15:13.450644,B0FPDF7GQV,Halloween Word Search,7461629,Customs & Traditions Social Sciences,5651
2026-05-01 04:15:13.450645,B0FPDF7GQV,Halloween Word Search,7461629,Ghosts & Hauntings,5864
2026-05-01 04:15:29.988556,B0DXP99LNN,Spring Word Search,5965215,Gardening & Landscape Design,26730
2026-05-01 04:15:29.988558,B0DXP99LNN,Spring Word Search,5965215,Word Search Games,29294
2026-05-01 04:15:29.988559,B0DXP99LNN,Spring Word Search,5965215,Word Games (Books),31315
2026-05-01 04:15:46.310373,B0F61TRMXM,Summer Word Search,,,
2026-05-01 04:16:02.973051,B0DTKGRKC2,Romance Word Search,8028362,Humorous Erotica (Books),22392
2026-05-01 04:16:02.973053,B0DTKGRKC2,Romance Word Search,8028362,Romantic Erotica (Books),36403
2026-05-01 04:16:02.973054,B0DTKGRKC2,Romance Word Search,8028362,Word Search Games,40927
2026-05-01 04:16:19.466351,B0DS5HPJ1M,Alien Adult Activity Book,1006101,UFOs (Books),1109
2026-05-01 04:16:19.466353,B0DS5HPJ1M,Alien Adult Activity Book,1006101,Logic & Brain Teasers (Books),2451
2026-05-01 04:16:19.466354,B0DS5HPJ1M,Alien Adult Activity Book,1006101,Puzzles (Books),4902
2026-05-01 04:16:36.063213,B0FJ8TFSZ1,Fall Word Search,6416961,Holidays (Books),770
2026-05-01 04:16:36.063216,B0FJ8TFSZ1,Fall Word Search,6416961,Word Search Games,31905
2026-05-01 04:16:36.063217,B0FJ8TFSZ1,Fall Word Search,6416961,Word Games (Books),34044
2026-05-01 04:16:53.009453,B0G4GQL5TG,Winter Word Search,9209404,Holidays (Books),1069
2026-05-01 04:16:53.009455,B0G4GQL5TG,Winter Word Search,9209404,Word Search Games,47475
2026-05-01 04:16:53.009456,B0G4GQL5TG,Winter Word Search,9209404,Word Games (Books),50144
2026-05-01 04:17:09.563049,B0G5Z47WY7,Christmas Word Search,9208927,Holidays (Books),1068
2026-05-01 04:17:09.563054,B0G5Z47WY7,Christmas Word Search,9208927,Word Search Games,47456
2026-05-01 04:17:09.563054,B0G5Z47WY7,Christmas Word Search,9208927,Word Games (Books),50124
2026-05-01 04:17:26.020842,B0D2HQ2N8G,Cryptids Word Search Large Print,,,
2026-05-01 04:17:42.499759,B0CVNHV3CV,Cryptids Word Search,3639256,Ancient & Controversial Knowledge,3857
2026-05-01 04:17:42.499761,B0CVNHV3CV,Cryptids Word Search,3639256,Unexplained Mysteries (Books),5068
2026-05-01 04:17:42.499762,B0CVNHV3CV,Cryptids Word Search,3639256,Word Search Games,16597
2026-05-01 04:17:58.916982,B0D429W5H1,Sasquatch Word Search,3818217,Unexplained Mysteries (Books),5282
2026-05-01 04:17:58.916985,B0D429W5H1,Sasquatch Word Search,3818217,Word Search Games,17511
2026-05-01 04:17:58.916986,B0D429W5H1,Sasquatch Word Search,3818217,Word Games (Books),19011
2026-05-01 04:18:15.410241,B0D429WWSQ,Sasquatch Word Search,1864757,Unexplained Mysteries (Books),3056
2026-05-01 04:18:15.410243,B0D429WWSQ,Sasquatch Word Search,1864757,Word Search Games,8231
2026-05-01 04:18:15.410244,B0D429WWSQ,Sasquatch Word Search,1864757,Word Games (Books),9146
2026-05-01 04:18:31.931529,B0D22PKCGW,Alien Word Search Large Print,3922609,UFOs (Books),3381
2026-05-01 04:18:31.931531,B0D22PKCGW,Alien Word Search Large Print,3922609,Ancient & Controversial Knowledge,4112
2026-05-01 04:18:31.931532,B0D22PKCGW,Alien Word Search Large Print,3922609,Word Search Games,18111
2026-05-01 04:18:48.658622,B0CTPR6KZ4,Alien Word Search,1623317,UFOs (Books),1741
2026-05-01 04:18:48.658625,B0CTPR6KZ4,Alien Word Search,1623317,Ancient & Controversial Knowledge,2015
2026-05-01 04:18:48.658625,B0CTPR6KZ4,Alien Word Search,1623317,Word Search Games,7195
2026-05-01 07:31:54.723844,B0D9JQ33BX,Paranormal Word Search,,,
2026-05-01 07:32:11.546179,B0D1MYMVCC,Haunted Word Search Large Print,,,
2026-05-01 07:32:27.678560,B0CSZDC243,Haunted Word Search,6343015,Ghosts & Hauntings,5349
2026-05-01 07:32:27.678563,B0CSZDC243,Haunted Word Search,6343015,Psychic Phenomena,6785
2026-05-01 07:32:27.678564,B0CSZDC243,Haunted Word Search,6343015,Supernaturalism (Books),8215
2026-05-01 07:32:43.925634,B0D3XXZRRC,Witches Word Search,5619111,Witchcraft Religion & Spirituality,6929
2026-05-01 07:32:43.925641,B0D3XXZRRC,Witches Word Search,5619111,Spiritualism,9797
2026-05-01 07:32:43.925643,B0D3XXZRRC,Witches Word Search,5619111,Word Search Games,27375
2026-05-01 07:33:00.161964,B0D3XXY1HV,Witches Word Search Large Print,,,
2026-05-01 07:33:16.322071,B0G43ZNNRX,Weather Word Search Large Print,,,
2026-05-01 07:33:32.663832,B0D97NFBG2,Weather Word Search,1642752,Natural Disasters (Books),550
2026-05-01 07:33:32.663835,B0D97NFBG2,Weather Word Search,1642752,Weather (Books),819
2026-05-01 07:33:32.663835,B0D97NFBG2,Weather Word Search,1642752,Word Search Games,7300
2026-05-01 07:33:48.906627,B0D9B6HKC8,Space Word Search,8908849,Solar System (Books),813
2026-05-01 07:33:48.906630,B0D9B6HKC8,Space Word Search,8908849,Astronomy (Books),10254
2026-05-01 07:33:48.906630,B0D9B6HKC8,Space Word Search,8908849,Word Search Games,45220
2026-05-01 07:34:05.185941,B0D986WRQY,Ocean Word Search,,,
2026-05-01 07:34:21.302665,B0D9D6QJKD,Earth Science Word Search,,,
2026-05-01 07:34:37.531313,B0D9DRYQSH,Animal Word Search,,,
2026-05-01 07:34:53.881356,B0FPDF7GQV,Halloween Word Search,7461452,Holidays (Books),889
2026-05-01 07:34:53.881358,B0FPDF7GQV,Halloween Word Search,7461452,Customs & Traditions Social Sciences,5651
2026-05-01 07:34:53.881359,B0FPDF7GQV,Halloween Word Search,7461452,Ghosts & Hauntings,5865
2026-05-01 07:35:10.203846,B0DXP99LNN,Spring Word Search,5965140,Gardening & Landscape Design,26728
2026-05-01 07:35:10.203849,B0DXP99LNN,Spring Word Search,5965140,Word Search Games,29292
2026-05-01 07:35:10.203850,B0DXP99LNN,Spring Word Search,5965140,Word Games (Books),31313
2026-05-01 07:35:26.297321,B0F61TRMXM,Summer Word Search,,,
2026-05-01 07:35:42.606006,B0DTKGRKC2,Romance Word Search,8028144,Humorous Erotica (Books),22392
2026-05-01 07:35:42.606009,B0DTKGRKC2,Romance Word Search,8028144,Romantic Erotica (Books),36398
2026-05-01 07:35:42.606009,B0DTKGRKC2,Romance Word Search,8028144,Word Search Games,40925
2026-05-01 07:35:58.927239,B0DS5HPJ1M,Alien Adult Activity Book,1006067,UFOs (Books),1109
2026-05-01 07:35:58.927242,B0DS5HPJ1M,Alien Adult Activity Book,1006067,Logic & Brain Teasers (Books),2451
2026-05-01 07:35:58.927242,B0DS5HPJ1M,Alien Adult Activity Book,1006067,Puzzles (Books),4902
2026-05-01 07:36:15.478824,B0FJ8TFSZ1,Fall Word Search,6416856,Holidays (Books),769
2026-05-01 07:36:15.478826,B0FJ8TFSZ1,Fall Word Search,6416856,Word Search Games,31903
2026-05-01 07:36:15.478827,B0FJ8TFSZ1,Fall Word Search,6416856,Word Games (Books),34042
2026-05-01 07:36:31.733446,B0G4GQL5TG,Winter Word Search,9209111,Holidays (Books),1068
2026-05-01 07:36:31.733448,B0G4GQL5TG,Winter Word Search,9209111,Word Search Games,47473
2026-05-01 07:36:31.733449,B0G4GQL5TG,Winter Word Search,9209111,Word Games (Books),50142
2026-05-01 07:36:48.134518,B0G5Z47WY7,Christmas Word Search,9208634,Holidays (Books),1067
2026-05-01 07:36:48.134521,B0G5Z47WY7,Christmas Word Search,9208634,Word Search Games,47454
2026-05-01 07:36:48.134521,B0G5Z47WY7,Christmas Word Search,9208634,Word Games (Books),50122
2026-05-01 07:37:05.058205,B0D2HQ2N8G,Cryptids Word Search Large Print,,,
2026-05-01 07:37:21.237518,B0CVNHV3CV,Cryptids Word Search,3639307,Ancient & Controversial Knowledge,3857
2026-05-01 07:37:21.237520,B0CVNHV3CV,Cryptids Word Search,3639307,Unexplained Mysteries (Books),5068
2026-05-01 07:37:21.237521,B0CVNHV3CV,Cryptids Word Search,3639307,Word Search Games,16596
2026-05-01 07:37:37.362842,B0D429W5H1,Sasquatch Word Search,3818261,Unexplained Mysteries (Books),5282
2026-05-01 07:37:37.362845,B0D429W5H1,Sasquatch Word Search,3818261,Word Search Games,17510
2026-05-01 07:37:37.362846,B0D429W5H1,Sasquatch Word Search,3818261,Word Games (Books),19010
2026-05-01 07:37:53.396137,B0D429WWSQ,Sasquatch Word Search,1864736,Unexplained Mysteries (Books),3055
2026-05-01 07:37:53.396140,B0D429WWSQ,Sasquatch Word Search,1864736,Word Search Games,8230
2026-05-01 07:37:53.396140,B0D429WWSQ,Sasquatch Word Search,1864736,Word Games (Books),9145
2026-05-01 07:38:09.639660,B0D22PKCGW,Alien Word Search Large Print,3922650,UFOs (Books),3380
2026-05-01 07:38:09.639665,B0D22PKCGW,Alien Word Search Large Print,3922650,Ancient & Controversial Knowledge,4112
2026-05-01 07:38:09.639666,B0D22PKCGW,Alien Word Search Large Print,3922650,Word Search Games,18110
2026-05-01 07:38:25.957732,B0CTPR6KZ4,Alien Word Search,1623287,UFOs (Books),1740
2026-05-01 07:38:25.957735,B0CTPR6KZ4,Alien Word Search,1623287,Ancient & Controversial Knowledge,2015
2026-05-01 07:38:25.957735,B0CTPR6KZ4,Alien Word Search,1623287,Word Search Games,7195
2026-05-01 09:59:09.757552,B0CSZDC243,Haunted Word Search,,,
2026-05-01 09:59:26.518665,B0D3XXZRRC,Witches Word Search,5624873,Witchcraft Religion & Spirituality,6929
2026-05-01 09:59:26.518667,B0D3XXZRRC,Witches Word Search,5624873,Spiritualism,9801
2026-05-01 09:59:26.518668,B0D3XXZRRC,Witches Word Search,5624873,Word Search Games,27381
2026-05-01 09:59:42.705248,B0D3XXY1HV,Witches Word Search Large Print,,,
2026-05-01 09:59:58.917907,B0G43ZNNRX,Weather Word Search Large Print,,,
2026-05-01 10:00:15.351815,B0D97NFBG2,Weather Word Search,1669440,Natural Disasters (Books),553
2026-05-01 10:00:15.351817,B0D97NFBG2,Weather Word Search,1669440,Weather (Books),822
2026-05-01 10:00:15.351818,B0D97NFBG2,Weather Word Search,1669440,Word Search Games,7398
2026-05-01 10:00:31.792488,B0D9B6HKC8,Space Word Search,8910389,Solar System (Books),812
2026-05-01 10:00:31.792490,B0D9B6HKC8,Space Word Search,8910389,Astronomy (Books),10255
2026-05-01 10:00:31.792491,B0D9B6HKC8,Space Word Search,8910389,Word Search Games,45213
2026-05-01 10:00:48.299967,B0D986WRQY,Ocean Word Search,,,
2026-05-01 10:01:04.428891,B0D9D6QJKD,Earth Science Word Search,,,
2026-05-01 10:01:20.643555,B0D9DRYQSH,Animal Word Search,,,
2026-05-01 10:01:37.021438,B0FPDF7GQV,Halloween Word Search,7464690,Holidays (Books),888
2026-05-01 10:01:37.021440,B0FPDF7GQV,Halloween Word Search,7464690,Customs & Traditions Social Sciences,5656
2026-05-01 10:01:37.021441,B0FPDF7GQV,Halloween Word Search,7464690,Ghosts & Hauntings,5867
2026-05-01 10:01:53.217118,B0DXP99LNN,Spring Word Search,5970257,Gardening & Landscape Design,26732
2026-05-01 10:01:53.217121,B0DXP99LNN,Spring Word Search,5970257,Word Search Games,29303
2026-05-01 10:01:53.217121,B0DXP99LNN,Spring Word Search,5970257,Word Games (Books),31326
2026-05-01 10:02:09.555059,B0F61TRMXM,Summer Word Search,,,
2026-05-01 10:02:25.830137,B0DTKGRKC2,Romance Word Search,8030866,Humorous Erotica (Books),22393
2026-05-01 10:02:25.830139,B0DTKGRKC2,Romance Word Search,8030866,Romantic Erotica (Books),36402
2026-05-01 10:02:25.830140,B0DTKGRKC2,Romance Word Search,8030866,Word Search Games,40916
2026-05-01 10:02:42.107669,B0DS5HPJ1M,Alien Adult Activity Book,1048741,UFOs (Books),1152
2026-05-01 10:02:42.107671,B0DS5HPJ1M,Alien Adult Activity Book,1048741,Logic & Brain Teasers (Books),2550
2026-05-01 10:02:42.107671,B0DS5HPJ1M,Alien Adult Activity Book,1048741,Puzzles (Books),5095
2026-05-01 10:02:58.462564,B0FJ8TFSZ1,Fall Word Search,6421421,Holidays (Books),769
2026-05-01 10:02:58.462567,B0FJ8TFSZ1,Fall Word Search,6421421,Word Search Games,31904
2026-05-01 10:02:58.462567,B0FJ8TFSZ1,Fall Word Search,6421421,Word Games (Books),34044
2026-05-01 10:03:14.739498,B0G4GQL5TG,Winter Word Search,9210361,Holidays (Books),1068
2026-05-01 10:03:14.739500,B0G4GQL5TG,Winter Word Search,9210361,Word Search Games,47467
2026-05-01 10:03:14.739501,B0G4GQL5TG,Winter Word Search,9210361,Word Games (Books),50137
2026-05-01 10:03:30.922236,B0G5Z47WY7,Christmas Word Search,9209884,Holidays (Books),1067
2026-05-01 10:03:30.922238,B0G5Z47WY7,Christmas Word Search,9209884,Word Search Games,47448
2026-05-01 10:03:30.922239,B0G5Z47WY7,Christmas Word Search,9209884,Word Games (Books),50117
2026-05-01 10:03:47.029884,B0D2HQ2N8G,Cryptids Word Search Large Print,,,
2026-05-01 10:04:03.172872,B0CVNHV3CV,Cryptids Word Search,3650726,Ancient & Controversial Knowledge,3864
2026-05-01 10:04:03.172874,B0CVNHV3CV,Cryptids Word Search,3650726,Unexplained Mysteries (Books),5075
2026-05-01 10:04:03.172874,B0CVNHV3CV,Cryptids Word Search,3650726,Word Search Games,16621
2026-05-01 10:04:19.299273,B0D429W5H1,Sasquatch Word Search,3828871,Unexplained Mysteries (Books),5287
2026-05-01 10:04:19.299275,B0D429W5H1,Sasquatch Word Search,3828871,Word Search Games,17532
2026-05-01 10:04:19.299276,B0D429W5H1,Sasquatch Word Search,3828871,Word Games (Books),19035
2026-05-01 10:04:35.556971,B0D429WWSQ,Sasquatch Word Search,1888196,Unexplained Mysteries (Books),3084
2026-05-01 10:04:35.556973,B0D429WWSQ,Sasquatch Word Search,1888196,Word Search Games,8309
2026-05-01 10:04:35.556973,B0D429WWSQ,Sasquatch Word Search,1888196,Word Games (Books),9235
2026-05-01 10:04:51.748026,B0D22PKCGW,Alien Word Search Large Print,3932972,UFOs (Books),3390
2026-05-01 10:04:51.748028,B0D22PKCGW,Alien Word Search Large Print,3932972,Ancient & Controversial Knowledge,4113
2026-05-01 10:04:51.748028,B0D22PKCGW,Alien Word Search Large Print,3932972,Word Search Games,18133
2026-05-01 10:05:08.063552,B0CTPR6KZ4,Alien Word Search,1650313,UFOs (Books),1762
2026-05-01 10:05:08.063555,B0CTPR6KZ4,Alien Word Search,1650313,Ancient & Controversial Knowledge,2043
2026-05-01 10:05:08.063556,B0CTPR6KZ4,Alien Word Search,1650313,Word Search Games,7296
2026-05-01 11:20:04.701825,B0CSZDC243,Haunted Word Search,,,
2026-05-01 11:20:21.355258,B0D3XXZRRC,Witches Word Search,5625883,Witchcraft Religion & Spirituality,6929
2026-05-01 11:20:21.355261,B0D3XXZRRC,Witches Word Search,5625883,Spiritualism,9801
2026-05-01 11:20:21.355261,B0D3XXZRRC,Witches Word Search,5625883,Word Search Games,27386
2026-05-01 11:20:37.503997,B0D3XXY1HV,Witches Word Search Large Print,,,
2026-05-01 11:20:53.750400,B0G43ZNNRX,Weather Word Search Large Print,,,
2026-05-01 11:21:10.079067,B0D97NFBG2,Weather Word Search,1670463,Natural Disasters (Books),554
2026-05-01 11:21:10.079070,B0D97NFBG2,Weather Word Search,1670463,Weather (Books),822
2026-05-01 11:21:10.079071,B0D97NFBG2,Weather Word Search,1670463,Word Search Games,7403
2026-05-01 11:21:26.249571,B0D9B6HKC8,Space Word Search,8911395,Solar System (Books),813
2026-05-01 11:21:26.249574,B0D9B6HKC8,Space Word Search,8911395,Astronomy (Books),10255
2026-05-01 11:21:26.249575,B0D9B6HKC8,Space Word Search,8911395,Word Search Games,45218
2026-05-01 11:21:42.512403,B0D986WRQY,Ocean Word Search,,,
2026-05-01 11:21:58.520524,B0D9D6QJKD,Earth Science Word Search,,,
2026-05-01 11:22:14.581288,B0D9DRYQSH,Animal Word Search,,,
2026-05-01 11:22:30.680775,B0FPDF7GQV,Halloween Word Search,7465701,Holidays (Books),888
2026-05-01 11:22:30.680778,B0FPDF7GQV,Halloween Word Search,7465701,Customs & Traditions Social Sciences,5656
2026-05-01 11:22:30.680778,B0FPDF7GQV,Halloween Word Search,7465701,Ghosts & Hauntings,5867
2026-05-01 11:22:46.792409,B0DXP99LNN,Spring Word Search,5971266,Gardening & Landscape Design,26737
2026-05-01 11:22:46.792411,B0DXP99LNN,Spring Word Search,5971266,Word Search Games,29308
2026-05-01 11:22:46.792412,B0DXP99LNN,Spring Word Search,5971266,Word Games (Books),31331
2026-05-01 11:23:02.828400,B0F61TRMXM,Summer Word Search,,,
2026-05-01 11:23:18.904840,B0DTKGRKC2,Romance Word Search,8031876,Humorous Erotica (Books),22401
2026-05-01 11:23:18.904842,B0DTKGRKC2,Romance Word Search,8031876,Romantic Erotica (Books),36405
2026-05-01 11:23:18.904843,B0DTKGRKC2,Romance Word Search,8031876,Word Search Games,40921
2026-05-01 11:23:35.038485,B0DS5HPJ1M,Alien Adult Activity Book,1049766,UFOs (Books),1152
2026-05-01 11:23:35.038488,B0DS5HPJ1M,Alien Adult Activity Book,1049766,Logic & Brain Teasers (Books),2551
2026-05-01 11:23:35.038489,B0DS5HPJ1M,Alien Adult Activity Book,1049766,Puzzles (Books),5102
2026-05-01 11:23:51.271153,B0FJ8TFSZ1,Fall Word Search,6422431,Holidays (Books),769
2026-05-01 11:23:51.271156,B0FJ8TFSZ1,Fall Word Search,6422431,Word Search Games,31909
2026-05-01 11:23:51.271156,B0FJ8TFSZ1,Fall Word Search,6422431,Word Games (Books),34049
2026-05-01 11:24:07.354292,B0G4GQL5TG,Winter Word Search,9211369,Holidays (Books),1068
2026-05-01 11:24:07.354294,B0G4GQL5TG,Winter Word Search,9211369,Word Search Games,47472
2026-05-01 11:24:07.354295,B0G4GQL5TG,Winter Word Search,9211369,Word Games (Books),50142
2026-05-01 11:24:23.492384,B0G5Z47WY7,Christmas Word Search,9210892,Holidays (Books),1067
2026-05-01 11:24:23.492386,B0G5Z47WY7,Christmas Word Search,9210892,Word Search Games,47453
2026-05-01 11:24:23.492387,B0G5Z47WY7,Christmas Word Search,9210892,Word Games (Books),50122
2026-05-01 11:24:39.669222,B0D2HQ2N8G,Cryptids Word Search Large Print,,,
2026-05-01 11:24:55.871107,B0CVNHV3CV,Cryptids Word Search,3651746,Ancient & Controversial Knowledge,3866
2026-05-01 11:24:55.871110,B0CVNHV3CV,Cryptids Word Search,3651746,Unexplained Mysteries (Books),5075
2026-05-01 11:24:55.871111,B0CVNHV3CV,Cryptids Word Search,3651746,Word Search Games,16626
2026-05-01 11:25:11.958134,B0D429W5H1,Sasquatch Word Search,3829889,Unexplained Mysteries (Books),5287
2026-05-01 11:25:11.958136,B0D429W5H1,Sasquatch Word Search,3829889,Word Search Games,17537
2026-05-01 11:25:11.958137,B0D429W5H1,Sasquatch Word Search,3829889,Word Games (Books),19040
2026-05-01 11:25:28.200310,B0D429WWSQ,Sasquatch Word Search,1889219,Unexplained Mysteries (Books),3084
2026-05-01 11:25:28.200313,B0D429WWSQ,Sasquatch Word Search,1889219,Word Search Games,8314
2026-05-01 11:25:28.200313,B0D429WWSQ,Sasquatch Word Search,1889219,Word Games (Books),9240
2026-05-01 11:25:44.223920,B0D22PKCGW,Alien Word Search Large Print,3933988,UFOs (Books),3390
2026-05-01 11:25:44.223922,B0D22PKCGW,Alien Word Search Large Print,3933988,Ancient & Controversial Knowledge,4115
2026-05-01 11:25:44.223923,B0D22PKCGW,Alien Word Search Large Print,3933988,Word Search Games,18138
2026-05-01 11:26:00.464759,B0CTPR6KZ4,Alien Word Search,1651336,UFOs (Books),1762
2026-05-01 11:26:00.464762,B0CTPR6KZ4,Alien Word Search,1651336,Ancient & Controversial Knowledge,2043
2026-05-01 11:26:00.464762,B0CTPR6KZ4,Alien Word Search,1651336,Word Search Games,7301
2026-05-01 13:55:05.635185,B0G43ZNNRX,Weather Word Search Large Print,,,
2026-05-01 13:55:22.469915,B0D97NFBG2,Weather Word Search,1670442,Natural Disasters (Books),554
2026-05-01 13:55:22.469921,B0D97NFBG2,Weather Word Search,1670442,Weather (Books),822
2026-05-01 13:55:22.469922,B0D97NFBG2,Weather Word Search,1670442,Word Search Games,7403
2026-05-01 13:55:38.650078,B0D9B6HKC8,Space Word Search,8911365,Solar System (Books),813
2026-05-01 13:55:38.650081,B0D9B6HKC8,Space Word Search,8911365,Astronomy (Books),10255
2026-05-01 13:55:38.650082,B0D9B6HKC8,Space Word Search,8911365,Word Search Games,45218
2026-05-01 13:55:55.060915,B0D986WRQY,Ocean Word Search,,,
2026-05-01 13:56:11.185289,B0D9D6QJKD,Earth Science Word Search,,,
2026-05-01 13:56:27.276522,B0D9DRYQSH,Animal Word Search,,,
2026-05-01 13:56:43.513107,B0FPDF7GQV,Halloween Word Search,7465673,Holidays (Books),888
2026-05-01 13:56:43.513109,B0FPDF7GQV,Halloween Word Search,7465673,Customs & Traditions Social Sciences,5657
2026-05-01 13:56:43.513110,B0FPDF7GQV,Halloween Word Search,7465673,Ghosts & Hauntings,5867
2026-05-01 13:56:59.898603,B0DXP99LNN,Spring Word Search,5971240,Gardening & Landscape Design,26736
2026-05-01 13:56:59.898605,B0DXP99LNN,Spring Word Search,5971240,Word Search Games,29308
2026-05-01 13:56:59.898606,B0DXP99LNN,Spring Word Search,5971240,Word Games (Books),31331
2026-05-01 13:57:15.987930,B0F61TRMXM,Summer Word Search,,,
2026-05-01 13:57:32.212561,B0DTKGRKC2,Romance Word Search,8031846,Humorous Erotica (Books),22400
2026-05-01 13:57:32.212564,B0DTKGRKC2,Romance Word Search,8031846,Romantic Erotica (Books),36405
2026-05-01 13:57:32.212564,B0DTKGRKC2,Romance Word Search,8031846,Word Search Games,40921
2026-05-01 13:57:48.502615,B0DS5HPJ1M,Alien Adult Activity Book,1049749,UFOs (Books),1152
2026-05-01 13:57:48.502618,B0DS5HPJ1M,Alien Adult Activity Book,1049749,Logic & Brain Teasers (Books),2551
2026-05-01 13:57:48.502619,B0DS5HPJ1M,Alien Adult Activity Book,1049749,Puzzles (Books),5101
2026-05-01 13:58:04.690868,B0FJ8TFSZ1,Fall Word Search,6422405,Holidays (Books),769
2026-05-01 13:58:04.690871,B0FJ8TFSZ1,Fall Word Search,6422405,Word Search Games,31909
2026-05-01 13:58:04.690872,B0FJ8TFSZ1,Fall Word Search,6422405,Word Games (Books),34049
2026-05-01 13:58:20.990873,B0G4GQL5TG,Winter Word Search,9211339,Holidays (Books),1068
2026-05-01 13:58:20.990876,B0G4GQL5TG,Winter Word Search,9211339,Word Search Games,47471
2026-05-01 13:58:20.990876,B0G4GQL5TG,Winter Word Search,9211339,Word Games (Books),50141
2026-05-01 13:58:37.855161,B0G5Z47WY7,Christmas Word Search,9210862,Holidays (Books),1067
2026-05-01 13:58:37.855163,B0G5Z47WY7,Christmas Word Search,9210862,Word Search Games,47452
2026-05-01 13:58:37.855164,B0G5Z47WY7,Christmas Word Search,9210862,Word Games (Books),50121
2026-05-01 13:58:53.909107,B0D2HQ2N8G,Cryptids Word Search Large Print,,,
2026-05-01 13:59:10.141195,B0CVNHV3CV,Cryptids Word Search,3651718,Ancient & Controversial Knowledge,3866
2026-05-01 13:59:10.141199,B0CVNHV3CV,Cryptids Word Search,3651718,Unexplained Mysteries (Books),5075
2026-05-01 13:59:10.141200,B0CVNHV3CV,Cryptids Word Search,3651718,Word Search Games,16626
2026-05-01 13:59:26.255441,B0D429W5H1,Sasquatch Word Search,3829862,Unexplained Mysteries (Books),5287
2026-05-01 13:59:26.255445,B0D429W5H1,Sasquatch Word Search,3829862,Word Search Games,17537
2026-05-01 13:59:26.255446,B0D429W5H1,Sasquatch Word Search,3829862,Word Games (Books),19040
2026-05-01 13:59:42.424450,B0D429WWSQ,Sasquatch Word Search,1890189,Unexplained Mysteries (Books),3086
2026-05-01 13:59:42.424453,B0D429WWSQ,Sasquatch Word Search,1890189,Word Search Games,8319
2026-05-01 13:59:42.424453,B0D429WWSQ,Sasquatch Word Search,1890189,Word Games (Books),9246
2026-05-01 13:59:58.524844,B0D22PKCGW,Alien Word Search Large Print,3934964,UFOs (Books),3390
2026-05-01 13:59:58.524847,B0D22PKCGW,Alien Word Search Large Print,3934964,Ancient & Controversial Knowledge,4115
2026-05-01 13:59:58.524848,B0D22PKCGW,Alien Word Search Large Print,3934964,Word Search Games,18143
2026-05-01 14:00:14.776396,B0CTPR6KZ4,Alien Word Search,1651315,UFOs (Books),1762
2026-05-01 14:00:14.776399,B0CTPR6KZ4,Alien Word Search,1651315,Ancient & Controversial Knowledge,2043
2026-05-01 14:00:14.776399,B0CTPR6KZ4,Alien Word Search,1651315,Word Search Games,7301
2026-05-01 15:07:42.256543,B0D1MYMVCC,Haunted Word Search Large Print,,,
2026-05-01 15:07:59.197421,B0CSZDC243,Haunted Word Search,6662606,Ghosts & Hauntings,5506
2026-05-01 15:07:59.197424,B0CSZDC243,Haunted Word Search,6662606,Psychic Phenomena,6985
2026-05-01 15:07:59.197425,B0CSZDC243,Haunted Word Search,6662606,Supernaturalism (Books),8485
2026-05-01 15:08:15.989060,B0D3XXZRRC,Witches Word Search,5626875,Witchcraft Religion & Spirituality,6929
2026-05-01 15:08:15.989068,B0D3XXZRRC,Witches Word Search,5626875,Spiritualism,9802
2026-05-01 15:08:15.989069,B0D3XXZRRC,Witches Word Search,5626875,Word Search Games,27391
2026-05-01 15:08:32.409300,B0D3XXY1HV,Witches Word Search Large Print,,,
2026-05-01 15:08:48.838341,B0G43ZNNRX,Weather Word Search Large Print,,,
2026-05-01 15:09:05.339695,B0D97NFBG2,Weather Word Search,1671444,Natural Disasters (Books),554
2026-05-01 15:09:05.339698,B0D97NFBG2,Weather Word Search,1671444,Weather (Books),822
2026-05-01 15:09:05.339698,B0D97NFBG2,Weather Word Search,1671444,Word Search Games,7409
2026-05-01 15:09:21.663079,B0D9B6HKC8,Space Word Search,8912466,Solar System (Books),813
2026-05-01 15:09:21.663082,B0D9B6HKC8,Space Word Search,8912466,Astronomy (Books),10253
2026-05-01 15:09:21.663083,B0D9B6HKC8,Space Word Search,8912466,Word Search Games,45223
2026-05-01 15:09:38.183413,B0D986WRQY,Ocean Word Search,,,
2026-05-01 15:10:06.821742,B0D9D6QJKD,Earth Science Word Search,,,
2026-05-01 15:10:23.496161,B0D9DRYQSH,Animal Word Search,,,
2026-05-01 15:10:40.220171,B0FPDF7GQV,Halloween Word Search,7466725,Holidays (Books),888
2026-05-01 15:10:40.220174,B0FPDF7GQV,Halloween Word Search,7466725,Customs & Traditions Social Sciences,5657
2026-05-01 15:10:40.220174,B0FPDF7GQV,Halloween Word Search,7466725,Ghosts & Hauntings,5868
2026-05-01 15:10:56.607741,B0DXP99LNN,Spring Word Search,5972263,Gardening & Landscape Design,26737
2026-05-01 15:10:56.607744,B0DXP99LNN,Spring Word Search,5972263,Word Search Games,29313
2026-05-01 15:10:56.607745,B0DXP99LNN,Spring Word Search,5972263,Word Games (Books),31338
2026-05-01 15:11:13.141590,B0F61TRMXM,Summer Word Search,,,
2026-05-01 15:11:29.683371,B0DTKGRKC2,Romance Word Search,8032910,Humorous Erotica (Books),22400
2026-05-01 15:11:29.683374,B0DTKGRKC2,Romance Word Search,8032910,Romantic Erotica (Books),36408
2026-05-01 15:11:29.683375,B0DTKGRKC2,Romance Word Search,8032910,Word Search Games,40926
2026-05-01 15:11:46.179065,B0DS5HPJ1M,Alien Adult Activity Book,1050771,UFOs (Books),1152
2026-05-01 15:11:46.179067,B0DS5HPJ1M,Alien Adult Activity Book,1050771,Logic & Brain Teasers (Books),2551
2026-05-01 15:11:46.179068,B0DS5HPJ1M,Alien Adult Activity Book,1050771,Puzzles (Books),5102
2026-05-01 15:12:03.013894,B0FJ8TFSZ1,Fall Word Search,6423434,Holidays (Books),769
2026-05-01 15:12:03.013898,B0FJ8TFSZ1,Fall Word Search,6423434,Word Search Games,31914
2026-05-01 15:12:03.013899,B0FJ8TFSZ1,Fall Word Search,6423434,Word Games (Books),34056
2026-05-01 15:12:19.757115,B0G4GQL5TG,Winter Word Search,9212451,Holidays (Books),1068
2026-05-01 15:12:19.757119,B0G4GQL5TG,Winter Word Search,9212451,Word Search Games,47477
2026-05-01 15:12:19.757120,B0G4GQL5TG,Winter Word Search,9212451,Word Games (Books),50149
2026-05-01 15:12:36.298419,B0G5Z47WY7,Christmas Word Search,9211974,Holidays (Books),1067
2026-05-01 15:12:36.298422,B0G5Z47WY7,Christmas Word Search,9211974,Word Search Games,47458
2026-05-01 15:12:36.298422,B0G5Z47WY7,Christmas Word Search,9211974,Word Games (Books),50129
2026-05-01 15:12:52.900626,B0D2HQ2N8G,Cryptids Word Search Large Print,,,
2026-05-01 15:13:09.543931,B0CVNHV3CV,Cryptids Word Search,3652718,Ancient & Controversial Knowledge,3866
2026-05-01 15:13:09.543934,B0CVNHV3CV,Cryptids Word Search,3652718,Unexplained Mysteries (Books),5077
2026-05-01 15:13:09.543934,B0CVNHV3CV,Cryptids Word Search,3652718,Word Search Games,16631
2026-05-01 15:13:26.020981,B0D429W5H1,Sasquatch Word Search,3830865,Unexplained Mysteries (Books),5289
2026-05-01 15:13:26.020984,B0D429W5H1,Sasquatch Word Search,3830865,Word Search Games,17542
2026-05-01 15:13:26.020984,B0D429W5H1,Sasquatch Word Search,3830865,Word Games (Books),19047
2026-05-01 15:13:42.675211,B0D429WWSQ,Sasquatch Word Search,1890189,Unexplained Mysteries (Books),3086
2026-05-01 15:13:42.675214,B0D429WWSQ,Sasquatch Word Search,1890189,Word Search Games,8319
2026-05-01 15:13:42.675214,B0D429WWSQ,Sasquatch Word Search,1890189,Word Games (Books),9246
2026-05-01 15:13:59.180968,B0D22PKCGW,Alien Word Search Large Print,3934964,UFOs (Books),3390
2026-05-01 15:13:59.180971,B0D22PKCGW,Alien Word Search Large Print,3934964,Ancient & Controversial Knowledge,4115
2026-05-01 15:13:59.180971,B0D22PKCGW,Alien Word Search Large Print,3934964,Word Search Games,18143
2026-05-01 15:14:15.767378,B0CTPR6KZ4,Alien Word Search,1652318,UFOs (Books),1762
2026-05-01 15:14:15.767381,B0CTPR6KZ4,Alien Word Search,1652318,Ancient & Controversial Knowledge,2043
2026-05-01 15:14:15.767381,B0CTPR6KZ4,Alien Word Search,1652318,Word Search Games,7307
2026-05-01 17:08:00.198323,B0D1MYMVCC,Haunted Word Search Large Print,,,
2026-05-01 17:08:16.488670,B0CSZDC243,Haunted Word Search,6670491,Ghosts & Hauntings,5504
2026-05-01 17:08:16.488674,B0CSZDC243,Haunted Word Search,6670491,Psychic Phenomena,6984
2026-05-01 17:08:16.488674,B0CSZDC243,Haunted Word Search,6670491,Supernaturalism (Books),8487
2026-05-01 17:08:32.833951,B0D3XXZRRC,Witches Word Search,5635550,Witchcraft Religion & Spirituality,6931
2026-05-01 17:08:32.833959,B0D3XXZRRC,Witches Word Search,5635550,Spiritualism,9810
2026-05-01 17:08:32.833960,B0D3XXZRRC,Witches Word Search,5635550,Word Search Games,27395
2026-05-01 17:08:49.117831,B0D3XXY1HV,Witches Word Search Large Print,,,
2026-05-01 17:09:05.187950,B0G43ZNNRX,Weather Word Search Large Print,,,
2026-05-01 17:09:21.536279,B0D97NFBG2,Weather Word Search,1688877,Natural Disasters (Books),565
2026-05-01 17:09:21.536283,B0D97NFBG2,Weather Word Search,1688877,Weather (Books),842
2026-05-01 17:09:21.536283,B0D97NFBG2,Weather Word Search,1688877,Word Search Games,7450
2026-05-01 17:09:37.769412,B0D9B6HKC8,Space Word Search,8919082,Solar System (Books),812
2026-05-01 17:09:37.769415,B0D9B6HKC8,Space Word Search,8919082,Astronomy (Books),10263
2026-05-01 17:09:37.769416,B0D9B6HKC8,Space Word Search,8919082,Word Search Games,45224
2026-05-01 17:09:54.282703,B0D986WRQY,Ocean Word Search,,,
2026-05-01 17:10:10.448502,B0D9D6QJKD,Earth Science Word Search,,,
2026-05-01 17:10:26.635649,B0D9DRYQSH,Animal Word Search,,,
2026-05-01 17:10:42.926112,B0FPDF7GQV,Halloween Word Search,7474131,Holidays (Books),889
2026-05-01 17:10:42.926115,B0FPDF7GQV,Halloween Word Search,7474131,Customs & Traditions Social Sciences,5659
2026-05-01 17:10:42.926116,B0FPDF7GQV,Halloween Word Search,7474131,Ghosts & Hauntings,5866
2026-05-01 17:10:59.226467,B0DXP99LNN,Spring Word Search,5980672,Gardening & Landscape Design,26749
2026-05-01 17:10:59.226470,B0DXP99LNN,Spring Word Search,5980672,Word Search Games,29317
2026-05-01 17:10:59.226471,B0DXP99LNN,Spring Word Search,5980672,Word Games (Books),31352
2026-05-01 17:11:15.841365,B0F61TRMXM,Summer Word Search,,,
2026-05-01 17:11:32.188666,B0DTKGRKC2,Romance Word Search,8040002,Humorous Erotica (Books),22407
2026-05-01 17:11:32.188669,B0DTKGRKC2,Romance Word Search,8040002,Romantic Erotica (Books),36433
2026-05-01 17:11:32.188670,B0DTKGRKC2,Romance Word Search,8040002,Word Search Games,40929
2026-05-01 17:11:48.584547,B0DS5HPJ1M,Alien Adult Activity Book,1074688,UFOs (Books),1180
2026-05-01 17:11:48.584551,B0DS5HPJ1M,Alien Adult Activity Book,1074688,Logic & Brain Teasers (Books),2596
2026-05-01 17:11:48.584552,B0DS5HPJ1M,Alien Adult Activity Book,1074688,Puzzles (Books),5176
2026-05-01 17:12:05.084180,B0FJ8TFSZ1,Fall Word Search,6431506,Holidays (Books),770
2026-05-01 17:12:05.084185,B0FJ8TFSZ1,Fall Word Search,6431506,Word Search Games,31919
2026-05-01 17:12:05.084186,B0FJ8TFSZ1,Fall Word Search,6431506,Word Games (Books),34070
2026-05-01 17:12:21.426374,B0G4GQL5TG,Winter Word Search,9218932,Holidays (Books),1069
2026-05-01 17:12:21.426377,B0G4GQL5TG,Winter Word Search,9218932,Word Search Games,47478
2026-05-01 17:12:21.426378,B0G4GQL5TG,Winter Word Search,9218932,Word Games (Books),50159
2026-05-01 17:12:37.781730,B0G5Z47WY7,Christmas Word Search,9218455,Holidays (Books),1068
2026-05-01 17:12:37.781733,B0G5Z47WY7,Christmas Word Search,9218455,Word Search Games,47459
2026-05-01 17:12:37.781734,B0G5Z47WY7,Christmas Word Search,9218455,Word Games (Books),50139
2026-05-01 17:12:53.646349,B0D2HQ2N8G,Cryptids Word Search Large Print,,,
2026-05-01 17:13:09.941647,B0CVNHV3CV,Cryptids Word Search,3663812,Ancient & Controversial Knowledge,3868
2026-05-01 17:13:09.941650,B0CVNHV3CV,Cryptids Word Search,3663812,Unexplained Mysteries (Books),5087
2026-05-01 17:13:09.941651,B0CVNHV3CV,Cryptids Word Search,3663812,Word Search Games,16645
2026-05-01 17:13:26.168037,B0D429W5H1,Sasquatch Word Search,3841648,Unexplained Mysteries (Books),5298
2026-05-01 17:13:26.168040,B0D429W5H1,Sasquatch Word Search,3841648,Word Search Games,17554
2026-05-01 17:13:26.168041,B0D429W5H1,Sasquatch Word Search,3841648,Word Games (Books),19072
2026-05-01 17:13:42.576100,B0D429WWSQ,Sasquatch Word Search,1906277,Unexplained Mysteries (Books),3103
2026-05-01 17:13:42.576104,B0D429WWSQ,Sasquatch Word Search,1906277,Word Search Games,8351
2026-05-01 17:13:42.576104,B0D429WWSQ,Sasquatch Word Search,1906277,Word Games (Books),9294
2026-05-01 17:13:58.985293,B0D22PKCGW,Alien Word Search Large Print,3945581,UFOs (Books),3393
2026-05-01 17:13:58.985297,B0D22PKCGW,Alien Word Search Large Print,3945581,Ancient & Controversial Knowledge,4117
2026-05-01 17:13:58.985298,B0D22PKCGW,Alien Word Search Large Print,3945581,Word Search Games,18155
2026-05-01 17:14:15.249299,B0CTPR6KZ4,Alien Word Search,1669901,UFOs (Books),1770
2026-05-01 17:14:15.249303,B0CTPR6KZ4,Alien Word Search,1669901,Ancient & Controversial Knowledge,2055
2026-05-01 17:14:15.249304,B0CTPR6KZ4,Alien Word Search,1669901,Word Search Games,7348
2026-05-01 19:23:53.157471,B0D9JQ33BX,Paranormal Word Search,,,
2026-05-01 19:24:09.924789,B0D1MYMVCC,Haunted Word Search Large Print,,,
2026-05-01 19:24:26.193990,B0CSZDC243,Haunted Word Search,6671190,Ghosts & Hauntings,5506
2026-05-01 19:24:26.193993,B0CSZDC243,Haunted Word Search,6671190,Psychic Phenomena,6991
2026-05-01 19:24:26.193993,B0CSZDC243,Haunted Word Search,6671190,Supernaturalism (Books),8488
2026-05-01 19:24:42.518382,B0D3XXZRRC,Witches Word Search,5636248,Witchcraft Religion & Spirituality,6935
2026-05-01 19:24:42.518388,B0D3XXZRRC,Witches Word Search,5636248,Spiritualism,9822
2026-05-01 19:24:42.518389,B0D3XXZRRC,Witches Word Search,5636248,Word Search Games,27443
2026-05-01 19:24:58.712406,B0D3XXY1HV,Witches Word Search Large Print,,,
2026-05-01 19:25:15.139791,B0G43ZNNRX,Weather Word Search Large Print,,,
2026-05-01 19:25:31.407119,B0D97NFBG2,Weather Word Search,1689576,Natural Disasters (Books),565
2026-05-01 19:25:31.407121,B0D97NFBG2,Weather Word Search,1689576,Weather (Books),854
2026-05-01 19:25:31.407122,B0D97NFBG2,Weather Word Search,1689576,Word Search Games,7498
2026-05-01 19:25:47.753662,B0D9B6HKC8,Space Word Search,8919841,Solar System (Books),815
2026-05-01 19:25:47.753665,B0D9B6HKC8,Space Word Search,8919841,Astronomy (Books),10270
2026-05-01 19:25:47.753665,B0D9B6HKC8,Space Word Search,8919841,Word Search Games,45273
2026-05-01 19:26:04.225893,B0D986WRQY,Ocean Word Search,,,
2026-05-01 19:26:20.548003,B0D9D6QJKD,Earth Science Word Search,,,
2026-05-01 19:26:36.726989,B0D9DRYQSH,Animal Word Search,,,
2026-05-01 19:26:52.993042,B0FPDF7GQV,Halloween Word Search,7474841,Holidays (Books),890
2026-05-01 19:26:52.993044,B0FPDF7GQV,Halloween Word Search,7474841,Customs & Traditions Social Sciences,5661
2026-05-01 19:26:52.993045,B0FPDF7GQV,Halloween Word Search,7474841,Ghosts & Hauntings,5868
2026-05-01 19:27:09.254274,B0DXP99LNN,Spring Word Search,5981370,Gardening & Landscape Design,26788
2026-05-01 19:27:09.254276,B0DXP99LNN,Spring Word Search,5981370,Word Search Games,29365
2026-05-01 19:27:09.254277,B0DXP99LNN,Spring Word Search,5981370,Word Games (Books),31403
2026-05-01 19:27:25.559326,B0F61TRMXM,Summer Word Search,,,
2026-05-01 19:27:41.968884,B0DTKGRKC2,Romance Word Search,8040720,Humorous Erotica (Books),22409
2026-05-01 19:27:41.968888,B0DTKGRKC2,Romance Word Search,8040720,Romantic Erotica (Books),36443
2026-05-01 19:27:41.968889,B0DTKGRKC2,Romance Word Search,8040720,Word Search Games,40977
2026-05-01 19:27:58.569511,B0DS5HPJ1M,Alien Adult Activity Book,1075378,UFOs (Books),1186
2026-05-01 19:27:58.569514,B0DS5HPJ1M,Alien Adult Activity Book,1075378,Logic & Brain Teasers (Books),2614
2026-05-01 19:27:58.569514,B0DS5HPJ1M,Alien Adult Activity Book,1075378,Puzzles (Books),5222
2026-05-01 19:28:15.140475,B0FJ8TFSZ1,Fall Word Search,6432206,Holidays (Books),771
2026-05-01 19:28:15.140477,B0FJ8TFSZ1,Fall Word Search,6432206,Word Search Games,31967
2026-05-01 19:28:15.140478,B0FJ8TFSZ1,Fall Word Search,6432206,Word Games (Books),34121
2026-05-01 19:28:31.682986,B0G4GQL5TG,Winter Word Search,9219694,Holidays (Books),1070
2026-05-01 19:28:31.682988,B0G4GQL5TG,Winter Word Search,9219694,Word Search Games,47528
2026-05-01 19:28:31.682988,B0G4GQL5TG,Winter Word Search,9219694,Word Games (Books),50212
2026-05-01 19:28:48.040129,B0G5Z47WY7,Christmas Word Search,9219217,Holidays (Books),1069
2026-05-01 19:28:48.040132,B0G5Z47WY7,Christmas Word Search,9219217,Word Search Games,47509
2026-05-01 19:28:48.040133,B0G5Z47WY7,Christmas Word Search,9219217,Word Games (Books),50192
2026-05-01 19:29:04.306830,B0D2HQ2N8G,Cryptids Word Search Large Print,,,
2026-05-01 19:29:20.713752,B0CVNHV3CV,Cryptids Word Search,3664510,Ancient & Controversial Knowledge,3870
2026-05-01 19:29:20.713754,B0CVNHV3CV,Cryptids Word Search,3664510,Unexplained Mysteries (Books),5091
2026-05-01 19:29:20.713754,B0CVNHV3CV,Cryptids Word Search,3664510,Word Search Games,16693
2026-05-01 19:29:36.931594,B0D429W5H1,Sasquatch Word Search,3842346,Unexplained Mysteries (Books),5302
2026-05-01 19:29:36.931596,B0D429W5H1,Sasquatch Word Search,3842346,Word Search Games,17602
2026-05-01 19:29:36.931596,B0D429W5H1,Sasquatch Word Search,3842346,Word Games (Books),19123
2026-05-01 19:29:53.163144,B0D429WWSQ,Sasquatch Word Search,1906979,Unexplained Mysteries (Books),3107
2026-05-01 19:29:53.163147,B0D429WWSQ,Sasquatch Word Search,1906979,Word Search Games,8399
2026-05-01 19:29:53.163148,B0D429WWSQ,Sasquatch Word Search,1906979,Word Games (Books),9345
2026-05-01 19:30:09.718304,B0D22PKCGW,Alien Word Search Large Print,3946279,UFOs (Books),3399
2026-05-01 19:30:09.718306,B0D22PKCGW,Alien Word Search Large Print,3946279,Ancient & Controversial Knowledge,4119
2026-05-01 19:30:09.718307,B0D22PKCGW,Alien Word Search Large Print,3946279,Word Search Games,18203
2026-05-01 19:30:26.283302,B0CTPR6KZ4,Alien Word Search,1670600,UFOs (Books),1776
2026-05-01 19:30:26.283304,B0CTPR6KZ4,Alien Word Search,1670600,Ancient & Controversial Knowledge,2056
2026-05-01 19:30:26.283304,B0CTPR6KZ4,Alien Word Search,1670600,Word Search Games,7396
2026-05-01 21:21:39.089045,B0DXP99LNN,Spring Word Search,5981334,Gardening & Landscape Design,26788
2026-05-01 21:21:39.089049,B0DXP99LNN,Spring Word Search,5981334,Word Search Games,29365
2026-05-01 21:21:39.089050,B0DXP99LNN,Spring Word Search,5981334,Word Games (Books),31403
2026-05-01 21:21:55.770122,B0F61TRMXM,Summer Word Search,,,
2026-05-01 21:22:12.313902,B0DTKGRKC2,Romance Word Search,8040670,Humorous Erotica (Books),22407
2026-05-01 21:22:12.313904,B0DTKGRKC2,Romance Word Search,8040670,Romantic Erotica (Books),36443
2026-05-01 21:22:12.313905,B0DTKGRKC2,Romance Word Search,8040670,Word Search Games,40977
2026-05-01 21:22:28.939321,B0DS5HPJ1M,Alien Adult Activity Book,1075386,UFOs (Books),1186
2026-05-01 21:22:28.939324,B0DS5HPJ1M,Alien Adult Activity Book,1075386,Logic & Brain Teasers (Books),2614
2026-05-01 21:22:28.939325,B0DS5HPJ1M,Alien Adult Activity Book,1075386,Puzzles (Books),5222
2026-05-01 21:22:45.491199,B0FJ8TFSZ1,Fall Word Search,6432160,Holidays (Books),771
2026-05-01 21:22:45.491202,B0FJ8TFSZ1,Fall Word Search,6432160,Word Search Games,31967
2026-05-01 21:22:45.491203,B0FJ8TFSZ1,Fall Word Search,6432160,Word Games (Books),34121
2026-05-01 21:23:02.135014,B0G4GQL5TG,Winter Word Search,9219630,Holidays (Books),1070
2026-05-01 21:23:02.135016,B0G4GQL5TG,Winter Word Search,9219630,Word Search Games,47528
2026-05-01 21:23:02.135017,B0G4GQL5TG,Winter Word Search,9219630,Word Games (Books),50212
2026-05-01 21:23:18.664877,B0G5Z47WY7,Christmas Word Search,9219153,Holidays (Books),1069
2026-05-01 21:23:18.664880,B0G5Z47WY7,Christmas Word Search,9219153,Word Search Games,47509
2026-05-01 21:23:18.664880,B0G5Z47WY7,Christmas Word Search,9219153,Word Games (Books),50192
2026-05-01 21:23:35.030220,B0D2HQ2N8G,Cryptids Word Search Large Print,,,
2026-05-01 21:23:51.680436,B0CVNHV3CV,Cryptids Word Search,3664492,Ancient & Controversial Knowledge,3870
2026-05-01 21:23:51.680438,B0CVNHV3CV,Cryptids Word Search,3664492,Unexplained Mysteries (Books),5091
2026-05-01 21:23:51.680439,B0CVNHV3CV,Cryptids Word Search,3664492,Word Search Games,16693
2026-05-01 21:24:08.203052,B0D429W5H1,Sasquatch Word Search,3842326,Unexplained Mysteries (Books),5302
2026-05-01 21:24:08.203054,B0D429W5H1,Sasquatch Word Search,3842326,Word Search Games,17602
2026-05-01 21:24:08.203055,B0D429W5H1,Sasquatch Word Search,3842326,Word Games (Books),19123
2026-05-01 21:24:24.794901,B0D429WWSQ,Sasquatch Word Search,1906984,Unexplained Mysteries (Books),3107
2026-05-01 21:24:24.794903,B0D429WWSQ,Sasquatch Word Search,1906984,Word Search Games,8399
2026-05-01 21:24:24.794904,B0D429WWSQ,Sasquatch Word Search,1906984,Word Games (Books),9345
2026-05-01 21:24:41.331779,B0D22PKCGW,Alien Word Search Large Print,3946259,UFOs (Books),3399
2026-05-01 21:24:41.331782,B0D22PKCGW,Alien Word Search Large Print,3946259,Ancient & Controversial Knowledge,4119
2026-05-01 21:24:41.331782,B0D22PKCGW,Alien Word Search Large Print,3946259,Word Search Games,18203
2026-05-01 21:24:57.922252,B0CTPR6KZ4,Alien Word Search,1670606,UFOs (Books),1776
2026-05-01 21:24:57.922254,B0CTPR6KZ4,Alien Word Search,1670606,Ancient & Controversial Knowledge,2056
2026-05-01 21:24:57.922255,B0CTPR6KZ4,Alien Word Search,1670606,Word Search Games,7396
2026-05-01 22:57:43.205651,B0D9JQ33BX,Paranormal Word Search,,,
2026-05-01 22:58:00.420179,B0D1MYMVCC,Haunted Word Search Large Print,,,
2026-05-01 22:58:16.782753,B0CSZDC243,Haunted Word Search,6678890,Ghosts & Hauntings,5508
2026-05-01 22:58:16.782756,B0CSZDC243,Haunted Word Search,6678890,Psychic Phenomena,6993
2026-05-01 22:58:16.782757,B0CSZDC243,Haunted Word Search,6678890,Supernaturalism (Books),8491
2026-05-01 22:58:33.147761,B0D3XXZRRC,Witches Word Search,5644945,Witchcraft Religion & Spirituality,6938
2026-05-01 22:58:33.147766,B0D3XXZRRC,Witches Word Search,5644945,Spiritualism,9825
2026-05-01 22:58:33.147767,B0D3XXZRRC,Witches Word Search,5644945,Word Search Games,27459
2026-05-01 22:58:49.535302,B0D3XXY1HV,Witches Word Search Large Print,,,
2026-05-01 22:59:06.071539,B0G43ZNNRX,Weather Word Search Large Print,,,
2026-05-01 22:59:22.432281,B0D97NFBG2,Weather Word Search,1710384,Natural Disasters (Books),568
2026-05-01 22:59:22.432283,B0D97NFBG2,Weather Word Search,1710384,Weather (Books),866
2026-05-01 22:59:22.432284,B0D97NFBG2,Weather Word Search,1710384,Word Search Games,7558
2026-05-01 22:59:38.904430,B0D9B6HKC8,Space Word Search,8926167,Solar System (Books),815
2026-05-01 22:59:38.904432,B0D9B6HKC8,Space Word Search,8926167,Astronomy (Books),10274
2026-05-01 22:59:38.904433,B0D9B6HKC8,Space Word Search,8926167,Word Search Games,45280
2026-05-01 22:59:55.532365,B0D986WRQY,Ocean Word Search,,,
2026-05-01 23:00:11.689285,B0D9D6QJKD,Earth Science Word Search,,,
2026-05-01 23:00:27.912093,B0D9DRYQSH,Animal Word Search,,,
2026-05-01 23:00:44.374686,B0FPDF7GQV,Halloween Word Search,7481964,Holidays (Books),891
2026-05-01 23:00:44.374688,B0FPDF7GQV,Halloween Word Search,7481964,Customs & Traditions Social Sciences,5663
2026-05-01 23:00:44.374688,B0FPDF7GQV,Halloween Word Search,7481964,Ghosts & Hauntings,5870
2026-05-01 23:01:00.525532,B0DXP99LNN,Spring Word Search,5989693,Gardening & Landscape Design,26798
2026-05-01 23:01:00.525535,B0DXP99LNN,Spring Word Search,5989693,Word Search Games,29380
2026-05-01 23:01:00.525536,B0DXP99LNN,Spring Word Search,5989693,Word Games (Books),31420
2026-05-01 23:01:16.906132,B0F61TRMXM,Summer Word Search,,,
2026-05-01 23:01:33.256186,B0DTKGRKC2,Romance Word Search,8047537,Humorous Erotica (Books),22402
2026-05-01 23:01:33.256189,B0DTKGRKC2,Romance Word Search,8047537,Romantic Erotica (Books),36451
2026-05-01 23:01:33.256189,B0DTKGRKC2,Romance Word Search,8047537,Word Search Games,40985
2026-05-01 23:01:49.564068,B0DS5HPJ1M,Alien Adult Activity Book,1105067,UFOs (Books),1201
2026-05-01 23:01:49.564070,B0DS5HPJ1M,Alien Adult Activity Book,1105067,Logic & Brain Teasers (Books),2650
2026-05-01 23:01:49.564070,B0DS5HPJ1M,Alien Adult Activity Book,1105067,Puzzles (Books),5308
2026-05-01 23:02:05.810874,B0FJ8TFSZ1,Fall Word Search,6440113,Holidays (Books),772
2026-05-01 23:02:05.810877,B0FJ8TFSZ1,Fall Word Search,6440113,Word Search Games,31979
2026-05-01 23:02:05.810877,B0FJ8TFSZ1,Fall Word Search,6440113,Word Games (Books),34134
2026-05-01 23:02:22.316992,B0G4GQL5TG,Winter Word Search,9225917,Holidays (Books),1071
2026-05-01 23:02:22.316994,B0G4GQL5TG,Winter Word Search,9225917,Word Search Games,47534
2026-05-01 23:02:22.316995,B0G4GQL5TG,Winter Word Search,9225917,Word Games (Books),50218
2026-05-01 23:02:38.610533,B0G5Z47WY7,Christmas Word Search,9225440,Holidays (Books),1070
2026-05-01 23:02:38.610535,B0G5Z47WY7,Christmas Word Search,9225440,Word Search Games,47515
2026-05-01 23:02:38.610536,B0G5Z47WY7,Christmas Word Search,9225440,Word Games (Books),50198
2026-05-01 23:02:54.692694,B0D2HQ2N8G,Cryptids Word Search Large Print,,,
2026-05-01 23:03:10.958148,B0CVNHV3CV,Cryptids Word Search,3676355,Ancient & Controversial Knowledge,3874
2026-05-01 23:03:10.958150,B0CVNHV3CV,Cryptids Word Search,3676355,Unexplained Mysteries (Books),5095
2026-05-01 23:03:10.958151,B0CVNHV3CV,Cryptids Word Search,3676355,Word Search Games,16720
2026-05-01 23:03:27.428579,B0D429W5H1,Sasquatch Word Search,3853718,Unexplained Mysteries (Books),5305
2026-05-01 23:03:27.428582,B0D429W5H1,Sasquatch Word Search,3853718,Word Search Games,17628
2026-05-01 23:03:27.428582,B0D429W5H1,Sasquatch Word Search,3853718,Word Games (Books),19151
2026-05-01 23:03:43.746126,B0D429WWSQ,Sasquatch Word Search,1929794,Unexplained Mysteries (Books),3122
2026-05-01 23:03:43.746128,B0D429WWSQ,Sasquatch Word Search,1929794,Word Search Games,8450
2026-05-01 23:03:43.746129,B0D429WWSQ,Sasquatch Word Search,1929794,Word Games (Books),9399
2026-05-01 23:04:00.178383,B0D22PKCGW,Alien Word Search Large Print,3957452,UFOs (Books),3401
2026-05-01 23:04:00.178389,B0D22PKCGW,Alien Word Search Large Print,3957452,Ancient & Controversial Knowledge,4122
2026-05-01 23:04:00.178390,B0D22PKCGW,Alien Word Search Large Print,3957452,Word Search Games,18229
2026-05-01 23:04:16.592492,B0CTPR6KZ4,Alien Word Search,1695532,UFOs (Books),1784
2026-05-01 23:04:16.592495,B0CTPR6KZ4,Alien Word Search,1695532,Ancient & Controversial Knowledge,2064
2026-05-01 23:04:16.592495,B0CTPR6KZ4,Alien Word Search,1695532,Word Search Games,7458
2026-05-02 00:08:38.982769,B0D97NFBG2,Weather Word Search,1710384,Natural Disasters (Books),568
2026-05-02 00:08:38.982774,B0D97NFBG2,Weather Word Search,1710384,Weather (Books),866
2026-05-02 00:08:38.982775,B0D97NFBG2,Weather Word Search,1710384,Word Search Games,7558
2026-05-02 00:08:55.187456,B0D9B6HKC8,Space Word Search,8930059,Solar System (Books),815
2026-05-02 00:08:55.187459,B0D9B6HKC8,Space Word Search,8930059,Astronomy (Books),10274
2026-05-02 00:08:55.187460,B0D9B6HKC8,Space Word Search,8930059,Word Search Games,45279
2026-05-02 00:09:11.512496,B0D986WRQY,Ocean Word Search,,,
2026-05-02 00:09:27.578261,B0D9D6QJKD,Earth Science Word Search,,,
2026-05-02 00:09:43.745412,B0D9DRYQSH,Animal Word Search,,,
2026-05-02 00:09:59.982437,B0FPDF7GQV,Halloween Word Search,7485849,Holidays (Books),891
2026-05-02 00:09:59.982439,B0FPDF7GQV,Halloween Word Search,7485849,Customs & Traditions Social Sciences,5663
2026-05-02 00:09:59.982440,B0FPDF7GQV,Halloween Word Search,7485849,Ghosts & Hauntings,5870
2026-05-02 00:10:16.223774,B0DXP99LNN,Spring Word Search,5993578,Gardening & Landscape Design,26799
2026-05-02 00:10:16.223777,B0DXP99LNN,Spring Word Search,5993578,Word Search Games,29379
2026-05-02 00:10:16.223777,B0DXP99LNN,Spring Word Search,5993578,Word Games (Books),31419
2026-05-02 00:10:32.555015,B0F61TRMXM,Summer Word Search,,,
2026-05-02 00:10:48.916220,B0DTKGRKC2,Romance Word Search,8051424,Humorous Erotica (Books),22402
2026-05-02 00:10:48.916226,B0DTKGRKC2,Romance Word Search,8051424,Romantic Erotica (Books),36454
2026-05-02 00:10:48.916227,B0DTKGRKC2,Romance Word Search,8051424,Word Search Games,40984
2026-05-02 00:11:05.214214,B0DS5HPJ1M,Alien Adult Activity Book,1108951,UFOs (Books),1202
2026-05-02 00:11:05.214217,B0DS5HPJ1M,Alien Adult Activity Book,1108951,Logic & Brain Teasers (Books),2650
2026-05-02 00:11:05.214217,B0DS5HPJ1M,Alien Adult Activity Book,1108951,Puzzles (Books),5308
2026-05-02 00:11:21.499224,B0FJ8TFSZ1,Fall Word Search,6444001,Holidays (Books),772
2026-05-02 00:11:21.499231,B0FJ8TFSZ1,Fall Word Search,6444001,Word Search Games,31978
2026-05-02 00:11:21.499232,B0FJ8TFSZ1,Fall Word Search,6444001,Word Games (Books),34133
2026-05-02 00:11:37.652033,B0G4GQL5TG,Winter Word Search,9229810,Holidays (Books),1071
2026-05-02 00:11:37.652035,B0G4GQL5TG,Winter Word Search,9229810,Word Search Games,47533
2026-05-02 00:11:37.652036,B0G4GQL5TG,Winter Word Search,9229810,Word Games (Books),50218
2026-05-02 00:11:53.841104,B0G5Z47WY7,Christmas Word Search,9229333,Holidays (Books),1070
2026-05-02 00:11:53.841107,B0G5Z47WY7,Christmas Word Search,9229333,Word Search Games,47514
2026-05-02 00:11:53.841107,B0G5Z47WY7,Christmas Word Search,9229333,Word Games (Books),50198
2026-05-02 00:12:10.019586,B0D2HQ2N8G,Cryptids Word Search Large Print,,,
2026-05-02 00:12:26.377508,B0CVNHV3CV,Cryptids Word Search,3680230,Ancient & Controversial Knowledge,3874
2026-05-02 00:12:26.377510,B0CVNHV3CV,Cryptids Word Search,3680230,Unexplained Mysteries (Books),5094
2026-05-02 00:12:26.377511,B0CVNHV3CV,Cryptids Word Search,3680230,Word Search Games,16719
2026-05-02 00:12:42.558997,B0D429W5H1,Sasquatch Word Search,3857593,Unexplained Mysteries (Books),5304
2026-05-02 00:12:42.559000,B0D429W5H1,Sasquatch Word Search,3857593,Word Search Games,17627
2026-05-02 00:12:42.559000,B0D429W5H1,Sasquatch Word Search,3857593,Word Games (Books),19150
2026-05-02 00:12:58.794520,B0D429WWSQ,Sasquatch Word Search,1929771,Unexplained Mysteries (Books),3122
2026-05-02 00:12:58.794523,B0D429WWSQ,Sasquatch Word Search,1929771,Word Search Games,8450
2026-05-02 00:12:58.794523,B0D429WWSQ,Sasquatch Word Search,1929771,Word Games (Books),9399
2026-05-02 00:13:15.032105,B0D22PKCGW,Alien Word Search Large Print,3961328,UFOs (Books),3402
2026-05-02 00:13:15.032107,B0D22PKCGW,Alien Word Search Large Print,3961328,Ancient & Controversial Knowledge,4122
2026-05-02 00:13:15.032108,B0D22PKCGW,Alien Word Search Large Print,3961328,Word Search Games,18228
2026-05-02 00:13:31.460555,B0CTPR6KZ4,Alien Word Search,1695511,UFOs (Books),1784
2026-05-02 00:13:31.460557,B0CTPR6KZ4,Alien Word Search,1695511,Ancient & Controversial Knowledge,2064
2026-05-02 00:13:31.460558,B0CTPR6KZ4,Alien Word Search,1695511,Word Search Games,7458
2026-05-02 03:53:35.870447,B0G43ZNNRX,Weather Word Search Large Print,,,
2026-05-02 03:53:51.834117,B0D97NFBG2,Weather Word Search,1700650,Natural Disasters (Books),562
2026-05-02 03:53:51.834121,B0D97NFBG2,Weather Word Search,1700650,Weather (Books),823
2026-05-02 03:53:51.834122,B0D97NFBG2,Weather Word Search,1700650,Word Search Games,7532
2026-05-02 03:54:08.337489,B0D9B6HKC8,Space Word Search,8937890,Solar System (Books),815
2026-05-02 03:54:08.337491,B0D9B6HKC8,Space Word Search,8937890,Astronomy (Books),10278
2026-05-02 03:54:08.337492,B0D9B6HKC8,Space Word Search,8937890,Word Search Games,45295
2026-05-02 03:54:24.605280,B0D986WRQY,Ocean Word Search,,,
2026-05-02 03:54:40.964099,B0D9D6QJKD,Earth Science Word Search,,,
2026-05-02 03:54:57.263094,B0D9DRYQSH,Animal Word Search,,,
2026-05-02 03:55:13.572434,B0FPDF7GQV,Halloween Word Search,7484673,Holidays (Books),893
2026-05-02 03:55:13.572436,B0FPDF7GQV,Halloween Word Search,7484673,Customs & Traditions Social Sciences,5664
2026-05-02 03:55:13.572436,B0FPDF7GQV,Halloween Word Search,7484673,Ghosts & Hauntings,5866
2026-05-02 03:55:29.568840,B0DXP99LNN,Spring Word Search,5988551,Gardening & Landscape Design,26773
2026-05-02 03:55:29.568842,B0DXP99LNN,Spring Word Search,5988551,Word Search Games,29346
2026-05-02 03:55:29.568843,B0DXP99LNN,Spring Word Search,5988551,Word Games (Books),31385
2026-05-02 03:55:45.977082,B0F61TRMXM,Summer Word Search,,,
2026-05-02 03:56:02.172925,B0DTKGRKC2,Romance Word Search,8053042,Humorous Erotica (Books),22393
2026-05-02 03:56:02.172929,B0DTKGRKC2,Romance Word Search,8053042,Romantic Erotica (Books),36450
2026-05-02 03:56:02.172931,B0DTKGRKC2,Romance Word Search,8053042,Word Search Games,40966
2026-05-02 03:56:18.416619,B0DS5HPJ1M,Alien Adult Activity Book,1201823,UFOs (Books),1299
2026-05-02 03:56:18.416621,B0DS5HPJ1M,Alien Adult Activity Book,1201823,Logic & Brain Teasers (Books),2907
2026-05-02 03:56:18.416622,B0DS5HPJ1M,Alien Adult Activity Book,1201823,Puzzles (Books),5762
2026-05-02 03:56:34.577843,B0FJ8TFSZ1,Fall Word Search,6448835,Holidays (Books),773
2026-05-02 03:56:34.577846,B0FJ8TFSZ1,Fall Word Search,6448835,Word Search Games,31989
2026-05-02 03:56:34.577846,B0FJ8TFSZ1,Fall Word Search,6448835,Word Games (Books),34144
2026-05-02 03:56:50.952405,B0G4GQL5TG,Winter Word Search,9237423,Holidays (Books),1073
2026-05-02 03:56:50.952407,B0G4GQL5TG,Winter Word Search,9237423,Word Search Games,47550
2026-05-02 03:56:50.952408,B0G4GQL5TG,Winter Word Search,9237423,Word Games (Books),50237
2026-05-02 03:57:07.232107,B0G5Z47WY7,Christmas Word Search,9236947,Holidays (Books),1072
2026-05-02 03:57:07.232109,B0G5Z47WY7,Christmas Word Search,9236947,Word Search Games,47531
2026-05-02 03:57:07.232110,B0G5Z47WY7,Christmas Word Search,9236947,Word Games (Books),50217
2026-05-02 03:57:23.475267,B0D2HQ2N8G,Cryptids Word Search Large Print,,,
2026-05-02 03:57:39.618379,B0CVNHV3CV,Cryptids Word Search,3661735,Ancient & Controversial Knowledge,3853
2026-05-02 03:57:39.618381,B0CVNHV3CV,Cryptids Word Search,3661735,Unexplained Mysteries (Books),5073
2026-05-02 03:57:39.618382,B0CVNHV3CV,Cryptids Word Search,3661735,Word Search Games,16634
2026-05-02 03:57:55.741042,B0D429W5H1,Sasquatch Word Search,3845655,Unexplained Mysteries (Books),5282
2026-05-02 03:57:55.741044,B0D429W5H1,Sasquatch Word Search,3845655,Word Search Games,17552
2026-05-02 03:57:55.741045,B0D429W5H1,Sasquatch Word Search,3845655,Word Games (Books),19068
2026-05-02 03:58:12.058290,B0D429WWSQ,Sasquatch Word Search,2015832,Unexplained Mysteries (Books),3239
2026-05-02 03:58:12.058293,B0D429WWSQ,Sasquatch Word Search,2015832,Word Search Games,8847
2026-05-02 03:58:12.058293,B0D429WWSQ,Sasquatch Word Search,2015832,Word Games (Books),9824
2026-05-02 03:58:28.254946,B0D22PKCGW,Alien Word Search Large Print,3961221,UFOs (Books),3394
2026-05-02 03:58:28.254948,B0D22PKCGW,Alien Word Search Large Print,3961221,Ancient & Controversial Knowledge,4118
2026-05-02 03:58:28.254949,B0D22PKCGW,Alien Word Search Large Print,3961221,Word Search Games,18189
2026-05-02 03:58:44.658584,B0CTPR6KZ4,Alien Word Search,1708043,UFOs (Books),1810
2026-05-02 03:58:44.658586,B0CTPR6KZ4,Alien Word Search,1708043,Ancient & Controversial Knowledge,2096
2026-05-02 03:58:44.658586,B0CTPR6KZ4,Alien Word Search,1708043,Word Search Games,7565
2026-05-02 06:38:30.997287,B0DTKGRKC2,Romance Word Search,8056309,Humorous Erotica (Books),22395
2026-05-02 06:38:30.997289,B0DTKGRKC2,Romance Word Search,8056309,Romantic Erotica (Books),36451
2026-05-02 06:38:30.997290,B0DTKGRKC2,Romance Word Search,8056309,Word Search Games,40968
2026-05-02 06:38:47.379734,B0DS5HPJ1M,Alien Adult Activity Book,1204960,UFOs (Books),1300
2026-05-02 06:38:47.379737,B0DS5HPJ1M,Alien Adult Activity Book,1204960,Logic & Brain Teasers (Books),2908
2026-05-02 06:38:47.379737,B0DS5HPJ1M,Alien Adult Activity Book,1204960,Puzzles (Books),5763
2026-05-02 06:39:03.727786,B0FJ8TFSZ1,Fall Word Search,6452064,Holidays (Books),773
2026-05-02 06:39:03.727788,B0FJ8TFSZ1,Fall Word Search,6452064,Word Search Games,31991
2026-05-02 06:39:03.727789,B0FJ8TFSZ1,Fall Word Search,6452064,Word Games (Books),34146
2026-05-02 06:39:20.080012,B0G4GQL5TG,Winter Word Search,9240736,Holidays (Books),1073
2026-05-02 06:39:20.080014,B0G4GQL5TG,Winter Word Search,9240736,Word Search Games,47552
2026-05-02 06:39:20.080014,B0G4GQL5TG,Winter Word Search,9240736,Word Games (Books),50239
2026-05-02 06:39:36.267433,B0G5Z47WY7,Christmas Word Search,9240260,Holidays (Books),1072
2026-05-02 06:39:36.267435,B0G5Z47WY7,Christmas Word Search,9240260,Word Search Games,47533
2026-05-02 06:39:36.267436,B0G5Z47WY7,Christmas Word Search,9240260,Word Games (Books),50219
2026-05-02 06:39:52.303999,B0D2HQ2N8G,Cryptids Word Search Large Print,,,
2026-05-02 06:40:08.543949,B0CVNHV3CV,Cryptids Word Search,3664906,Ancient & Controversial Knowledge,3854
2026-05-02 06:40:08.543953,B0CVNHV3CV,Cryptids Word Search,3664906,Unexplained Mysteries (Books),5073
2026-05-02 06:40:08.543955,B0CVNHV3CV,Cryptids Word Search,3664906,Word Search Games,16636
2026-05-02 06:40:24.577976,B0D429W5H1,Sasquatch Word Search,3848832,Unexplained Mysteries (Books),5282
2026-05-02 06:40:24.577980,B0D429W5H1,Sasquatch Word Search,3848832,Word Search Games,17554
2026-05-02 06:40:24.577981,B0D429W5H1,Sasquatch Word Search,3848832,Word Games (Books),19070
2026-05-02 06:40:40.566649,B0D429WWSQ,Sasquatch Word Search,2018963,Unexplained Mysteries (Books),3239
2026-05-02 06:40:40.566651,B0D429WWSQ,Sasquatch Word Search,2018963,Word Search Games,8849
2026-05-02 06:40:40.566651,B0D429WWSQ,Sasquatch Word Search,2018963,Word Games (Books),9826
2026-05-02 06:40:56.984029,B0D22PKCGW,Alien Word Search Large Print,3964401,UFOs (Books),3395
2026-05-02 06:40:56.984032,B0D22PKCGW,Alien Word Search Large Print,3964401,Ancient & Controversial Knowledge,4119
2026-05-02 06:40:56.984033,B0D22PKCGW,Alien Word Search Large Print,3964401,Word Search Games,18191
2026-05-02 06:41:13.185454,B0CTPR6KZ4,Alien Word Search,1711172,UFOs (Books),1811
2026-05-02 06:41:13.185457,B0CTPR6KZ4,Alien Word Search,1711172,Ancient & Controversial Knowledge,2097
2026-05-02 06:41:13.185457,B0CTPR6KZ4,Alien Word Search,1711172,Word Search Games,7567
2026-05-02 08:30:20.487589,B0CSZDC243,Haunted Word Search,,,
2026-05-02 08:30:36.499227,B0D3XXZRRC,Witches Word Search,5710021,Witchcraft Religion & Spirituality,6973
2026-05-02 08:30:36.499230,B0D3XXZRRC,Witches Word Search,5710021,Spiritualism,9900
2026-05-02 08:30:36.499231,B0D3XXZRRC,Witches Word Search,5710021,Word Search Games,27771
2026-05-02 08:30:52.823924,B0D3XXY1HV,Witches Word Search Large Print,,,
2026-05-02 08:31:08.915498,B0G43ZNNRX,Weather Word Search Large Print,,,
2026-05-02 08:31:25.127555,B0D97NFBG2,Weather Word Search,1707607,Natural Disasters (Books),562
2026-05-02 08:31:25.127557,B0D97NFBG2,Weather Word Search,1707607,Weather (Books),825
2026-05-02 08:31:25.127558,B0D97NFBG2,Weather Word Search,1707607,Word Search Games,7535
2026-05-02 08:31:41.316035,B0D9B6HKC8,Space Word Search,8945177,Solar System (Books),815
2026-05-02 08:31:41.316038,B0D9B6HKC8,Space Word Search,8945177,Astronomy (Books),10278
2026-05-02 08:31:41.316039,B0D9B6HKC8,Space Word Search,8945177,Word Search Games,45298
2026-05-02 08:31:57.624911,B0D986WRQY,Ocean Word Search,,,
2026-05-02 08:32:13.978172,B0D9D6QJKD,Earth Science Word Search,,,
2026-05-02 08:32:30.061941,B0D9DRYQSH,Animal Word Search,,,
2026-05-02 08:32:46.214852,B0FPDF7GQV,Halloween Word Search,7487936,Holidays (Books),893
2026-05-02 08:32:46.214856,B0FPDF7GQV,Halloween Word Search,7487936,Customs & Traditions Social Sciences,5665
2026-05-02 08:32:46.214857,B0FPDF7GQV,Halloween Word Search,7487936,Ghosts & Hauntings,5866
2026-05-02 08:33:02.250868,B0DXP99LNN,Spring Word Search,5995693,Gardening & Landscape Design,26776
2026-05-02 08:33:02.250871,B0DXP99LNN,Spring Word Search,5995693,Word Search Games,29349
2026-05-02 08:33:02.250873,B0DXP99LNN,Spring Word Search,5995693,Word Games (Books),31388
2026-05-02 08:33:18.440429,B0F61TRMXM,Summer Word Search,,,
2026-05-02 08:33:34.569045,B0DTKGRKC2,Romance Word Search,8060283,Humorous Erotica (Books),22394
2026-05-02 08:33:34.569047,B0DTKGRKC2,Romance Word Search,8060283,Romantic Erotica (Books),36454
2026-05-02 08:33:34.569048,B0DTKGRKC2,Romance Word Search,8060283,Word Search Games,40969
2026-05-02 08:33:50.909649,B0DS5HPJ1M,Alien Adult Activity Book,1208769,UFOs (Books),1300
2026-05-02 08:33:50.909652,B0DS5HPJ1M,Alien Adult Activity Book,1208769,Logic & Brain Teasers (Books),2907
2026-05-02 08:33:50.909652,B0DS5HPJ1M,Alien Adult Activity Book,1208769,Puzzles (Books),5766
2026-05-02 08:34:07.150757,B0FJ8TFSZ1,Fall Word Search,6452064,Holidays (Books),773
2026-05-02 08:34:07.150760,B0FJ8TFSZ1,Fall Word Search,6452064,Word Search Games,31991
2026-05-02 08:34:07.150760,B0FJ8TFSZ1,Fall Word Search,6452064,Word Games (Books),34146
2026-05-02 08:34:23.373114,B0G4GQL5TG,Winter Word Search,9244737,Holidays (Books),1073
2026-05-02 08:34:23.373117,B0G4GQL5TG,Winter Word Search,9244737,Word Search Games,47553
2026-05-02 08:34:23.373119,B0G4GQL5TG,Winter Word Search,9244737,Word Games (Books),50240
2026-05-02 08:34:39.446926,B0G5Z47WY7,Christmas Word Search,9244261,Holidays (Books),1072
2026-05-02 08:34:39.446929,B0G5Z47WY7,Christmas Word Search,9244261,Word Search Games,47534
2026-05-02 08:34:39.446930,B0G5Z47WY7,Christmas Word Search,9244261,Word Games (Books),50220
2026-05-02 08:34:55.329983,B0D2HQ2N8G,Cryptids Word Search Large Print,,,
2026-05-02 08:35:11.553739,B0CVNHV3CV,Cryptids Word Search,3668779,Ancient & Controversial Knowledge,3854
2026-05-02 08:35:11.553742,B0CVNHV3CV,Cryptids Word Search,3668779,Unexplained Mysteries (Books),5072
2026-05-02 08:35:11.553743,B0CVNHV3CV,Cryptids Word Search,3668779,Word Search Games,16637
2026-05-02 08:35:27.844970,B0D429W5H1,Sasquatch Word Search,3852704,Unexplained Mysteries (Books),5281
2026-05-02 08:35:27.844972,B0D429W5H1,Sasquatch Word Search,3852704,Word Search Games,17555
2026-05-02 08:35:27.844973,B0D429W5H1,Sasquatch Word Search,3852704,Word Games (Books),19071
2026-05-02 08:35:43.952058,B0D429WWSQ,Sasquatch Word Search,2022800,Unexplained Mysteries (Books),3238
2026-05-02 08:35:43.952060,B0D429WWSQ,Sasquatch Word Search,2022800,Word Search Games,8850
2026-05-02 08:35:43.952061,B0D429WWSQ,Sasquatch Word Search,2022800,Word Games (Books),9827
2026-05-02 08:35:59.952149,B0D22PKCGW,Alien Word Search Large Print,3968275,UFOs (Books),3395
2026-05-02 08:35:59.952152,B0D22PKCGW,Alien Word Search Large Print,3968275,Ancient & Controversial Knowledge,4119
2026-05-02 08:35:59.952153,B0D22PKCGW,Alien Word Search Large Print,3968275,Word Search Games,18192
2026-05-02 08:36:15.914628,B0CTPR6KZ4,Alien Word Search,1715001,UFOs (Books),1811
2026-05-02 08:36:15.914630,B0CTPR6KZ4,Alien Word Search,1715001,Ancient & Controversial Knowledge,2097
2026-05-02 08:36:15.914631,B0CTPR6KZ4,Alien Word Search,1715001,Word Search Games,7568
2026-05-02 10:22:11.501904,B0D9DRYQSH,Animal Word Search,,,
2026-05-02 10:22:28.288243,B0FPDF7GQV,Halloween Word Search,7500950,Holidays (Books),892
2026-05-02 10:22:28.288245,B0FPDF7GQV,Halloween Word Search,7500950,Customs & Traditions Social Sciences,5668
2026-05-02 10:22:28.288246,B0FPDF7GQV,Halloween Word Search,7500950,Ghosts & Hauntings,5867
2026-05-02 10:22:44.715304,B0DXP99LNN,Spring Word Search,6007037,Gardening & Landscape Design,26795
2026-05-02 10:22:44.715308,B0DXP99LNN,Spring Word Search,6007037,Word Search Games,29378
2026-05-02 10:22:44.715309,B0DXP99LNN,Spring Word Search,6007037,Word Games (Books),31420
2026-05-02 10:23:01.110054,B0F61TRMXM,Summer Word Search,,,
2026-05-02 10:23:17.452227,B0DTKGRKC2,Romance Word Search,8068697,Humorous Erotica (Books),22405
2026-05-02 10:23:17.452230,B0DTKGRKC2,Romance Word Search,8068697,Romantic Erotica (Books),36475
2026-05-02 10:23:17.452230,B0DTKGRKC2,Romance Word Search,8068697,Word Search Games,40993
2026-05-02 10:23:33.905110,B0DS5HPJ1M,Alien Adult Activity Book,1251086,UFOs (Books),1336
2026-05-02 10:23:33.905112,B0DS5HPJ1M,Alien Adult Activity Book,1251086,Logic & Brain Teasers (Books),2994
2026-05-02 10:23:33.905113,B0DS5HPJ1M,Alien Adult Activity Book,1251086,Puzzles (Books),5933
2026-05-02 10:23:55.426847,B0FJ8TFSZ1,Fall Word Search,6466720,Holidays (Books),773
2026-05-02 10:23:55.426849,B0FJ8TFSZ1,Fall Word Search,6466720,Word Search Games,32009
2026-05-02 10:23:55.426850,B0FJ8TFSZ1,Fall Word Search,6466720,Word Games (Books),34167
2026-05-02 10:24:11.908568,B0G4GQL5TG,Winter Word Search,9251457,Holidays (Books),1072
2026-05-02 10:24:11.908570,B0G4GQL5TG,Winter Word Search,9251457,Word Search Games,47572
2026-05-02 10:24:11.908571,B0G4GQL5TG,Winter Word Search,9251457,Word Games (Books),50258
2026-05-02 10:24:28.359120,B0G5Z47WY7,Christmas Word Search,9250983,Holidays (Books),1071
2026-05-02 10:24:28.359122,B0G5Z47WY7,Christmas Word Search,9250983,Word Search Games,47553
2026-05-02 10:24:28.359123,B0G5Z47WY7,Christmas Word Search,9250983,Word Games (Books),50238
2026-05-02 10:24:44.808811,B0D2HQ2N8G,Cryptids Word Search Large Print,,,
2026-05-02 10:25:01.257887,B0CVNHV3CV,Cryptids Word Search,3751035,Ancient & Controversial Knowledge,3926
2026-05-02 10:25:01.257889,B0CVNHV3CV,Cryptids Word Search,3751035,Unexplained Mysteries (Books),5161
2026-05-02 10:25:01.257889,B0CVNHV3CV,Cryptids Word Search,3751035,Word Search Games,16986
2026-05-02 10:25:17.629940,B0D429W5H1,Sasquatch Word Search,3814807,Unexplained Mysteries (Books),5244
2026-05-02 10:25:17.629942,B0D429W5H1,Sasquatch Word Search,3814807,Word Search Games,17307
2026-05-02 10:25:17.629943,B0D429W5H1,Sasquatch Word Search,3814807,Word Games (Books),18811
2026-05-02 10:25:34.173701,B0D429WWSQ,Sasquatch Word Search,2050772,Unexplained Mysteries (Books),3275
2026-05-02 10:25:34.173703,B0D429WWSQ,Sasquatch Word Search,2050772,Word Search Games,8938
2026-05-02 10:25:34.173704,B0D429WWSQ,Sasquatch Word Search,2050772,Word Games (Books),9919
2026-05-02 10:25:50.606673,B0D22PKCGW,Alien Word Search Large Print,3984870,UFOs (Books),3398
2026-05-02 10:25:50.606675,B0D22PKCGW,Alien Word Search Large Print,3984870,Ancient & Controversial Knowledge,4127
2026-05-02 10:25:50.606676,B0D22PKCGW,Alien Word Search Large Print,3984870,Word Search Games,18228
2026-05-02 10:26:07.146351,B0CTPR6KZ4,Alien Word Search,1748250,UFOs (Books),1833
2026-05-02 10:26:07.146353,B0CTPR6KZ4,Alien Word Search,1748250,Ancient & Controversial Knowledge,2127
2026-05-02 10:26:07.146354,B0CTPR6KZ4,Alien Word Search,1748250,Word Search Games,7690
2026-05-02 11:55:01.996570,B0D1MYMVCC,Haunted Word Search Large Print,,,
2026-05-02 11:55:17.971114,B0CSZDC243,Haunted Word Search,6708891,Ghosts & Hauntings,5511
2026-05-02 11:55:17.971118,B0CSZDC243,Haunted Word Search,6708891,Psychic Phenomena,6995
2026-05-02 11:55:17.971118,B0CSZDC243,Haunted Word Search,6708891,Supernaturalism (Books),8499
2026-05-02 11:55:34.154519,B0D3XXZRRC,Witches Word Search,5724580,Witchcraft Religion & Spirituality,6972
2026-05-02 11:55:34.154526,B0D3XXZRRC,Witches Word Search,5724580,Spiritualism,9902
2026-05-02 11:55:34.154527,B0D3XXZRRC,Witches Word Search,5724580,Word Search Games,27799
2026-05-02 11:55:50.269419,B0D3XXY1HV,Witches Word Search Large Print,,,
2026-05-02 11:56:06.422950,B0G43ZNNRX,Weather Word Search Large Print,,,
2026-05-02 11:56:22.484976,B0D97NFBG2,Weather Word Search,1741949,Natural Disasters (Books),568
2026-05-02 11:56:22.484979,B0D97NFBG2,Weather Word Search,1741949,Weather (Books),842
2026-05-02 11:56:22.484980,B0D97NFBG2,Weather Word Search,1741949,Word Search Games,7648
2026-05-02 11:56:39.363072,B0D9B6HKC8,Space Word Search,8954807,Solar System (Books),816
2026-05-02 11:56:39.363075,B0D9B6HKC8,Space Word Search,8954807,Astronomy (Books),10290
2026-05-02 11:56:39.363076,B0D9B6HKC8,Space Word Search,8954807,Word Search Games,45321
2026-05-02 11:56:55.620984,B0D986WRQY,Ocean Word Search,,,
2026-05-02 11:57:11.610461,B0D9D6QJKD,Earth Science Word Search,,,
2026-05-02 11:57:27.828756,B0D9DRYQSH,Animal Word Search,,,
2026-05-02 11:57:48.175807,B0FPDF7GQV,Halloween Word Search,7503593,Holidays (Books),892
2026-05-02 11:57:48.175810,B0FPDF7GQV,Halloween Word Search,7503593,Customs & Traditions Social Sciences,5668
2026-05-02 11:57:48.175811,B0FPDF7GQV,Halloween Word Search,7503593,Ghosts & Hauntings,5867
2026-05-02 11:58:04.406794,B0DXP99LNN,Spring Word Search,6009683,Gardening & Landscape Design,26796
2026-05-02 11:58:04.406797,B0DXP99LNN,Spring Word Search,6009683,Word Search Games,29379
2026-05-02 11:58:04.406797,B0DXP99LNN,Spring Word Search,6009683,Word Games (Books),31421
2026-05-02 11:58:20.513666,B0F61TRMXM,Summer Word Search,,,
2026-05-02 11:58:36.881191,B0DTKGRKC2,Romance Word Search,8071340,Humorous Erotica (Books),22405
2026-05-02 11:58:36.881193,B0DTKGRKC2,Romance Word Search,8071340,Romantic Erotica (Books),36472
2026-05-02 11:58:36.881194,B0DTKGRKC2,Romance Word Search,8071340,Word Search Games,40994
2026-05-02 11:58:53.021856,B0DS5HPJ1M,Alien Adult Activity Book,1253758,UFOs (Books),1336
2026-05-02 11:58:53.021858,B0DS5HPJ1M,Alien Adult Activity Book,1253758,Logic & Brain Teasers (Books),2994
2026-05-02 11:58:53.021859,B0DS5HPJ1M,Alien Adult Activity Book,1253758,Puzzles (Books),5933
2026-05-02 11:59:09.277551,B0FJ8TFSZ1,Fall Word Search,6469366,Holidays (Books),773
2026-05-02 11:59:09.277554,B0FJ8TFSZ1,Fall Word Search,6469366,Word Search Games,32010
2026-05-02 11:59:09.277554,B0FJ8TFSZ1,Fall Word Search,6469366,Word Games (Books),34168
2026-05-02 11:59:25.658723,B0G4GQL5TG,Winter Word Search,9254105,Holidays (Books),1072
2026-05-02 11:59:25.658726,B0G4GQL5TG,Winter Word Search,9254105,Word Search Games,47573
2026-05-02 11:59:25.658727,B0G4GQL5TG,Winter Word Search,9254105,Word Games (Books),50259
2026-05-02 11:59:41.742649,B0G5Z47WY7,Christmas Word Search,9253631,Holidays (Books),1071
2026-05-02 11:59:41.742652,B0G5Z47WY7,Christmas Word Search,9253631,Word Search Games,47554
2026-05-02 11:59:41.742652,B0G5Z47WY7,Christmas Word Search,9253631,Word Games (Books),50239
2026-05-02 11:59:57.836555,B0D2HQ2N8G,Cryptids Word Search Large Print,,,
2026-05-02 12:00:14.046185,B0CVNHV3CV,Cryptids Word Search,3753690,Ancient & Controversial Knowledge,3926
2026-05-02 12:00:14.046187,B0CVNHV3CV,Cryptids Word Search,3753690,Unexplained Mysteries (Books),5161
2026-05-02 12:00:14.046188,B0CVNHV3CV,Cryptids Word Search,3753690,Word Search Games,16987
2026-05-02 12:00:30.030582,B0D429W5H1,Sasquatch Word Search,3817464,Unexplained Mysteries (Books),5244
2026-05-02 12:00:30.030584,B0D429W5H1,Sasquatch Word Search,3817464,Word Search Games,17308
2026-05-02 12:00:30.030584,B0D429W5H1,Sasquatch Word Search,3817464,Word Games (Books),18812
2026-05-02 12:00:46.199842,B0D429WWSQ,Sasquatch Word Search,2053438,Unexplained Mysteries (Books),3275
2026-05-02 12:00:46.199848,B0D429WWSQ,Sasquatch Word Search,2053438,Word Search Games,8938
2026-05-02 12:00:46.199849,B0D429WWSQ,Sasquatch Word Search,2053438,Word Games (Books),9919
2026-05-02 12:01:02.361053,B0D22PKCGW,Alien Word Search Large Print,3987527,UFOs (Books),3398
2026-05-02 12:01:02.361058,B0D22PKCGW,Alien Word Search Large Print,3987527,Ancient & Controversial Knowledge,4127
2026-05-02 12:01:02.361059,B0D22PKCGW,Alien Word Search Large Print,3987527,Word Search Games,18229
2026-05-02 12:01:18.543145,B0CTPR6KZ4,Alien Word Search,1750921,UFOs (Books),1833
2026-05-02 12:01:18.543148,B0CTPR6KZ4,Alien Word Search,1750921,Ancient & Controversial Knowledge,2127
2026-05-02 12:01:18.543149,B0CTPR6KZ4,Alien Word Search,1750921,Word Search Games,7690
2026-05-02 13:47:10.526255,B0G43ZNNRX,Weather Word Search Large Print,,,
2026-05-02 13:47:26.371582,B0D97NFBG2,Weather Word Search,1742295,Natural Disasters (Books),568
2026-05-02 13:47:26.371587,B0D97NFBG2,Weather Word Search,1742295,Weather (Books),842
2026-05-02 13:47:26.371588,B0D97NFBG2,Weather Word Search,1742295,Word Search Games,7648
2026-05-02 13:47:42.451047,B0D9B6HKC8,Space Word Search,8955164,Solar System (Books),816
2026-05-02 13:47:42.451049,B0D9B6HKC8,Space Word Search,8955164,Astronomy (Books),10290
2026-05-02 13:47:42.451050,B0D9B6HKC8,Space Word Search,8955164,Word Search Games,45322
2026-05-02 13:47:58.987403,B0D986WRQY,Ocean Word Search,,,
2026-05-02 13:48:15.052716,B0D9D6QJKD,Earth Science Word Search,,,
2026-05-02 13:48:31.173525,B0D9DRYQSH,Animal Word Search,,,
2026-05-02 13:48:47.345541,B0FPDF7GQV,Halloween Word Search,7503940,Holidays (Books),892
2026-05-02 13:48:47.345544,B0FPDF7GQV,Halloween Word Search,7503940,Customs & Traditions Social Sciences,5668
2026-05-02 13:48:47.345544,B0FPDF7GQV,Halloween Word Search,7503940,Ghosts & Hauntings,5867
2026-05-02 13:49:03.383316,B0DXP99LNN,Spring Word Search,6010023,Gardening & Landscape Design,26794
2026-05-02 13:49:03.383319,B0DXP99LNN,Spring Word Search,6010023,Word Search Games,29380
2026-05-02 13:49:03.383319,B0DXP99LNN,Spring Word Search,6010023,Word Games (Books),31422
2026-05-02 13:49:19.410801,B0F61TRMXM,Summer Word Search,,,
2026-05-02 13:49:35.568305,B0DTKGRKC2,Romance Word Search,8071693,Humorous Erotica (Books),22405
2026-05-02 13:49:35.568308,B0DTKGRKC2,Romance Word Search,8071693,Romantic Erotica (Books),36472
2026-05-02 13:49:35.568308,B0DTKGRKC2,Romance Word Search,8071693,Word Search Games,40995
2026-05-02 13:49:51.740169,B0DS5HPJ1M,Alien Adult Activity Book,1254110,UFOs (Books),1336
2026-05-02 13:49:51.740172,B0DS5HPJ1M,Alien Adult Activity Book,1254110,Logic & Brain Teasers (Books),2994
2026-05-02 13:49:51.740172,B0DS5HPJ1M,Alien Adult Activity Book,1254110,Puzzles (Books),5933
2026-05-02 13:50:07.929646,B0FJ8TFSZ1,Fall Word Search,6469710,Holidays (Books),773
2026-05-02 13:50:07.929648,B0FJ8TFSZ1,Fall Word Search,6469710,Word Search Games,32011
2026-05-02 13:50:07.929649,B0FJ8TFSZ1,Fall Word Search,6469710,Word Games (Books),34169
2026-05-02 13:50:24.019179,B0G4GQL5TG,Winter Word Search,9254463,Holidays (Books),1072
2026-05-02 13:50:24.019181,B0G4GQL5TG,Winter Word Search,9254463,Word Search Games,47574
2026-05-02 13:50:24.019182,B0G4GQL5TG,Winter Word Search,9254463,Word Games (Books),50260
2026-05-02 13:50:40.190207,B0G5Z47WY7,Christmas Word Search,9253989,Holidays (Books),1071
2026-05-02 13:50:40.190209,B0G5Z47WY7,Christmas Word Search,9253989,Word Search Games,47555
2026-05-02 13:50:40.190210,B0G5Z47WY7,Christmas Word Search,9253989,Word Games (Books),50240
2026-05-02 13:50:56.289456,B0D2HQ2N8G,Cryptids Word Search Large Print,,,
2026-05-02 13:51:12.497560,B0CVNHV3CV,Cryptids Word Search,3754024,Ancient & Controversial Knowledge,3926
2026-05-02 13:51:12.497562,B0CVNHV3CV,Cryptids Word Search,3754024,Unexplained Mysteries (Books),5161
2026-05-02 13:51:12.497563,B0CVNHV3CV,Cryptids Word Search,3754024,Word Search Games,16988
2026-05-02 13:51:28.579591,B0D429W5H1,Sasquatch Word Search,3817798,Unexplained Mysteries (Books),5244
2026-05-02 13:51:28.579593,B0D429W5H1,Sasquatch Word Search,3817798,Word Search Games,17309
2026-05-02 13:51:28.579593,B0D429W5H1,Sasquatch Word Search,3817798,Word Games (Books),18813
2026-05-02 13:51:44.832916,B0D429WWSQ,Sasquatch Word Search,2053777,Unexplained Mysteries (Books),3275
2026-05-02 13:51:44.832918,B0D429WWSQ,Sasquatch Word Search,2053777,Word Search Games,8938
2026-05-02 13:51:44.832919,B0D429WWSQ,Sasquatch Word Search,2053777,Word Games (Books),9919
2026-05-02 13:52:01.005592,B0D22PKCGW,Alien Word Search Large Print,3987861,UFOs (Books),3398
2026-05-02 13:52:01.005596,B0D22PKCGW,Alien Word Search Large Print,3987861,Ancient & Controversial Knowledge,4127
2026-05-02 13:52:01.005597,B0D22PKCGW,Alien Word Search Large Print,3987861,Word Search Games,18230
2026-05-02 13:52:17.260133,B0CTPR6KZ4,Alien Word Search,1751267,UFOs (Books),1833
2026-05-02 13:52:17.260136,B0CTPR6KZ4,Alien Word Search,1751267,Ancient & Controversial Knowledge,2127
2026-05-02 13:52:17.260136,B0CTPR6KZ4,Alien Word Search,1751267,Word Search Games,7690
2026-05-02 15:01:53.703615,B0CSZDC243,Haunted Word Search,,,
2026-05-02 15:02:10.498552,B0D3XXZRRC,Witches Word Search,5724918,Witchcraft Religion & Spirituality,6973
2026-05-02 15:02:10.498554,B0D3XXZRRC,Witches Word Search,5724918,Spiritualism,9902
2026-05-02 15:02:10.498555,B0D3XXZRRC,Witches Word Search,5724918,Word Search Games,27800
2026-05-02 15:02:26.597661,B0D3XXY1HV,Witches Word Search Large Print,,,
2026-05-02 15:02:42.820188,B0G43ZNNRX,Weather Word Search Large Print,,,
2026-05-02 15:02:59.172745,B0D97NFBG2,Weather Word Search,1742295,Natural Disasters (Books),568
2026-05-02 15:02:59.172747,B0D97NFBG2,Weather Word Search,1742295,Weather (Books),842
2026-05-02 15:02:59.172748,B0D97NFBG2,Weather Word Search,1742295,Word Search Games,7648
2026-05-02 15:03:15.459798,B0D9B6HKC8,Space Word Search,8955164,Solar System (Books),816
2026-05-02 15:03:15.459800,B0D9B6HKC8,Space Word Search,8955164,Astronomy (Books),10290
2026-05-02 15:03:15.459801,B0D9B6HKC8,Space Word Search,8955164,Word Search Games,45322
2026-05-02 15:03:31.661132,B0D986WRQY,Ocean Word Search,,,
2026-05-02 15:03:47.852611,B0D9D6QJKD,Earth Science Word Search,,,
2026-05-02 15:04:04.173385,B0D9DRYQSH,Animal Word Search,,,
2026-05-02 15:04:20.257554,B0FPDF7GQV,Halloween Word Search,7503940,Holidays (Books),892
2026-05-02 15:04:20.257556,B0FPDF7GQV,Halloween Word Search,7503940,Customs & Traditions Social Sciences,5668
2026-05-02 15:04:20.257557,B0FPDF7GQV,Halloween Word Search,7503940,Ghosts & Hauntings,5867
2026-05-02 15:04:36.463795,B0DXP99LNN,Spring Word Search,6010023,Gardening & Landscape Design,26794
2026-05-02 15:04:36.463797,B0DXP99LNN,Spring Word Search,6010023,Word Search Games,29380
2026-05-02 15:04:36.463798,B0DXP99LNN,Spring Word Search,6010023,Word Games (Books),31422
2026-05-02 15:04:52.473511,B0F61TRMXM,Summer Word Search,,,
2026-05-02 15:05:08.677810,B0DTKGRKC2,Romance Word Search,8071693,Humorous Erotica (Books),22405
2026-05-02 15:05:08.677814,B0DTKGRKC2,Romance Word Search,8071693,Romantic Erotica (Books),36472
2026-05-02 15:05:08.677814,B0DTKGRKC2,Romance Word Search,8071693,Word Search Games,40995
2026-05-02 15:05:24.891857,B0DS5HPJ1M,Alien Adult Activity Book,1254110,UFOs (Books),1336
2026-05-02 15:05:24.891861,B0DS5HPJ1M,Alien Adult Activity Book,1254110,Logic & Brain Teasers (Books),2994
2026-05-02 15:05:24.891862,B0DS5HPJ1M,Alien Adult Activity Book,1254110,Puzzles (Books),5933
2026-05-02 15:05:41.172504,B0FJ8TFSZ1,Fall Word Search,6469710,Holidays (Books),773
2026-05-02 15:05:41.172507,B0FJ8TFSZ1,Fall Word Search,6469710,Word Search Games,32011
2026-05-02 15:05:41.172507,B0FJ8TFSZ1,Fall Word Search,6469710,Word Games (Books),34169
2026-05-02 15:05:57.539376,B0G4GQL5TG,Winter Word Search,9254463,Holidays (Books),1072
2026-05-02 15:05:57.539379,B0G4GQL5TG,Winter Word Search,9254463,Word Search Games,47574
2026-05-02 15:05:57.539379,B0G4GQL5TG,Winter Word Search,9254463,Word Games (Books),50260
2026-05-02 15:06:13.824794,B0G5Z47WY7,Christmas Word Search,9253989,Holidays (Books),1071
2026-05-02 15:06:13.824796,B0G5Z47WY7,Christmas Word Search,9253989,Word Search Games,47555
2026-05-02 15:06:13.824797,B0G5Z47WY7,Christmas Word Search,9253989,Word Games (Books),50240
2026-05-02 15:06:29.903635,B0D2HQ2N8G,Cryptids Word Search Large Print,,,
2026-05-02 15:06:46.142893,B0CVNHV3CV,Cryptids Word Search,3754024,Ancient & Controversial Knowledge,3926
2026-05-02 15:06:46.142895,B0CVNHV3CV,Cryptids Word Search,3754024,Unexplained Mysteries (Books),5161
2026-05-02 15:06:46.142895,B0CVNHV3CV,Cryptids Word Search,3754024,Word Search Games,16988
2026-05-02 15:07:02.347002,B0D429W5H1,Sasquatch Word Search,3817798,Unexplained Mysteries (Books),5244
2026-05-02 15:07:02.347005,B0D429W5H1,Sasquatch Word Search,3817798,Word Search Games,17309
2026-05-02 15:07:02.347005,B0D429W5H1,Sasquatch Word Search,3817798,Word Games (Books),18813
2026-05-02 15:07:18.538672,B0D429WWSQ,Sasquatch Word Search,2053777,Unexplained Mysteries (Books),3275
2026-05-02 15:07:18.538674,B0D429WWSQ,Sasquatch Word Search,2053777,Word Search Games,8938
2026-05-02 15:07:18.538674,B0D429WWSQ,Sasquatch Word Search,2053777,Word Games (Books),9919
2026-05-02 15:07:34.851731,B0D22PKCGW,Alien Word Search Large Print,3987861,UFOs (Books),3398
2026-05-02 15:07:34.851733,B0D22PKCGW,Alien Word Search Large Print,3987861,Ancient & Controversial Knowledge,4127
2026-05-02 15:07:34.851733,B0D22PKCGW,Alien Word Search Large Print,3987861,Word Search Games,18230
2026-05-02 15:07:51.060358,B0CTPR6KZ4,Alien Word Search,1751267,UFOs (Books),1833
2026-05-02 15:07:51.060360,B0CTPR6KZ4,Alien Word Search,1751267,Ancient & Controversial Knowledge,2127
2026-05-02 15:07:51.060360,B0CTPR6KZ4,Alien Word Search,1751267,Word Search Games,7690
2026-05-02 15:59:54.366038,B0D1MYMVCC,Haunted Word Search Large Print,,,
2026-05-02 16:00:15.559048,B0CSZDC243,Haunted Word Search,6726314,Ghosts & Hauntings,5511
2026-05-02 16:00:15.559050,B0CSZDC243,Haunted Word Search,6726314,Psychic Phenomena,6996
2026-05-02 16:00:15.559051,B0CSZDC243,Haunted Word Search,6726314,Supernaturalism (Books),8500
2026-05-02 16:00:31.677887,B0D3XXZRRC,Witches Word Search,5724918,Witchcraft Religion & Spirituality,6973
2026-05-02 16:00:31.677895,B0D3XXZRRC,Witches Word Search,5724918,Spiritualism,9902
2026-05-02 16:00:31.677896,B0D3XXZRRC,Witches Word Search,5724918,Word Search Games,27800
2026-05-02 16:00:47.648977,B0D3XXY1HV,Witches Word Search Large Print,,,
2026-05-02 16:01:03.781381,B0G43ZNNRX,Weather Word Search Large Print,,,
2026-05-02 16:01:19.984095,B0D97NFBG2,Weather Word Search,1742295,Natural Disasters (Books),568
2026-05-02 16:01:19.984097,B0D97NFBG2,Weather Word Search,1742295,Weather (Books),842
2026-05-02 16:01:19.984098,B0D97NFBG2,Weather Word Search,1742295,Word Search Games,7648
2026-05-02 16:01:36.289842,B0D9B6HKC8,Space Word Search,8955164,Solar System (Books),816
2026-05-02 16:01:36.289846,B0D9B6HKC8,Space Word Search,8955164,Astronomy (Books),10290
2026-05-02 16:01:36.289847,B0D9B6HKC8,Space Word Search,8955164,Word Search Games,45322
2026-05-02 16:01:52.534738,B0D986WRQY,Ocean Word Search,,,
2026-05-02 16:02:08.787283,B0D9D6QJKD,Earth Science Word Search,,,
2026-05-02 16:02:24.998940,B0D9DRYQSH,Animal Word Search,,,
2026-05-02 16:02:41.107695,B0FPDF7GQV,Halloween Word Search,7503940,Holidays (Books),892
2026-05-02 16:02:41.107697,B0FPDF7GQV,Halloween Word Search,7503940,Customs & Traditions Social Sciences,5668
2026-05-02 16:02:41.107698,B0FPDF7GQV,Halloween Word Search,7503940,Ghosts & Hauntings,5867
2026-05-02 16:02:57.200296,B0DXP99LNN,Spring Word Search,6010023,Gardening & Landscape Design,26794
2026-05-02 16:02:57.200299,B0DXP99LNN,Spring Word Search,6010023,Word Search Games,29380
2026-05-02 16:02:57.200300,B0DXP99LNN,Spring Word Search,6010023,Word Games (Books),31422
2026-05-02 16:03:13.313751,B0F61TRMXM,Summer Word Search,,,
2026-05-02 16:03:29.324042,B0DTKGRKC2,Romance Word Search,8071693,Humorous Erotica (Books),22405
2026-05-02 16:03:29.324044,B0DTKGRKC2,Romance Word Search,8071693,Romantic Erotica (Books),36472
2026-05-02 16:03:29.324045,B0DTKGRKC2,Romance Word Search,8071693,Word Search Games,40995
2026-05-02 16:03:45.459861,B0DS5HPJ1M,Alien Adult Activity Book,1254110,UFOs (Books),1336
2026-05-02 16:03:45.459863,B0DS5HPJ1M,Alien Adult Activity Book,1254110,Logic & Brain Teasers (Books),2994
2026-05-02 16:03:45.459864,B0DS5HPJ1M,Alien Adult Activity Book,1254110,Puzzles (Books),5933
2026-05-02 16:04:01.786620,B0FJ8TFSZ1,Fall Word Search,6469710,Holidays (Books),773
2026-05-02 16:04:01.786622,B0FJ8TFSZ1,Fall Word Search,6469710,Word Search Games,32011
2026-05-02 16:04:01.786623,B0FJ8TFSZ1,Fall Word Search,6469710,Word Games (Books),34169
2026-05-02 16:04:17.946131,B0G4GQL5TG,Winter Word Search,9254463,Holidays (Books),1072
2026-05-02 16:04:17.946133,B0G4GQL5TG,Winter Word Search,9254463,Word Search Games,47574
2026-05-02 16:04:17.946134,B0G4GQL5TG,Winter Word Search,9254463,Word Games (Books),50260
2026-05-02 16:04:34.043342,B0G5Z47WY7,Christmas Word Search,9253989,Holidays (Books),1071
2026-05-02 16:04:34.043344,B0G5Z47WY7,Christmas Word Search,9253989,Word Search Games,47555
2026-05-02 16:04:34.043345,B0G5Z47WY7,Christmas Word Search,9253989,Word Games (Books),50240
2026-05-02 16:04:49.993718,B0D2HQ2N8G,Cryptids Word Search Large Print,,,
2026-05-02 16:05:06.263906,B0CVNHV3CV,Cryptids Word Search,3754024,Ancient & Controversial Knowledge,3926
2026-05-02 16:05:06.263908,B0CVNHV3CV,Cryptids Word Search,3754024,Unexplained Mysteries (Books),5161
2026-05-02 16:05:06.263909,B0CVNHV3CV,Cryptids Word Search,3754024,Word Search Games,16988
2026-05-02 16:05:22.327994,B0D429W5H1,Sasquatch Word Search,3817798,Unexplained Mysteries (Books),5244
2026-05-02 16:05:22.327996,B0D429W5H1,Sasquatch Word Search,3817798,Word Search Games,17309
2026-05-02 16:05:22.327996,B0D429W5H1,Sasquatch Word Search,3817798,Word Games (Books),18813
2026-05-02 16:05:38.676439,B0D429WWSQ,Sasquatch Word Search,2053777,Unexplained Mysteries (Books),3275
2026-05-02 16:05:38.676441,B0D429WWSQ,Sasquatch Word Search,2053777,Word Search Games,8938
2026-05-02 16:05:38.676442,B0D429WWSQ,Sasquatch Word Search,2053777,Word Games (Books),9919
2026-05-02 16:05:54.934318,B0D22PKCGW,Alien Word Search Large Print,3987861,UFOs (Books),3398
2026-05-02 16:05:54.934320,B0D22PKCGW,Alien Word Search Large Print,3987861,Ancient & Controversial Knowledge,4127
2026-05-02 16:05:54.934321,B0D22PKCGW,Alien Word Search Large Print,3987861,Word Search Games,18230
2026-05-02 16:06:11.033794,B0CTPR6KZ4,Alien Word Search,1776252,UFOs (Books),1843
2026-05-02 16:06:11.033796,B0CTPR6KZ4,Alien Word Search,1776252,Ancient & Controversial Knowledge,2132
2026-05-02 16:06:11.033796,B0CTPR6KZ4,Alien Word Search,1776252,Word Search Games,7720
2026-05-02 17:15:22.592113,B0D986WRQY,Ocean Word Search,,,
2026-05-02 17:15:39.288818,B0D9D6QJKD,Earth Science Word Search,,,
2026-05-02 17:15:55.599021,B0D9DRYQSH,Animal Word Search,,,
2026-05-02 17:16:11.746772,B0FPDF7GQV,Halloween Word Search,7513579,Holidays (Books),893
2026-05-02 17:16:11.746775,B0FPDF7GQV,Halloween Word Search,7513579,Customs & Traditions Social Sciences,5674
2026-05-02 17:16:11.746776,B0FPDF7GQV,Halloween Word Search,7513579,Ghosts & Hauntings,5867
2026-05-02 17:16:28.056317,B0DXP99LNN,Spring Word Search,6020541,Gardening & Landscape Design,26820
2026-05-02 17:16:28.056319,B0DXP99LNN,Spring Word Search,6020541,Word Search Games,29422
2026-05-02 17:16:28.056320,B0DXP99LNN,Spring Word Search,6020541,Word Games (Books),31461
2026-05-02 17:16:44.178715,B0F61TRMXM,Summer Word Search,,,
2026-05-02 17:17:00.453271,B0DTKGRKC2,Romance Word Search,8089195,Humorous Erotica (Books),22408
2026-05-02 17:17:00.453273,B0DTKGRKC2,Romance Word Search,8089195,Romantic Erotica (Books),36463
2026-05-02 17:17:00.453274,B0DTKGRKC2,Romance Word Search,8089195,Word Search Games,41012
2026-05-02 17:17:16.806564,B0DS5HPJ1M,Alien Adult Activity Book,1284221,UFOs (Books),1357
2026-05-02 17:17:16.806567,B0DS5HPJ1M,Alien Adult Activity Book,1284221,Logic & Brain Teasers (Books),3027
2026-05-02 17:17:16.806567,B0DS5HPJ1M,Alien Adult Activity Book,1284221,Puzzles (Books),6005
2026-05-02 17:17:33.123814,B0FJ8TFSZ1,Fall Word Search,6479941,Holidays (Books),774
2026-05-02 17:17:33.123816,B0FJ8TFSZ1,Fall Word Search,6479941,Word Search Games,32053
2026-05-02 17:17:33.123817,B0FJ8TFSZ1,Fall Word Search,6479941,Word Games (Books),34207
2026-05-02 17:17:49.374141,B0G4GQL5TG,Winter Word Search,9263383,Holidays (Books),1073
2026-05-02 17:17:49.374144,B0G4GQL5TG,Winter Word Search,9263383,Word Search Games,47613
2026-05-02 17:17:49.374144,B0G4GQL5TG,Winter Word Search,9263383,Word Games (Books),50295
2026-05-02 17:18:05.605978,B0G5Z47WY7,Christmas Word Search,9262909,Holidays (Books),1072
2026-05-02 17:18:05.605980,B0G5Z47WY7,Christmas Word Search,9262909,Word Search Games,47594
2026-05-02 17:18:05.605981,B0G5Z47WY7,Christmas Word Search,9262909,Word Games (Books),50275
2026-05-02 17:18:21.847747,B0D2HQ2N8G,Cryptids Word Search Large Print,,,
2026-05-02 17:18:38.218189,B0CVNHV3CV,Cryptids Word Search,3766800,Ancient & Controversial Knowledge,3928
2026-05-02 17:18:38.218191,B0CVNHV3CV,Cryptids Word Search,3766800,Unexplained Mysteries (Books),5163
2026-05-02 17:18:38.218191,B0CVNHV3CV,Cryptids Word Search,3766800,Word Search Games,17040
2026-05-02 17:18:54.528158,B0D429W5H1,Sasquatch Word Search,3830463,Unexplained Mysteries (Books),5246
2026-05-02 17:18:54.528162,B0D429W5H1,Sasquatch Word Search,3830463,Word Search Games,17360
2026-05-02 17:18:54.528163,B0D429W5H1,Sasquatch Word Search,3830463,Word Games (Books),18861
2026-05-02 17:19:10.909816,B0D429WWSQ,Sasquatch Word Search,2070547,Unexplained Mysteries (Books),3280
2026-05-02 17:19:10.909818,B0D429WWSQ,Sasquatch Word Search,2070547,Word Search Games,9002
2026-05-02 17:19:10.909819,B0D429WWSQ,Sasquatch Word Search,2070547,Word Games (Books),9983
2026-05-02 17:19:27.213921,B0D22PKCGW,Alien Word Search Large Print,4000269,UFOs (Books),3404
2026-05-02 17:19:27.213924,B0D22PKCGW,Alien Word Search Large Print,4000269,Ancient & Controversial Knowledge,4129
2026-05-02 17:19:27.213924,B0D22PKCGW,Alien Word Search Large Print,4000269,Word Search Games,18280
2026-05-02 17:19:43.449764,B0CTPR6KZ4,Alien Word Search,1769284,UFOs (Books),1844
2026-05-02 17:19:43.449767,B0CTPR6KZ4,Alien Word Search,1769284,Ancient & Controversial Knowledge,2132
2026-05-02 17:19:43.449767,B0CTPR6KZ4,Alien Word Search,1769284,Word Search Games,7760
2026-05-02 19:18:43.143268,B0D3XXZRRC,Witches Word Search,,,
2026-05-02 19:19:00.091125,B0D3XXY1HV,Witches Word Search Large Print,,,
2026-05-02 19:19:16.377920,B0G43ZNNRX,Weather Word Search Large Print,,,
2026-05-02 19:19:32.683829,B0D97NFBG2,Weather Word Search,1768366,Natural Disasters (Books),607
2026-05-02 19:19:32.683835,B0D97NFBG2,Weather Word Search,1768366,Weather (Books),947
2026-05-02 19:19:32.683836,B0D97NFBG2,Weather Word Search,1768366,Word Search Games,7744
2026-05-02 19:19:48.850732,B0D9B6HKC8,Space Word Search,8972310,Solar System (Books),818
2026-05-02 19:19:48.850737,B0D9B6HKC8,Space Word Search,8972310,Astronomy (Books),10337
2026-05-02 19:19:48.850738,B0D9B6HKC8,Space Word Search,8972310,Word Search Games,45389
2026-05-02 19:20:05.213774,B0D986WRQY,Ocean Word Search,,,
2026-05-02 19:20:21.531889,B0D9D6QJKD,Earth Science Word Search,,,
2026-05-02 19:20:37.659765,B0D9DRYQSH,Animal Word Search,,,
2026-05-02 19:20:53.834807,B0FPDF7GQV,Halloween Word Search,7521700,Holidays (Books),893
2026-05-02 19:20:53.834810,B0FPDF7GQV,Halloween Word Search,7521700,Customs & Traditions Social Sciences,5676
2026-05-02 19:20:53.834811,B0FPDF7GQV,Halloween Word Search,7521700,Ghosts & Hauntings,5869
2026-05-02 19:21:10.078466,B0DXP99LNN,Spring Word Search,6028654,Gardening & Landscape Design,26876
2026-05-02 19:21:10.078470,B0DXP99LNN,Spring Word Search,6028654,Word Search Games,29448
2026-05-02 19:21:10.078471,B0DXP99LNN,Spring Word Search,6028654,Word Games (Books),31487
2026-05-02 19:21:26.229770,B0F61TRMXM,Summer Word Search,,,
2026-05-02 19:21:42.502745,B0DTKGRKC2,Romance Word Search,8089149,Humorous Erotica (Books),22411
2026-05-02 19:21:42.502749,B0DTKGRKC2,Romance Word Search,8089149,Romantic Erotica (Books),36476
2026-05-02 19:21:42.502750,B0DTKGRKC2,Romance Word Search,8089149,Word Search Games,41059
2026-05-02 19:21:58.774849,B0DS5HPJ1M,Alien Adult Activity Book,1284203,UFOs (Books),1365
2026-05-02 19:21:58.774852,B0DS5HPJ1M,Alien Adult Activity Book,1284203,Logic & Brain Teasers (Books),3049
2026-05-02 19:21:58.774853,B0DS5HPJ1M,Alien Adult Activity Book,1284203,Puzzles (Books),6048
2026-05-02 19:22:15.178839,B0FJ8TFSZ1,Fall Word Search,6488057,Holidays (Books),774
2026-05-02 19:22:15.178843,B0FJ8TFSZ1,Fall Word Search,6488057,Word Search Games,32079
2026-05-02 19:22:15.178844,B0FJ8TFSZ1,Fall Word Search,6488057,Word Games (Books),34233
2026-05-02 19:22:31.595803,B0G4GQL5TG,Winter Word Search,9271553,Holidays (Books),1073
2026-05-02 19:22:31.595807,B0G4GQL5TG,Winter Word Search,9271553,Word Search Games,47642
2026-05-02 19:22:31.595807,B0G4GQL5TG,Winter Word Search,9271553,Word Games (Books),50324
2026-05-02 19:22:47.990727,B0G5Z47WY7,Christmas Word Search,9271079,Holidays (Books),1072
2026-05-02 19:22:47.990731,B0G5Z47WY7,Christmas Word Search,9271079,Word Search Games,47623
2026-05-02 19:22:47.990732,B0G5Z47WY7,Christmas Word Search,9271079,Word Games (Books),50304
2026-05-02 19:23:04.194927,B0D2HQ2N8G,Cryptids Word Search Large Print,,,
2026-05-02 19:23:20.389764,B0CVNHV3CV,Cryptids Word Search,3774909,Ancient & Controversial Knowledge,3935
2026-05-02 19:23:20.389768,B0CVNHV3CV,Cryptids Word Search,3774909,Unexplained Mysteries (Books),5171
2026-05-02 19:23:20.389769,B0CVNHV3CV,Cryptids Word Search,3774909,Word Search Games,17066
2026-05-02 19:23:36.526046,B0D429W5H1,Sasquatch Word Search,3838572,Unexplained Mysteries (Books),5254
2026-05-02 19:23:36.526050,B0D429W5H1,Sasquatch Word Search,3838572,Word Search Games,17386
2026-05-02 19:23:36.526050,B0D429W5H1,Sasquatch Word Search,3838572,Word Games (Books),18887
2026-05-02 19:23:52.626587,B0D429WWSQ,Sasquatch Word Search,2078605,Unexplained Mysteries (Books),3288
2026-05-02 19:23:52.626591,B0D429WWSQ,Sasquatch Word Search,2078605,Word Search Games,9028
2026-05-02 19:23:52.626592,B0D429WWSQ,Sasquatch Word Search,2078605,Word Games (Books),10009
2026-05-02 19:24:08.889546,B0D22PKCGW,Alien Word Search Large Print,4008379,UFOs (Books),3412
2026-05-02 19:24:08.889549,B0D22PKCGW,Alien Word Search Large Print,4008379,Ancient & Controversial Knowledge,4136
2026-05-02 19:24:08.889550,B0D22PKCGW,Alien Word Search Large Print,4008379,Word Search Games,18306
2026-05-02 19:24:24.987860,B0CTPR6KZ4,Alien Word Search,1777268,UFOs (Books),1852
2026-05-02 19:24:24.987863,B0CTPR6KZ4,Alien Word Search,1777268,Ancient & Controversial Knowledge,2139
2026-05-02 19:24:24.987864,B0CTPR6KZ4,Alien Word Search,1777268,Word Search Games,7786
2026-05-02 20:54:12.977932,B0D9JQ33BX,Paranormal Word Search,,,
2026-05-02 20:54:30.180063,B0D1MYMVCC,Haunted Word Search Large Print,,,
2026-05-02 20:54:46.495731,B0CSZDC243,Haunted Word Search,6730640,Ghosts & Hauntings,5512
2026-05-02 20:54:46.495733,B0CSZDC243,Haunted Word Search,6730640,Psychic Phenomena,6999
2026-05-02 20:54:46.495734,B0CSZDC243,Haunted Word Search,6730640,Supernaturalism (Books),8505
2026-05-02 20:55:02.867176,B0D3XXZRRC,Witches Word Search,5747027,Witchcraft Religion & Spirituality,6982
2026-05-02 20:55:02.867181,B0D3XXZRRC,Witches Word Search,5747027,Spiritualism,9912
2026-05-02 20:55:02.867182,B0D3XXZRRC,Witches Word Search,5747027,Word Search Games,27871
2026-05-02 20:55:19.134641,B0D3XXY1HV,Witches Word Search Large Print,,,
2026-05-02 20:55:35.362551,B0G43ZNNRX,Weather Word Search Large Print,,,
2026-05-02 20:55:51.773038,B0D97NFBG2,Weather Word Search,1771712,Natural Disasters (Books),607
2026-05-02 20:55:51.773040,B0D97NFBG2,Weather Word Search,1771712,Weather (Books),948
2026-05-02 20:55:51.773041,B0D97NFBG2,Weather Word Search,1771712,Word Search Games,7745
2026-05-02 20:56:08.029837,B0D9B6HKC8,Space Word Search,8975417,Solar System (Books),818
2026-05-02 20:56:08.029840,B0D9B6HKC8,Space Word Search,8975417,Astronomy (Books),10337
2026-05-02 20:56:08.029841,B0D9B6HKC8,Space Word Search,8975417,Word Search Games,45390
2026-05-02 20:56:24.449726,B0D986WRQY,Ocean Word Search,,,
2026-05-02 20:56:40.720294,B0D9D6QJKD,Earth Science Word Search,,,
2026-05-02 20:56:56.868085,B0D9DRYQSH,Animal Word Search,,,
2026-05-02 20:57:13.105490,B0FPDF7GQV,Halloween Word Search,7524867,Holidays (Books),893
2026-05-02 20:57:13.105492,B0FPDF7GQV,Halloween Word Search,7524867,Customs & Traditions Social Sciences,5676
2026-05-02 20:57:13.105493,B0FPDF7GQV,Halloween Word Search,7524867,Ghosts & Hauntings,5869
2026-05-02 20:57:29.426785,B0DXP99LNN,Spring Word Search,6031893,Gardening & Landscape Design,26876
2026-05-02 20:57:29.426788,B0DXP99LNN,Spring Word Search,6031893,Word Search Games,29449
2026-05-02 20:57:29.426789,B0DXP99LNN,Spring Word Search,6031893,Word Games (Books),31488
2026-05-02 20:57:45.814684,B0F61TRMXM,Summer Word Search,,,
2026-05-02 20:58:02.120110,B0DTKGRKC2,Romance Word Search,8092302,Humorous Erotica (Books),22411
2026-05-02 20:58:02.120113,B0DTKGRKC2,Romance Word Search,8092302,Romantic Erotica (Books),36474
2026-05-02 20:58:02.120113,B0DTKGRKC2,Romance Word Search,8092302,Word Search Games,41060
2026-05-02 20:58:18.543505,B0DS5HPJ1M,Alien Adult Activity Book,1287559,UFOs (Books),1365
2026-05-02 20:58:18.543507,B0DS5HPJ1M,Alien Adult Activity Book,1287559,Logic & Brain Teasers (Books),3049
2026-05-02 20:58:18.543508,B0DS5HPJ1M,Alien Adult Activity Book,1287559,Puzzles (Books),6049
2026-05-02 20:58:34.831503,B0FJ8TFSZ1,Fall Word Search,6491278,Holidays (Books),774
2026-05-02 20:58:34.831505,B0FJ8TFSZ1,Fall Word Search,6491278,Word Search Games,32080
2026-05-02 20:58:34.831505,B0FJ8TFSZ1,Fall Word Search,6491278,Word Games (Books),34234
2026-05-02 20:58:51.485058,B0G4GQL5TG,Winter Word Search,9274644,Holidays (Books),1073
2026-05-02 20:58:51.485062,B0G4GQL5TG,Winter Word Search,9274644,Word Search Games,47643
2026-05-02 20:58:51.485063,B0G4GQL5TG,Winter Word Search,9274644,Word Games (Books),50325
2026-05-02 20:59:07.801717,B0G5Z47WY7,Christmas Word Search,9274170,Holidays (Books),1072
2026-05-02 20:59:07.801719,B0G5Z47WY7,Christmas Word Search,9274170,Word Search Games,47624
2026-05-02 20:59:07.801720,B0G5Z47WY7,Christmas Word Search,9274170,Word Games (Books),50305
2026-05-02 20:59:23.937852,B0D2HQ2N8G,Cryptids Word Search Large Print,,,
2026-05-02 20:59:40.221216,B0CVNHV3CV,Cryptids Word Search,3778204,Ancient & Controversial Knowledge,3935
2026-05-02 20:59:40.221218,B0CVNHV3CV,Cryptids Word Search,3778204,Unexplained Mysteries (Books),5171
2026-05-02 20:59:40.221218,B0CVNHV3CV,Cryptids Word Search,3778204,Word Search Games,17067
2026-05-02 20:59:56.455902,B0D429W5H1,Sasquatch Word Search,3841865,Unexplained Mysteries (Books),5254
2026-05-02 20:59:56.455905,B0D429W5H1,Sasquatch Word Search,3841865,Word Search Games,17387
2026-05-02 20:59:56.455905,B0D429W5H1,Sasquatch Word Search,3841865,Word Games (Books),18888
2026-05-02 21:00:12.782232,B0D429WWSQ,Sasquatch Word Search,2081948,Unexplained Mysteries (Books),3288
2026-05-02 21:00:12.782234,B0D429WWSQ,Sasquatch Word Search,2081948,Word Search Games,9029
2026-05-02 21:00:12.782235,B0D429WWSQ,Sasquatch Word Search,2081948,Word Games (Books),10010
2026-05-02 21:00:29.149414,B0D22PKCGW,Alien Word Search Large Print,4011667,UFOs (Books),3412
2026-05-02 21:00:29.149416,B0D22PKCGW,Alien Word Search Large Print,4011667,Ancient & Controversial Knowledge,4136
2026-05-02 21:00:29.149417,B0D22PKCGW,Alien Word Search Large Print,4011667,Word Search Games,18307
2026-05-02 21:00:45.387159,B0CTPR6KZ4,Alien Word Search,1780614,UFOs (Books),1852
2026-05-02 21:00:45.387162,B0CTPR6KZ4,Alien Word Search,1780614,Ancient & Controversial Knowledge,2139
2026-05-02 21:00:45.387162,B0CTPR6KZ4,Alien Word Search,1780614,Word Search Games,7787
2026-05-02 21:59:17.383647,B0D3XXY1HV,Witches Word Search Large Print,,,
2026-05-02 21:59:33.488686,B0G43ZNNRX,Weather Word Search Large Print,,,
2026-05-02 21:59:49.688526,B0D97NFBG2,Weather Word Search,1787267,Natural Disasters (Books),612
2026-05-02 21:59:49.688531,B0D97NFBG2,Weather Word Search,1787267,Weather (Books),953
2026-05-02 21:59:49.688532,B0D97NFBG2,Weather Word Search,1787267,Word Search Games,7787
2026-05-02 22:00:05.878825,B0D9B6HKC8,Space Word Search,8977734,Solar System (Books),818
2026-05-02 22:00:05.878827,B0D9B6HKC8,Space Word Search,8977734,Astronomy (Books),10338
2026-05-02 22:00:05.878828,B0D9B6HKC8,Space Word Search,8977734,Word Search Games,45393
2026-05-02 22:00:22.130115,B0D986WRQY,Ocean Word Search,,,
2026-05-02 22:00:38.263465,B0D9D6QJKD,Earth Science Word Search,,,
2026-05-02 22:00:54.393356,B0D9DRYQSH,Animal Word Search,,,
2026-05-02 22:01:10.797113,B0FPDF7GQV,Halloween Word Search,7528234,Holidays (Books),893
2026-05-02 22:01:10.797115,B0FPDF7GQV,Halloween Word Search,7528234,Customs & Traditions Social Sciences,5678
2026-05-02 22:01:10.797116,B0FPDF7GQV,Halloween Word Search,7528234,Ghosts & Hauntings,5868
2026-05-02 22:01:26.980513,B0DXP99LNN,Spring Word Search,6036621,Gardening & Landscape Design,26885
2026-05-02 22:01:26.980516,B0DXP99LNN,Spring Word Search,6036621,Word Search Games,29457
2026-05-02 22:01:26.980517,B0DXP99LNN,Spring Word Search,6036621,Word Games (Books),31496
2026-05-02 22:01:43.221120,B0F61TRMXM,Summer Word Search,,,
2026-05-02 22:01:59.307682,B0DTKGRKC2,Romance Word Search,8095243,Humorous Erotica (Books),22413
2026-05-02 22:01:59.307684,B0DTKGRKC2,Romance Word Search,8095243,Romantic Erotica (Books),36483
2026-05-02 22:01:59.307684,B0DTKGRKC2,Romance Word Search,8095243,Word Search Games,41064
2026-05-02 22:02:15.415109,B0DS5HPJ1M,Alien Adult Activity Book,1308183,UFOs (Books),1384
2026-05-02 22:02:15.415111,B0DS5HPJ1M,Alien Adult Activity Book,1308183,Logic & Brain Teasers (Books),3092
2026-05-02 22:02:15.415112,B0DS5HPJ1M,Alien Adult Activity Book,1308183,Puzzles (Books),6114
2026-05-02 22:02:31.678017,B0FJ8TFSZ1,Fall Word Search,6495527,Holidays (Books),774
2026-05-02 22:02:31.678020,B0FJ8TFSZ1,Fall Word Search,6495527,Word Search Games,32086
2026-05-02 22:02:31.678021,B0FJ8TFSZ1,Fall Word Search,6495527,Word Games (Books),34240
2026-05-02 22:02:48.166032,B0G4GQL5TG,Winter Word Search,9276826,Holidays (Books),1073
2026-05-02 22:02:48.166034,B0G4GQL5TG,Winter Word Search,9276826,Word Search Games,47646
2026-05-02 22:02:48.166035,B0G4GQL5TG,Winter Word Search,9276826,Word Games (Books),50328
2026-05-02 22:03:04.291421,B0G5Z47WY7,Christmas Word Search,9276352,Holidays (Books),1072
2026-05-02 22:03:04.291423,B0G5Z47WY7,Christmas Word Search,9276352,Word Search Games,47627
2026-05-02 22:03:04.291424,B0G5Z47WY7,Christmas Word Search,9276352,Word Games (Books),50308
2026-05-02 22:03:20.429992,B0D2HQ2N8G,Cryptids Word Search Large Print,,,
2026-05-02 22:03:36.749320,B0CVNHV3CV,Cryptids Word Search,3786417,Ancient & Controversial Knowledge,3938
2026-05-02 22:03:36.749322,B0CVNHV3CV,Cryptids Word Search,3786417,Unexplained Mysteries (Books),5175
2026-05-02 22:03:36.749322,B0CVNHV3CV,Cryptids Word Search,3786417,Word Search Games,17086
2026-05-02 22:03:52.826283,B0D429W5H1,Sasquatch Word Search,3849954,Unexplained Mysteries (Books),5258
2026-05-02 22:03:52.826285,B0D429W5H1,Sasquatch Word Search,3849954,Word Search Games,17406
2026-05-02 22:03:52.826285,B0D429W5H1,Sasquatch Word Search,3849954,Word Games (Books),18910
2026-05-02 22:04:09.032640,B0D429WWSQ,Sasquatch Word Search,2095584,Unexplained Mysteries (Books),3301
2026-05-02 22:04:09.032642,B0D429WWSQ,Sasquatch Word Search,2095584,Word Search Games,9065
2026-05-02 22:04:09.032642,B0D429WWSQ,Sasquatch Word Search,2095584,Word Games (Books),10053
2026-05-02 22:04:25.311538,B0D22PKCGW,Alien Word Search Large Print,4019402,UFOs (Books),3412
2026-05-02 22:04:25.311540,B0D22PKCGW,Alien Word Search Large Print,4019402,Ancient & Controversial Knowledge,4139
2026-05-02 22:04:25.311541,B0D22PKCGW,Alien Word Search Large Print,4019402,Word Search Games,18326
2026-05-02 22:04:41.646188,B0CTPR6KZ4,Alien Word Search,1796078,UFOs (Books),1860
2026-05-02 22:04:41.646190,B0CTPR6KZ4,Alien Word Search,1796078,Ancient & Controversial Knowledge,2153
2026-05-02 22:04:41.646190,B0CTPR6KZ4,Alien Word Search,1796078,Word Search Games,7829
2026-05-02 22:56:59.653127,B0D1MYMVCC,Haunted Word Search Large Print,,,
2026-05-02 22:57:16.349769,B0CSZDC243,Haunted Word Search,6737613,Ghosts & Hauntings,5511
2026-05-02 22:57:16.349771,B0CSZDC243,Haunted Word Search,6737613,Psychic Phenomena,7001
2026-05-02 22:57:16.349772,B0CSZDC243,Haunted Word Search,6737613,Supernaturalism (Books),8507
2026-05-02 22:57:32.605401,B0D3XXZRRC,Witches Word Search,5755007,Witchcraft Religion & Spirituality,6985
2026-05-02 22:57:32.605406,B0D3XXZRRC,Witches Word Search,5755007,Spiritualism,9919
2026-05-02 22:57:32.605407,B0D3XXZRRC,Witches Word Search,5755007,Word Search Games,27881
2026-05-02 22:57:48.589861,B0D3XXY1HV,Witches Word Search Large Print,,,
2026-05-02 22:58:04.722513,B0G43ZNNRX,Weather Word Search Large Print,,,
2026-05-02 22:58:20.839637,B0D97NFBG2,Weather Word Search,1787267,Natural Disasters (Books),612
2026-05-02 22:58:20.839639,B0D97NFBG2,Weather Word Search,1787267,Weather (Books),953
2026-05-02 22:58:20.839639,B0D97NFBG2,Weather Word Search,1787267,Word Search Games,7787
2026-05-02 22:58:36.954212,B0D9B6HKC8,Space Word Search,8977734,Solar System (Books),818
2026-05-02 22:58:36.954215,B0D9B6HKC8,Space Word Search,8977734,Astronomy (Books),10338
2026-05-02 22:58:36.954216,B0D9B6HKC8,Space Word Search,8977734,Word Search Games,45393
2026-05-02 22:58:53.127106,B0D986WRQY,Ocean Word Search,,,
2026-05-02 22:59:09.147668,B0D9D6QJKD,Earth Science Word Search,,,
2026-05-02 22:59:25.036165,B0D9DRYQSH,Animal Word Search,,,
2026-05-02 22:59:41.171633,B0FPDF7GQV,Halloween Word Search,7528234,Holidays (Books),893
2026-05-02 22:59:41.171635,B0FPDF7GQV,Halloween Word Search,7528234,Customs & Traditions Social Sciences,5678
2026-05-02 22:59:41.171636,B0FPDF7GQV,Halloween Word Search,7528234,Ghosts & Hauntings,5868
2026-05-02 22:59:57.307291,B0DXP99LNN,Spring Word Search,6036621,Gardening & Landscape Design,26885
2026-05-02 22:59:57.307294,B0DXP99LNN,Spring Word Search,6036621,Word Search Games,29457
2026-05-02 22:59:57.307295,B0DXP99LNN,Spring Word Search,6036621,Word Games (Books),31496
2026-05-02 23:00:13.404278,B0F61TRMXM,Summer Word Search,,,
2026-05-02 23:00:29.570286,B0DTKGRKC2,Romance Word Search,8095243,Humorous Erotica (Books),22413
2026-05-02 23:00:29.570288,B0DTKGRKC2,Romance Word Search,8095243,Romantic Erotica (Books),36483
2026-05-02 23:00:29.570288,B0DTKGRKC2,Romance Word Search,8095243,Word Search Games,41064
2026-05-02 23:00:45.804459,B0DS5HPJ1M,Alien Adult Activity Book,1308183,UFOs (Books),1384
2026-05-02 23:00:45.804462,B0DS5HPJ1M,Alien Adult Activity Book,1308183,Logic & Brain Teasers (Books),3092
2026-05-02 23:00:45.804463,B0DS5HPJ1M,Alien Adult Activity Book,1308183,Puzzles (Books),6114
2026-05-02 23:01:01.976719,B0FJ8TFSZ1,Fall Word Search,6495527,Holidays (Books),774
2026-05-02 23:01:01.976721,B0FJ8TFSZ1,Fall Word Search,6495527,Word Search Games,32086
2026-05-02 23:01:01.976722,B0FJ8TFSZ1,Fall Word Search,6495527,Word Games (Books),34240
2026-05-02 23:01:18.057438,B0G4GQL5TG,Winter Word Search,9276826,Holidays (Books),1073
2026-05-02 23:01:18.057439,B0G4GQL5TG,Winter Word Search,9276826,Word Search Games,47646
2026-05-02 23:01:18.057440,B0G4GQL5TG,Winter Word Search,9276826,Word Games (Books),50328
2026-05-02 23:01:34.295074,B0G5Z47WY7,Christmas Word Search,9276352,Holidays (Books),1072
2026-05-02 23:01:34.295076,B0G5Z47WY7,Christmas Word Search,9276352,Word Search Games,47627
2026-05-02 23:01:34.295076,B0G5Z47WY7,Christmas Word Search,9276352,Word Games (Books),50308
2026-05-02 23:01:50.284352,B0D2HQ2N8G,Cryptids Word Search Large Print,,,
2026-05-02 23:02:06.333505,B0CVNHV3CV,Cryptids Word Search,3786417,Ancient & Controversial Knowledge,3938
2026-05-02 23:02:06.333509,B0CVNHV3CV,Cryptids Word Search,3786417,Unexplained Mysteries (Books),5175
2026-05-02 23:02:06.333510,B0CVNHV3CV,Cryptids Word Search,3786417,Word Search Games,17086
2026-05-02 23:02:22.471540,B0D429W5H1,Sasquatch Word Search,3849954,Unexplained Mysteries (Books),5258
2026-05-02 23:02:22.471541,B0D429W5H1,Sasquatch Word Search,3849954,Word Search Games,17406
2026-05-02 23:02:22.471542,B0D429W5H1,Sasquatch Word Search,3849954,Word Games (Books),18910
2026-05-02 23:02:38.603082,B0D429WWSQ,Sasquatch Word Search,2095584,Unexplained Mysteries (Books),3301
2026-05-02 23:02:38.603084,B0D429WWSQ,Sasquatch Word Search,2095584,Word Search Games,9065
2026-05-02 23:02:38.603084,B0D429WWSQ,Sasquatch Word Search,2095584,Word Games (Books),10053
2026-05-02 23:02:54.797803,B0D22PKCGW,Alien Word Search Large Print,4019402,UFOs (Books),3412
2026-05-02 23:02:54.797805,B0D22PKCGW,Alien Word Search Large Print,4019402,Ancient & Controversial Knowledge,4139
2026-05-02 23:02:54.797806,B0D22PKCGW,Alien Word Search Large Print,4019402,Word Search Games,18326
2026-05-02 23:03:11.057057,B0CTPR6KZ4,Alien Word Search,1796078,UFOs (Books),1860
2026-05-02 23:03:11.057060,B0CTPR6KZ4,Alien Word Search,1796078,Ancient & Controversial Knowledge,2153
2026-05-02 23:03:11.057060,B0CTPR6KZ4,Alien Word Search,1796078,Word Search Games,7829
2026-05-02 23:59:44.575464,B0CSZDC243,Haunted Word Search,,,
2026-05-03 00:00:01.364492,B0D3XXZRRC,Witches Word Search,5754986,Witchcraft Religion & Spirituality,6985
2026-05-03 00:00:01.364495,B0D3XXZRRC,Witches Word Search,5754986,Spiritualism,9919
2026-05-03 00:00:01.364496,B0D3XXZRRC,Witches Word Search,5754986,Word Search Games,27881
2026-05-03 00:00:17.554122,B0D3XXY1HV,Witches Word Search Large Print,,,
2026-05-03 00:00:33.652571,B0G43ZNNRX,Weather Word Search Large Print,,,
2026-05-03 00:00:50.054217,B0D97NFBG2,Weather Word Search,1790182,Natural Disasters (Books),612
2026-05-03 00:00:50.054220,B0D97NFBG2,Weather Word Search,1790182,Weather (Books),954
2026-05-03 00:00:50.054221,B0D97NFBG2,Weather Word Search,1790182,Word Search Games,7787
2026-05-03 00:01:06.327917,B0D9B6HKC8,Space Word Search,8980659,Solar System (Books),818
2026-05-03 00:01:06.327920,B0D9B6HKC8,Space Word Search,8980659,Astronomy (Books),10338
2026-05-03 00:01:06.327920,B0D9B6HKC8,Space Word Search,8980659,Word Search Games,45393
2026-05-03 00:01:22.336387,B0D986WRQY,Ocean Word Search,,,
2026-05-03 00:01:38.420385,B0D9D6QJKD,Earth Science Word Search,,,
2026-05-03 00:01:54.620485,B0D9DRYQSH,Animal Word Search,,,
2026-05-03 00:02:10.726676,B0FPDF7GQV,Halloween Word Search,7531156,Holidays (Books),893
2026-05-03 00:02:10.726678,B0FPDF7GQV,Halloween Word Search,7531156,Customs & Traditions Social Sciences,5678
2026-05-03 00:02:10.726679,B0FPDF7GQV,Halloween Word Search,7531156,Ghosts & Hauntings,5868
2026-05-03 00:02:27.043200,B0DXP99LNN,Spring Word Search,6039538,Gardening & Landscape Design,26886
2026-05-03 00:02:27.043202,B0DXP99LNN,Spring Word Search,6039538,Word Search Games,29457
2026-05-03 00:02:27.043203,B0DXP99LNN,Spring Word Search,6039538,Word Games (Books),31496
2026-05-03 00:02:43.092185,B0F61TRMXM,Summer Word Search,,,
2026-05-03 00:02:59.184232,B0DTKGRKC2,Romance Word Search,8098167,Humorous Erotica (Books),22413
2026-05-03 00:02:59.184234,B0DTKGRKC2,Romance Word Search,8098167,Romantic Erotica (Books),36481
2026-05-03 00:02:59.184235,B0DTKGRKC2,Romance Word Search,8098167,Word Search Games,41064
2026-05-03 00:03:15.359513,B0DS5HPJ1M,Alien Adult Activity Book,1311099,UFOs (Books),1384
2026-05-03 00:03:15.359521,B0DS5HPJ1M,Alien Adult Activity Book,1311099,Logic & Brain Teasers (Books),3092
2026-05-03 00:03:15.359523,B0DS5HPJ1M,Alien Adult Activity Book,1311099,Puzzles (Books),6114
2026-05-03 00:03:31.638392,B0FJ8TFSZ1,Fall Word Search,6498446,Holidays (Books),774
2026-05-03 00:03:31.638394,B0FJ8TFSZ1,Fall Word Search,6498446,Word Search Games,32086
2026-05-03 00:03:31.638395,B0FJ8TFSZ1,Fall Word Search,6498446,Word Games (Books),34240
2026-05-03 00:03:47.874206,B0G4GQL5TG,Winter Word Search,9279751,Holidays (Books),1073
2026-05-03 00:03:47.874208,B0G4GQL5TG,Winter Word Search,9279751,Word Search Games,47646
2026-05-03 00:03:47.874209,B0G4GQL5TG,Winter Word Search,9279751,Word Games (Books),50328
2026-05-03 00:04:04.235017,B0G5Z47WY7,Christmas Word Search,9279277,Holidays (Books),1072
2026-05-03 00:04:04.235019,B0G5Z47WY7,Christmas Word Search,9279277,Word Search Games,47627
2026-05-03 00:04:04.235020,B0G5Z47WY7,Christmas Word Search,9279277,Word Games (Books),50308
2026-05-03 00:04:20.424815,B0D2HQ2N8G,Cryptids Word Search Large Print,,,
2026-05-03 00:04:36.525602,B0CVNHV3CV,Cryptids Word Search,3789328,Ancient & Controversial Knowledge,3938
2026-05-03 00:04:36.525604,B0CVNHV3CV,Cryptids Word Search,3789328,Unexplained Mysteries (Books),5175
2026-05-03 00:04:36.525604,B0CVNHV3CV,Cryptids Word Search,3789328,Word Search Games,17086
2026-05-03 00:04:52.687922,B0D429W5H1,Sasquatch Word Search,3852865,Unexplained Mysteries (Books),5258
2026-05-03 00:04:52.687924,B0D429W5H1,Sasquatch Word Search,3852865,Word Search Games,17406
2026-05-03 00:04:52.687925,B0D429W5H1,Sasquatch Word Search,3852865,Word Games (Books),18910
2026-05-03 00:05:08.867304,B0D429WWSQ,Sasquatch Word Search,2098500,Unexplained Mysteries (Books),3301
2026-05-03 00:05:08.867308,B0D429WWSQ,Sasquatch Word Search,2098500,Word Search Games,9065
2026-05-03 00:05:08.867309,B0D429WWSQ,Sasquatch Word Search,2098500,Word Games (Books),10053
2026-05-03 00:05:25.065460,B0D22PKCGW,Alien Word Search Large Print,4022313,UFOs (Books),3412
2026-05-03 00:05:25.065463,B0D22PKCGW,Alien Word Search Large Print,4022313,Ancient & Controversial Knowledge,4139
2026-05-03 00:05:25.065464,B0D22PKCGW,Alien Word Search Large Print,4022313,Word Search Games,18326
2026-05-03 00:05:41.286984,B0CTPR6KZ4,Alien Word Search,1798993,UFOs (Books),1860
2026-05-03 00:05:41.286987,B0CTPR6KZ4,Alien Word Search,1798993,Ancient & Controversial Knowledge,2153
2026-05-03 00:05:41.286987,B0CTPR6KZ4,Alien Word Search,1798993,Word Search Games,7829
2026-05-03 04:09:18.320727,B0G43ZNNRX,Weather Word Search Large Print,,,
2026-05-03 04:09:35.184688,B0D97NFBG2,Weather Word Search,1778302,Natural Disasters (Books),607
2026-05-03 04:09:35.184693,B0D97NFBG2,Weather Word Search,1778302,Weather (Books),942
2026-05-03 04:09:35.184693,B0D97NFBG2,Weather Word Search,1778302,Word Search Games,7703
2026-05-03 04:09:51.500916,B0D9B6HKC8,Space Word Search,8990546,Solar System (Books),818
2026-05-03 04:09:51.500922,B0D9B6HKC8,Space Word Search,8990546,Astronomy (Books),10339
2026-05-03 04:09:51.500924,B0D9B6HKC8,Space Word Search,8990546,Word Search Games,45394
2026-05-03 04:10:07.924547,B0D986WRQY,Ocean Word Search,,,
2026-05-03 04:10:24.002524,B0D9D6QJKD,Earth Science Word Search,,,
2026-05-03 04:10:40.058335,B0D9DRYQSH,Animal Word Search,,,
2026-05-03 04:10:56.221636,B0FPDF7GQV,Halloween Word Search,7531629,Holidays (Books),893
2026-05-03 04:10:56.221638,B0FPDF7GQV,Halloween Word Search,7531629,Customs & Traditions Social Sciences,5673
2026-05-03 04:10:56.221639,B0FPDF7GQV,Halloween Word Search,7531629,Ghosts & Hauntings,5865
2026-05-03 04:11:12.389380,B0DXP99LNN,Spring Word Search,6036290,Gardening & Landscape Design,26849
2026-05-03 04:11:12.389382,B0DXP99LNN,Spring Word Search,6036290,Word Search Games,29391
2026-05-03 04:11:12.389382,B0DXP99LNN,Spring Word Search,6036290,Word Games (Books),31425
2026-05-03 04:11:28.602206,B0F61TRMXM,Summer Word Search,,,
2026-05-03 04:11:44.671501,B0DTKGRKC2,Romance Word Search,8100313,Humorous Erotica (Books),22411
2026-05-03 04:11:44.671504,B0DTKGRKC2,Romance Word Search,8100313,Romantic Erotica (Books),36472
2026-05-03 04:11:44.671504,B0DTKGRKC2,Romance Word Search,8100313,Word Search Games,41016
2026-05-03 04:12:00.859248,B0DS5HPJ1M,Alien Adult Activity Book,1408147,UFOs (Books),1494
2026-05-03 04:12:00.859250,B0DS5HPJ1M,Alien Adult Activity Book,1408147,Logic & Brain Teasers (Books),3305
2026-05-03 04:12:00.859250,B0DS5HPJ1M,Alien Adult Activity Book,1408147,Puzzles (Books),6521
2026-05-03 04:12:17.129267,B0FJ8TFSZ1,Fall Word Search,6492867,Holidays (Books),774
2026-05-03 04:12:17.129269,B0FJ8TFSZ1,Fall Word Search,6492867,Word Search Games,32051
2026-05-03 04:12:17.129270,B0FJ8TFSZ1,Fall Word Search,6492867,Word Games (Books),34202
2026-05-03 04:12:33.335941,B0G4GQL5TG,Winter Word Search,9289532,Holidays (Books),1073
2026-05-03 04:12:33.335943,B0G4GQL5TG,Winter Word Search,9289532,Word Search Games,47647
2026-05-03 04:12:33.335963,B0G4GQL5TG,Winter Word Search,9289532,Word Games (Books),50328
2026-05-03 04:12:49.681074,B0G5Z47WY7,Christmas Word Search,9289058,Holidays (Books),1072
2026-05-03 04:12:49.681076,B0G5Z47WY7,Christmas Word Search,9289058,Word Search Games,47628
2026-05-03 04:12:49.681076,B0G5Z47WY7,Christmas Word Search,9289058,Word Games (Books),50308
2026-05-03 04:13:05.767068,B0D2HQ2N8G,Cryptids Word Search Large Print,,,
2026-05-03 04:13:21.809089,B0CVNHV3CV,Cryptids Word Search,3769654,Ancient & Controversial Knowledge,3911
2026-05-03 04:13:21.809091,B0CVNHV3CV,Cryptids Word Search,3769654,Unexplained Mysteries (Books),5151
2026-05-03 04:13:21.809092,B0CVNHV3CV,Cryptids Word Search,3769654,Word Search Games,16993
2026-05-03 04:13:37.868285,B0D429W5H1,Sasquatch Word Search,3835181,Unexplained Mysteries (Books),5229
2026-05-03 04:13:37.868288,B0D429W5H1,Sasquatch Word Search,3835181,Word Search Games,17289
2026-05-03 04:13:37.868288,B0D429W5H1,Sasquatch Word Search,3835181,Word Games (Books),18788
2026-05-03 04:13:53.895768,B0D429WWSQ,Sasquatch Word Search,2165470,Unexplained Mysteries (Books),3386
2026-05-03 04:13:53.895770,B0D429WWSQ,Sasquatch Word Search,2165470,Word Search Games,9386
2026-05-03 04:13:53.895771,B0D429WWSQ,Sasquatch Word Search,2165470,Word Games (Books),10401
2026-05-03 04:14:10.044161,B0D22PKCGW,Alien Word Search Large Print,4023135,UFOs (Books),3420
2026-05-03 04:14:10.044163,B0D22PKCGW,Alien Word Search Large Print,4023135,Ancient & Controversial Knowledge,4139
2026-05-03 04:14:10.044163,B0D22PKCGW,Alien Word Search Large Print,4023135,Word Search Games,18302
2026-05-03 04:14:26.266400,B0CTPR6KZ4,Alien Word Search,1824152,UFOs (Books),1886
2026-05-03 04:14:26.266402,B0CTPR6KZ4,Alien Word Search,1824152,Ancient & Controversial Knowledge,2181
2026-05-03 04:14:26.266403,B0CTPR6KZ4,Alien Word Search,1824152,Word Search Games,7931
2026-05-03 06:37:49.919824,B0D1MYMVCC,Haunted Word Search Large Print,,,
2026-05-03 06:38:06.776580,B0CSZDC243,Haunted Word Search,6736807,Ghosts & Hauntings,5508
2026-05-03 06:38:06.776582,B0CSZDC243,Haunted Word Search,6736807,Psychic Phenomena,6993
2026-05-03 06:38:06.776583,B0CSZDC243,Haunted Word Search,6736807,Supernaturalism (Books),8500
2026-05-03 06:38:23.253148,B0D3XXZRRC,Witches Word Search,5792463,Witchcraft Religion & Spirituality,7013
2026-05-03 06:38:23.253154,B0D3XXZRRC,Witches Word Search,5792463,Spiritualism,9980
2026-05-03 06:38:23.253155,B0D3XXZRRC,Witches Word Search,5792463,Word Search Games,28112
2026-05-03 06:38:39.627864,B0D3XXY1HV,Witches Word Search Large Print,,,
2026-05-03 06:38:56.200936,B0G43ZNNRX,Weather Word Search Large Print,,,
2026-05-03 06:39:12.878972,B0D97NFBG2,Weather Word Search,1778763,Natural Disasters (Books),607
2026-05-03 06:39:12.878974,B0D97NFBG2,Weather Word Search,1778763,Weather (Books),942
2026-05-03 06:39:12.878975,B0D97NFBG2,Weather Word Search,1778763,Word Search Games,7704
2026-05-03 06:39:29.451741,B0D9B6HKC8,Space Word Search,8991077,Solar System (Books),818
2026-05-03 06:39:29.451744,B0D9B6HKC8,Space Word Search,8991077,Astronomy (Books),10339
2026-05-03 06:39:29.451744,B0D9B6HKC8,Space Word Search,8991077,Word Search Games,45409
2026-05-03 06:39:45.912612,B0D986WRQY,Ocean Word Search,,,
2026-05-03 06:40:02.352207,B0D9D6QJKD,Earth Science Word Search,,,
2026-05-03 06:40:18.793751,B0D9DRYQSH,Animal Word Search,,,
2026-05-03 06:40:35.166896,B0FPDF7GQV,Halloween Word Search,7532151,Holidays (Books),893
2026-05-03 06:40:35.166899,B0FPDF7GQV,Halloween Word Search,7532151,Customs & Traditions Social Sciences,5673
2026-05-03 06:40:35.166900,B0FPDF7GQV,Halloween Word Search,7532151,Ghosts & Hauntings,5865
2026-05-03 06:40:51.916364,B0DXP99LNN,Spring Word Search,6036796,Gardening & Landscape Design,26847
2026-05-03 06:40:51.916366,B0DXP99LNN,Spring Word Search,6036796,Word Search Games,29402
2026-05-03 06:40:51.916367,B0DXP99LNN,Spring Word Search,6036796,Word Games (Books),31440
2026-05-03 06:41:08.525946,B0F61TRMXM,Summer Word Search,,,
2026-05-03 06:41:24.951427,B0DTKGRKC2,Romance Word Search,8100843,Humorous Erotica (Books),22411
2026-05-03 06:41:24.951429,B0DTKGRKC2,Romance Word Search,8100843,Romantic Erotica (Books),36478
2026-05-03 06:41:24.951430,B0DTKGRKC2,Romance Word Search,8100843,Word Search Games,41029
2026-05-03 06:41:43.666679,B0DS5HPJ1M,Alien Adult Activity Book,1404246,UFOs (Books),1495
2026-05-03 06:41:43.666682,B0DS5HPJ1M,Alien Adult Activity Book,1404246,Logic & Brain Teasers (Books),3305
2026-05-03 06:41:43.666683,B0DS5HPJ1M,Alien Adult Activity Book,1404246,Puzzles (Books),6521
2026-05-03 06:42:00.299005,B0FJ8TFSZ1,Fall Word Search,6493378,Holidays (Books),774
2026-05-03 06:42:00.299007,B0FJ8TFSZ1,Fall Word Search,6493378,Word Search Games,32062
2026-05-03 06:42:00.299008,B0FJ8TFSZ1,Fall Word Search,6493378,Word Games (Books),34217
2026-05-03 06:42:16.837180,B0G4GQL5TG,Winter Word Search,9290064,Holidays (Books),1073
2026-05-03 06:42:16.837182,B0G4GQL5TG,Winter Word Search,9290064,Word Search Games,47662
2026-05-03 06:42:16.837182,B0G4GQL5TG,Winter Word Search,9290064,Word Games (Books),50346
2026-05-03 06:42:33.408898,B0G5Z47WY7,Christmas Word Search,9289590,Holidays (Books),1072
2026-05-03 06:42:33.408900,B0G5Z47WY7,Christmas Word Search,9289590,Word Search Games,47643
2026-05-03 06:42:33.408901,B0G5Z47WY7,Christmas Word Search,9289590,Word Games (Books),50326
2026-05-03 06:42:50.629613,B0D2HQ2N8G,Cryptids Word Search Large Print,,,
2026-05-03 06:43:10.796092,B0CVNHV3CV,Cryptids Word Search,3770136,Ancient & Controversial Knowledge,3911
2026-05-03 06:43:10.796095,B0CVNHV3CV,Cryptids Word Search,3770136,Unexplained Mysteries (Books),5152
2026-05-03 06:43:10.796095,B0CVNHV3CV,Cryptids Word Search,3770136,Word Search Games,16999
2026-05-03 06:43:27.222451,B0D429W5H1,Sasquatch Word Search,3835666,Unexplained Mysteries (Books),5230
2026-05-03 06:43:27.222453,B0D429W5H1,Sasquatch Word Search,3835666,Word Search Games,17295
2026-05-03 06:43:27.222453,B0D429W5H1,Sasquatch Word Search,3835666,Word Games (Books),18798
2026-05-03 06:43:43.681303,B0D429WWSQ,Sasquatch Word Search,2161547,Unexplained Mysteries (Books),3387
2026-05-03 06:43:43.681305,B0D429WWSQ,Sasquatch Word Search,2161547,Word Search Games,9386
2026-05-03 06:43:43.681306,B0D429WWSQ,Sasquatch Word Search,2161547,Word Games (Books),10401
2026-05-03 06:44:00.190561,B0D22PKCGW,Alien Word Search Large Print,4023626,UFOs (Books),3421
2026-05-03 06:44:00.190564,B0D22PKCGW,Alien Word Search Large Print,4023626,Ancient & Controversial Knowledge,4139
2026-05-03 06:44:00.190565,B0D22PKCGW,Alien Word Search Large Print,4023626,Word Search Games,18308
2026-05-03 06:44:16.710289,B0CTPR6KZ4,Alien Word Search,1820231,UFOs (Books),1887
2026-05-03 06:44:16.710292,B0CTPR6KZ4,Alien Word Search,1820231,Ancient & Controversial Knowledge,2181
2026-05-03 06:44:16.710293,B0CTPR6KZ4,Alien Word Search,1820231,Word Search Games,7931
2026-05-03 08:59:06.444429,B0D3XXZRRC,Witches Word Search,,,
2026-05-03 08:59:23.250347,B0D3XXY1HV,Witches Word Search Large Print,,,
2026-05-03 08:59:39.527704,B0G43ZNNRX,Weather Word Search Large Print,,,
2026-05-03 08:59:56.071926,B0D97NFBG2,Weather Word Search,1781772,Natural Disasters (Books),607
2026-05-03 08:59:56.071934,B0D97NFBG2,Weather Word Search,1781772,Weather (Books),942
2026-05-03 08:59:56.071935,B0D97NFBG2,Weather Word Search,1781772,Word Search Games,7706
2026-05-03 09:00:12.693153,B0D9B6HKC8,Space Word Search,8994053,Solar System (Books),818
2026-05-03 09:00:12.693156,B0D9B6HKC8,Space Word Search,8994053,Astronomy (Books),10339
2026-05-03 09:00:12.693156,B0D9B6HKC8,Space Word Search,8994053,Word Search Games,45412
2026-05-03 09:00:29.076491,B0D986WRQY,Ocean Word Search,,,
2026-05-03 09:00:45.227088,B0D9D6QJKD,Earth Science Word Search,,,
2026-05-03 09:01:01.602661,B0D9DRYQSH,Animal Word Search,,,
2026-05-03 09:01:17.898271,B0FPDF7GQV,Halloween Word Search,7535126,Holidays (Books),893
2026-05-03 09:01:17.898273,B0FPDF7GQV,Halloween Word Search,7535126,Customs & Traditions Social Sciences,5673
2026-05-03 09:01:17.898274,B0FPDF7GQV,Halloween Word Search,7535126,Ghosts & Hauntings,5865
2026-05-03 09:01:34.191111,B0DXP99LNN,Spring Word Search,6039763,Gardening & Landscape Design,26845
2026-05-03 09:01:34.191115,B0DXP99LNN,Spring Word Search,6039763,Word Search Games,29404
2026-05-03 09:01:34.191116,B0DXP99LNN,Spring Word Search,6039763,Word Games (Books),31442
2026-05-03 09:01:50.422466,B0F61TRMXM,Summer Word Search,,,
2026-05-03 09:02:06.593189,B0DTKGRKC2,Romance Word Search,8103817,Humorous Erotica (Books),22411
2026-05-03 09:02:06.593191,B0DTKGRKC2,Romance Word Search,8103817,Romantic Erotica (Books),36478
2026-05-03 09:02:06.593192,B0DTKGRKC2,Romance Word Search,8103817,Word Search Games,41031
2026-05-03 09:02:22.899559,B0DS5HPJ1M,Alien Adult Activity Book,1411635,UFOs (Books),1495
2026-05-03 09:02:22.899561,B0DS5HPJ1M,Alien Adult Activity Book,1411635,Logic & Brain Teasers (Books),3305
2026-05-03 09:02:22.899562,B0DS5HPJ1M,Alien Adult Activity Book,1411635,Puzzles (Books),6524
2026-05-03 09:02:39.266733,B0FJ8TFSZ1,Fall Word Search,6496345,Holidays (Books),774
2026-05-03 09:02:39.266735,B0FJ8TFSZ1,Fall Word Search,6496345,Word Search Games,32064
2026-05-03 09:02:39.266736,B0FJ8TFSZ1,Fall Word Search,6496345,Word Games (Books),34219
2026-05-03 09:02:55.508443,B0G4GQL5TG,Winter Word Search,9293040,Holidays (Books),1073
2026-05-03 09:02:55.508445,B0G4GQL5TG,Winter Word Search,9293040,Word Search Games,47665
2026-05-03 09:02:55.508445,B0G4GQL5TG,Winter Word Search,9293040,Word Games (Books),50349
2026-05-03 09:03:11.780338,B0G5Z47WY7,Christmas Word Search,9292566,Holidays (Books),1072
2026-05-03 09:03:11.780340,B0G5Z47WY7,Christmas Word Search,9292566,Word Search Games,47646
2026-05-03 09:03:11.780341,B0G5Z47WY7,Christmas Word Search,9292566,Word Games (Books),50329
2026-05-03 09:03:27.916682,B0D2HQ2N8G,Cryptids Word Search Large Print,,,
2026-05-03 09:03:44.215114,B0CVNHV3CV,Cryptids Word Search,3773100,Ancient & Controversial Knowledge,3912
2026-05-03 09:03:44.215116,B0CVNHV3CV,Cryptids Word Search,3773100,Unexplained Mysteries (Books),5152
2026-05-03 09:03:44.215117,B0CVNHV3CV,Cryptids Word Search,3773100,Word Search Games,17001
2026-05-03 09:04:00.351522,B0D429W5H1,Sasquatch Word Search,3838628,Unexplained Mysteries (Books),5230
2026-05-03 09:04:00.351524,B0D429W5H1,Sasquatch Word Search,3838628,Word Search Games,17297
2026-05-03 09:04:00.351525,B0D429W5H1,Sasquatch Word Search,3838628,Word Games (Books),18800
2026-05-03 09:04:16.563484,B0D429WWSQ,Sasquatch Word Search,2168939,Unexplained Mysteries (Books),3387
2026-05-03 09:04:16.563486,B0D429WWSQ,Sasquatch Word Search,2168939,Word Search Games,9390
2026-05-03 09:04:16.563487,B0D429WWSQ,Sasquatch Word Search,2168939,Word Games (Books),10408
2026-05-03 09:04:32.877933,B0D22PKCGW,Alien Word Search Large Print,4026582,UFOs (Books),3420
2026-05-03 09:04:32.877935,B0D22PKCGW,Alien Word Search Large Print,4026582,Ancient & Controversial Knowledge,4140
2026-05-03 09:04:32.877936,B0D22PKCGW,Alien Word Search Large Print,4026582,Word Search Games,18310
2026-05-03 09:04:49.114315,B0CTPR6KZ4,Alien Word Search,1827623,UFOs (Books),1887
2026-05-03 09:04:49.114317,B0CTPR6KZ4,Alien Word Search,1827623,Ancient & Controversial Knowledge,2182
2026-05-03 09:04:49.114318,B0CTPR6KZ4,Alien Word Search,1827623,Word Search Games,7934
2026-05-03 10:18:32.936537,B0D3XXZRRC,Witches Word Search,,,
2026-05-03 10:18:49.640004,B0D3XXY1HV,Witches Word Search Large Print,,,
2026-05-03 10:19:05.840581,B0G43ZNNRX,Weather Word Search Large Print,,,
2026-05-03 10:19:21.952295,B0D97NFBG2,Weather Word Search,1807948,Natural Disasters (Books),613
2026-05-03 10:19:21.952300,B0D97NFBG2,Weather Word Search,1807948,Weather (Books),950
2026-05-03 10:19:21.952302,B0D97NFBG2,Weather Word Search,1807948,Word Search Games,7838
2026-05-03 10:19:38.137685,B0D9B6HKC8,Space Word Search,8995750,Solar System (Books),814
2026-05-03 10:19:38.137689,B0D9B6HKC8,Space Word Search,8995750,Astronomy (Books),10330
2026-05-03 10:19:38.137690,B0D9B6HKC8,Space Word Search,8995750,Word Search Games,45403
2026-05-03 10:19:54.540687,B0D986WRQY,Ocean Word Search,,,
2026-05-03 10:20:10.811032,B0D9D6QJKD,Earth Science Word Search,,,
2026-05-03 10:20:26.935008,B0D9DRYQSH,Animal Word Search,,,
2026-05-03 10:20:43.007612,B0FPDF7GQV,Halloween Word Search,7538500,Holidays (Books),895
2026-05-03 10:20:43.007614,B0FPDF7GQV,Halloween Word Search,7538500,Customs & Traditions Social Sciences,5674
2026-05-03 10:20:43.007615,B0FPDF7GQV,Halloween Word Search,7538500,Ghosts & Hauntings,5869
2026-05-03 10:20:59.078675,B0DXP99LNN,Spring Word Search,6044966,Gardening & Landscape Design,26865
2026-05-03 10:20:59.078677,B0DXP99LNN,Spring Word Search,6044966,Word Search Games,29431
2026-05-03 10:20:59.078678,B0DXP99LNN,Spring Word Search,6044966,Word Games (Books),31468
2026-05-03 10:21:15.460127,B0F61TRMXM,Summer Word Search,,,
2026-05-03 10:21:31.641052,B0DTKGRKC2,Romance Word Search,8106533,Humorous Erotica (Books),22414
2026-05-03 10:21:31.641054,B0DTKGRKC2,Romance Word Search,8106533,Romantic Erotica (Books),36498
2026-05-03 10:21:31.641055,B0DTKGRKC2,Romance Word Search,8106533,Word Search Games,41038
2026-05-03 10:21:47.885057,B0DS5HPJ1M,Alien Adult Activity Book,1445349,UFOs (Books),1520
2026-05-03 10:21:47.885060,B0DS5HPJ1M,Alien Adult Activity Book,1445349,Logic & Brain Teasers (Books),3380
2026-05-03 10:21:47.885061,B0DS5HPJ1M,Alien Adult Activity Book,1445349,Puzzles (Books),6686
2026-05-03 10:22:04.125795,B0FJ8TFSZ1,Fall Word Search,6500822,Holidays (Books),774
2026-05-03 10:22:04.125798,B0FJ8TFSZ1,Fall Word Search,6500822,Word Search Games,32090
2026-05-03 10:22:04.125799,B0FJ8TFSZ1,Fall Word Search,6500822,Word Games (Books),34246
2026-05-03 10:22:20.420186,B0G4GQL5TG,Winter Word Search,9294610,Holidays (Books),1074
2026-05-03 10:22:20.420188,B0G4GQL5TG,Winter Word Search,9294610,Word Search Games,47650
2026-05-03 10:22:20.420189,B0G4GQL5TG,Winter Word Search,9294610,Word Games (Books),50337
2026-05-03 10:22:36.568562,B0G5Z47WY7,Christmas Word Search,9294134,Holidays (Books),1073
2026-05-03 10:22:36.568565,B0G5Z47WY7,Christmas Word Search,9294134,Word Search Games,47631
2026-05-03 10:22:36.568565,B0G5Z47WY7,Christmas Word Search,9294134,Word Games (Books),50317
2026-05-03 10:22:52.596384,B0D2HQ2N8G,Cryptids Word Search Large Print,,,
2026-05-03 10:23:08.751879,B0CVNHV3CV,Cryptids Word Search,3784271,Ancient & Controversial Knowledge,3923
2026-05-03 10:23:08.751881,B0CVNHV3CV,Cryptids Word Search,3784271,Unexplained Mysteries (Books),5164
2026-05-03 10:23:08.751882,B0CVNHV3CV,Cryptids Word Search,3784271,Word Search Games,17061
2026-05-03 10:23:24.846768,B0D429W5H1,Sasquatch Word Search,3849512,Unexplained Mysteries (Books),5238
2026-05-03 10:23:24.846771,B0D429W5H1,Sasquatch Word Search,3849512,Word Search Games,17357
2026-05-03 10:23:24.846771,B0D429W5H1,Sasquatch Word Search,3849512,Word Games (Books),18861
2026-05-03 10:23:41.112274,B0D429WWSQ,Sasquatch Word Search,2190341,Unexplained Mysteries (Books),3411
2026-05-03 10:23:41.112279,B0D429WWSQ,Sasquatch Word Search,2190341,Word Search Games,9503
2026-05-03 10:23:41.112280,B0D429WWSQ,Sasquatch Word Search,2190341,Word Games (Books),10525
2026-05-03 10:23:57.337787,B0D22PKCGW,Alien Word Search Large Print,4036654,UFOs (Books),3423
2026-05-03 10:23:57.337790,B0D22PKCGW,Alien Word Search Large Print,4036654,Ancient & Controversial Knowledge,4152
2026-05-03 10:23:57.337791,B0D22PKCGW,Alien Word Search Large Print,4036654,Word Search Games,18372
2026-05-03 10:24:13.578499,B0CTPR6KZ4,Alien Word Search,1853188,UFOs (Books),1908
2026-05-03 10:24:13.578502,B0CTPR6KZ4,Alien Word Search,1853188,Ancient & Controversial Knowledge,2211
2026-05-03 10:24:13.578503,B0CTPR6KZ4,Alien Word Search,1853188,Word Search Games,8069
2026-05-03 11:59:39.475118,B0D3XXY1HV,Witches Word Search Large Print,,,
2026-05-03 11:59:56.267335,B0G43ZNNRX,Weather Word Search Large Print,,,
2026-05-03 12:00:13.214404,B0D97NFBG2,Weather Word Search,1810244,Natural Disasters (Books),613
2026-05-03 12:00:13.214410,B0D97NFBG2,Weather Word Search,1810244,Weather (Books),950
2026-05-03 12:00:13.214411,B0D97NFBG2,Weather Word Search,1810244,Word Search Games,7838
2026-05-03 12:00:29.634574,B0D9B6HKC8,Space Word Search,8997995,Solar System (Books),814
2026-05-03 12:00:29.634576,B0D9B6HKC8,Space Word Search,8997995,Astronomy (Books),10330
2026-05-03 12:00:29.634577,B0D9B6HKC8,Space Word Search,8997995,Word Search Games,45403
2026-05-03 12:00:46.053531,B0D986WRQY,Ocean Word Search,,,
2026-05-03 12:01:02.452953,B0D9D6QJKD,Earth Science Word Search,,,
2026-05-03 12:01:18.770831,B0D9DRYQSH,Animal Word Search,,,
2026-05-03 12:01:35.090056,B0FPDF7GQV,Halloween Word Search,7540751,Holidays (Books),895
2026-05-03 12:01:35.090059,B0FPDF7GQV,Halloween Word Search,7540751,Customs & Traditions Social Sciences,5674
2026-05-03 12:01:35.090059,B0FPDF7GQV,Halloween Word Search,7540751,Ghosts & Hauntings,5869
2026-05-03 12:01:51.396651,B0DXP99LNN,Spring Word Search,6047234,Gardening & Landscape Design,26865
2026-05-03 12:01:51.396653,B0DXP99LNN,Spring Word Search,6047234,Word Search Games,29431
2026-05-03 12:01:51.396653,B0DXP99LNN,Spring Word Search,6047234,Word Games (Books),31468
2026-05-03 12:02:07.715712,B0F61TRMXM,Summer Word Search,,,
2026-05-03 12:02:24.103965,B0DTKGRKC2,Romance Word Search,8108780,Humorous Erotica (Books),22413
2026-05-03 12:02:24.103969,B0DTKGRKC2,Romance Word Search,8108780,Romantic Erotica (Books),36499
2026-05-03 12:02:24.103969,B0DTKGRKC2,Romance Word Search,8108780,Word Search Games,41038
2026-05-03 12:02:40.621076,B0DS5HPJ1M,Alien Adult Activity Book,1447648,UFOs (Books),1520
2026-05-03 12:02:40.621078,B0DS5HPJ1M,Alien Adult Activity Book,1447648,Logic & Brain Teasers (Books),3381
2026-05-03 12:02:40.621079,B0DS5HPJ1M,Alien Adult Activity Book,1447648,Puzzles (Books),6687
2026-05-03 12:02:57.111267,B0FJ8TFSZ1,Fall Word Search,6503088,Holidays (Books),774
2026-05-03 12:02:57.111270,B0FJ8TFSZ1,Fall Word Search,6503088,Word Search Games,32090
2026-05-03 12:02:57.111271,B0FJ8TFSZ1,Fall Word Search,6503088,Word Games (Books),34246
2026-05-03 12:03:13.504146,B0G4GQL5TG,Winter Word Search,9296853,Holidays (Books),1074
2026-05-03 12:03:13.504148,B0G4GQL5TG,Winter Word Search,9296853,Word Search Games,47650
2026-05-03 12:03:13.504148,B0G4GQL5TG,Winter Word Search,9296853,Word Games (Books),50337
2026-05-03 12:03:29.971009,B0G5Z47WY7,Christmas Word Search,9296377,Holidays (Books),1073
2026-05-03 12:03:29.971011,B0G5Z47WY7,Christmas Word Search,9296377,Word Search Games,47631
2026-05-03 12:03:29.971012,B0G5Z47WY7,Christmas Word Search,9296377,Word Games (Books),50317
2026-05-03 12:03:46.245045,B0D2HQ2N8G,Cryptids Word Search Large Print,,,
2026-05-03 12:04:02.668813,B0CVNHV3CV,Cryptids Word Search,3786556,Ancient & Controversial Knowledge,3923
2026-05-03 12:04:02.668815,B0CVNHV3CV,Cryptids Word Search,3786556,Unexplained Mysteries (Books),5164
2026-05-03 12:04:02.668816,B0CVNHV3CV,Cryptids Word Search,3786556,Word Search Games,17061
2026-05-03 12:04:18.912085,B0D429W5H1,Sasquatch Word Search,3851797,Unexplained Mysteries (Books),5238
2026-05-03 12:04:18.912087,B0D429W5H1,Sasquatch Word Search,3851797,Word Search Games,17357
2026-05-03 12:04:18.912088,B0D429W5H1,Sasquatch Word Search,3851797,Word Games (Books),18861
2026-05-03 12:04:35.315855,B0D429WWSQ,Sasquatch Word Search,2192635,Unexplained Mysteries (Books),3411
2026-05-03 12:04:35.315858,B0D429WWSQ,Sasquatch Word Search,2192635,Word Search Games,9503
2026-05-03 12:04:35.315859,B0D429WWSQ,Sasquatch Word Search,2192635,Word Games (Books),10525
2026-05-03 12:04:51.795649,B0D22PKCGW,Alien Word Search Large Print,4038937,UFOs (Books),3423
2026-05-03 12:04:51.795651,B0D22PKCGW,Alien Word Search Large Print,4038937,Ancient & Controversial Knowledge,4152
2026-05-03 12:04:51.795652,B0D22PKCGW,Alien Word Search Large Print,4038937,Word Search Games,18372
2026-05-03 12:05:08.336563,B0CTPR6KZ4,Alien Word Search,1855484,UFOs (Books),1908
2026-05-03 12:05:08.336565,B0CTPR6KZ4,Alien Word Search,1855484,Ancient & Controversial Knowledge,2211
2026-05-03 12:05:08.336566,B0CTPR6KZ4,Alien Word Search,1855484,Word Search Games,8069
2026-05-03 14:16:57.485687,B0D22PKCGW,Alien Word Search Large Print,,,
2026-05-03 14:17:14.259880,B0CTPR6KZ4,Alien Word Search,1855520,UFOs (Books),1908
2026-05-03 14:17:14.259882,B0CTPR6KZ4,Alien Word Search,1855520,Ancient & Controversial Knowledge,2211
2026-05-03 14:17:14.259883,B0CTPR6KZ4,Alien Word Search,1855520,Word Search Games,8069
2026-05-03 15:03:06.157252,B0D3XXZRRC,Witches Word Search,,,
2026-05-03 15:03:23.017179,B0D3XXY1HV,Witches Word Search Large Print,,,
2026-05-03 15:03:39.489877,B0G43ZNNRX,Weather Word Search Large Print,,,
2026-05-03 15:03:56.169168,B0D97NFBG2,Weather Word Search,1810302,Natural Disasters (Books),613
2026-05-03 15:03:56.169173,B0D97NFBG2,Weather Word Search,1810302,Weather (Books),950
2026-05-03 15:03:56.169174,B0D97NFBG2,Weather Word Search,1810302,Word Search Games,7838
2026-05-03 15:04:12.671224,B0D9B6HKC8,Space Word Search,8998077,Solar System (Books),814
2026-05-03 15:04:12.671226,B0D9B6HKC8,Space Word Search,8998077,Astronomy (Books),10330
2026-05-03 15:04:12.671227,B0D9B6HKC8,Space Word Search,8998077,Word Search Games,45403
2026-05-03 15:04:29.402379,B0D986WRQY,Ocean Word Search,,,
2026-05-03 15:04:46.018963,B0D9D6QJKD,Earth Science Word Search,,,
2026-05-03 15:05:02.414322,B0D9DRYQSH,Animal Word Search,,,
2026-05-03 15:05:19.761665,B0FPDF7GQV,Halloween Word Search,7540832,Holidays (Books),895
2026-05-03 15:05:19.761667,B0FPDF7GQV,Halloween Word Search,7540832,Customs & Traditions Social Sciences,5674
2026-05-03 15:05:19.761667,B0FPDF7GQV,Halloween Word Search,7540832,Ghosts & Hauntings,5869
2026-05-03 15:05:36.299906,B0DXP99LNN,Spring Word Search,6047310,Gardening & Landscape Design,26865
2026-05-03 15:05:36.299908,B0DXP99LNN,Spring Word Search,6047310,Word Search Games,29431
2026-05-03 15:05:36.299909,B0DXP99LNN,Spring Word Search,6047310,Word Games (Books),31468
2026-05-03 15:05:52.756344,B0F61TRMXM,Summer Word Search,,,
2026-05-03 15:06:09.305037,B0DTKGRKC2,Romance Word Search,8114045,Humorous Erotica (Books),22414
2026-05-03 15:06:09.305040,B0DTKGRKC2,Romance Word Search,8114045,Romantic Erotica (Books),36507
2026-05-03 15:06:09.305040,B0DTKGRKC2,Romance Word Search,8114045,Word Search Games,41044
2026-05-03 15:06:25.874912,B0DS5HPJ1M,Alien Adult Activity Book,1463946,UFOs (Books),1528
2026-05-03 15:06:25.874914,B0DS5HPJ1M,Alien Adult Activity Book,1463946,Logic & Brain Teasers (Books),3404
2026-05-03 15:06:25.874915,B0DS5HPJ1M,Alien Adult Activity Book,1463946,Puzzles (Books),6720
2026-05-03 15:06:42.407475,B0FJ8TFSZ1,Fall Word Search,6503165,Holidays (Books),774
2026-05-03 15:06:42.407478,B0FJ8TFSZ1,Fall Word Search,6503165,Word Search Games,32090
2026-05-03 15:06:42.407478,B0FJ8TFSZ1,Fall Word Search,6503165,Word Games (Books),34246
2026-05-03 15:06:58.927950,B0G4GQL5TG,Winter Word Search,9301872,Holidays (Books),1073
2026-05-03 15:06:58.927952,B0G4GQL5TG,Winter Word Search,9301872,Word Search Games,47655
2026-05-03 15:06:58.927953,B0G4GQL5TG,Winter Word Search,9301872,Word Games (Books),50339
2026-05-03 15:07:15.353051,B0G5Z47WY7,Christmas Word Search,9301396,Holidays (Books),1072
2026-05-03 15:07:15.353053,B0G5Z47WY7,Christmas Word Search,9301396,Word Search Games,47636
2026-05-03 15:07:15.353054,B0G5Z47WY7,Christmas Word Search,9301396,Word Games (Books),50319
2026-05-03 15:07:31.865755,B0D2HQ2N8G,Cryptids Word Search Large Print,,,
2026-05-03 15:07:48.489050,B0CVNHV3CV,Cryptids Word Search,3794833,Ancient & Controversial Knowledge,3925
2026-05-03 15:07:48.489052,B0CVNHV3CV,Cryptids Word Search,3794833,Unexplained Mysteries (Books),5165
2026-05-03 15:07:48.489053,B0CVNHV3CV,Cryptids Word Search,3794833,Word Search Games,17086
2026-05-03 15:08:04.800705,B0D429W5H1,Sasquatch Word Search,3851864,Unexplained Mysteries (Books),5238
2026-05-03 15:08:04.800707,B0D429W5H1,Sasquatch Word Search,3851864,Word Search Games,17357
2026-05-03 15:08:04.800707,B0D429W5H1,Sasquatch Word Search,3851864,Word Games (Books),18861
2026-05-03 15:08:21.417805,B0D429WWSQ,Sasquatch Word Search,2192695,Unexplained Mysteries (Books),3411
2026-05-03 15:08:21.417807,B0D429WWSQ,Sasquatch Word Search,2192695,Word Search Games,9503
2026-05-03 15:08:21.417808,B0D429WWSQ,Sasquatch Word Search,2192695,Word Games (Books),10525
2026-05-03 15:08:37.994777,B0D22PKCGW,Alien Word Search Large Print,4039005,UFOs (Books),3423
2026-05-03 15:08:37.994779,B0D22PKCGW,Alien Word Search Large Print,4039005,Ancient & Controversial Knowledge,4152
2026-05-03 15:08:37.994780,B0D22PKCGW,Alien Word Search Large Print,4039005,Word Search Games,18372
2026-05-03 15:08:54.382850,B0CTPR6KZ4,Alien Word Search,1855520,UFOs (Books),1908
2026-05-03 15:08:54.382852,B0CTPR6KZ4,Alien Word Search,1855520,Ancient & Controversial Knowledge,2211
2026-05-03 15:08:54.382853,B0CTPR6KZ4,Alien Word Search,1855520,Word Search Games,8069
2026-05-03 15:59:02.774953,B0D1MYMVCC,Haunted Word Search Large Print,,,
2026-05-03 15:59:19.676840,B0CSZDC243,Haunted Word Search,6750815,Ghosts & Hauntings,5511
2026-05-03 15:59:19.676842,B0CSZDC243,Haunted Word Search,6750815,Psychic Phenomena,7005
2026-05-03 15:59:19.676843,B0CSZDC243,Haunted Word Search,6750815,Supernaturalism (Books),8509
2026-05-03 15:59:36.043234,B0D3XXZRRC,Witches Word Search,5808486,Witchcraft Religion & Spirituality,7017
2026-05-03 15:59:36.043240,B0D3XXZRRC,Witches Word Search,5808486,Spiritualism,9990
2026-05-03 15:59:36.043241,B0D3XXZRRC,Witches Word Search,5808486,Word Search Games,28179
2026-05-03 15:59:52.396665,B0D3XXY1HV,Witches Word Search Large Print,,,
2026-05-03 16:00:08.847211,B0G43ZNNRX,Weather Word Search Large Print,,,
2026-05-03 16:00:25.051394,B0D97NFBG2,Weather Word Search,1810302,Natural Disasters (Books),613
2026-05-03 16:00:25.051396,B0D97NFBG2,Weather Word Search,1810302,Weather (Books),950
2026-05-03 16:00:25.051397,B0D97NFBG2,Weather Word Search,1810302,Word Search Games,7838
2026-05-03 16:00:41.152862,B0D9B6HKC8,Space Word Search,8998077,Solar System (Books),814
2026-05-03 16:00:41.152864,B0D9B6HKC8,Space Word Search,8998077,Astronomy (Books),10330
2026-05-03 16:00:41.152865,B0D9B6HKC8,Space Word Search,8998077,Word Search Games,45403
2026-05-03 16:00:57.421565,B0D986WRQY,Ocean Word Search,,,
2026-05-03 16:01:13.418224,B0D9D6QJKD,Earth Science Word Search,,,
2026-05-03 16:01:29.469151,B0D9DRYQSH,Animal Word Search,,,
2026-05-03 16:01:45.778019,B0FPDF7GQV,Halloween Word Search,7540832,Holidays (Books),895
2026-05-03 16:01:45.778021,B0FPDF7GQV,Halloween Word Search,7540832,Customs & Traditions Social Sciences,5674
2026-05-03 16:01:45.778022,B0FPDF7GQV,Halloween Word Search,7540832,Ghosts & Hauntings,5869
2026-05-03 16:02:01.837536,B0DXP99LNN,Spring Word Search,6047310,Gardening & Landscape Design,26865
2026-05-03 16:02:01.837538,B0DXP99LNN,Spring Word Search,6047310,Word Search Games,29431
2026-05-03 16:02:01.837538,B0DXP99LNN,Spring Word Search,6047310,Word Games (Books),31468
2026-05-03 16:02:17.900464,B0F61TRMXM,Summer Word Search,,,
2026-05-03 16:02:34.105607,B0DTKGRKC2,Romance Word Search,8114045,Humorous Erotica (Books),22414
2026-05-03 16:02:34.105610,B0DTKGRKC2,Romance Word Search,8114045,Romantic Erotica (Books),36507
2026-05-03 16:02:34.105611,B0DTKGRKC2,Romance Word Search,8114045,Word Search Games,41044
2026-05-03 16:02:50.324537,B0DS5HPJ1M,Alien Adult Activity Book,1463946,UFOs (Books),1528
2026-05-03 16:02:50.324539,B0DS5HPJ1M,Alien Adult Activity Book,1463946,Logic & Brain Teasers (Books),3404
2026-05-03 16:02:50.324539,B0DS5HPJ1M,Alien Adult Activity Book,1463946,Puzzles (Books),6720
2026-05-03 16:03:06.442871,B0FJ8TFSZ1,Fall Word Search,6503165,Holidays (Books),774
2026-05-03 16:03:06.442873,B0FJ8TFSZ1,Fall Word Search,6503165,Word Search Games,32090
2026-05-03 16:03:06.442873,B0FJ8TFSZ1,Fall Word Search,6503165,Word Games (Books),34246
2026-05-03 16:03:22.728673,B0G4GQL5TG,Winter Word Search,9301872,Holidays (Books),1073
2026-05-03 16:03:22.728675,B0G4GQL5TG,Winter Word Search,9301872,Word Search Games,47655
2026-05-03 16:03:22.728676,B0G4GQL5TG,Winter Word Search,9301872,Word Games (Books),50339
2026-05-03 16:03:39.006983,B0G5Z47WY7,Christmas Word Search,9301396,Holidays (Books),1072
2026-05-03 16:03:39.006986,B0G5Z47WY7,Christmas Word Search,9301396,Word Search Games,47636
2026-05-03 16:03:39.006987,B0G5Z47WY7,Christmas Word Search,9301396,Word Games (Books),50319
2026-05-03 16:03:55.040725,B0D2HQ2N8G,Cryptids Word Search Large Print,,,
2026-05-03 16:04:11.349672,B0CVNHV3CV,Cryptids Word Search,3794833,Ancient & Controversial Knowledge,3925
2026-05-03 16:04:11.349674,B0CVNHV3CV,Cryptids Word Search,3794833,Unexplained Mysteries (Books),5165
2026-05-03 16:04:11.349674,B0CVNHV3CV,Cryptids Word Search,3794833,Word Search Games,17086
2026-05-03 16:04:27.480540,B0D429W5H1,Sasquatch Word Search,3851864,Unexplained Mysteries (Books),5238
2026-05-03 16:04:27.480543,B0D429W5H1,Sasquatch Word Search,3851864,Word Search Games,17357
2026-05-03 16:04:27.480543,B0D429W5H1,Sasquatch Word Search,3851864,Word Games (Books),18861
2026-05-03 16:04:43.663553,B0D429WWSQ,Sasquatch Word Search,2192695,Unexplained Mysteries (Books),3411
2026-05-03 16:04:43.663556,B0D429WWSQ,Sasquatch Word Search,2192695,Word Search Games,9503
2026-05-03 16:04:43.663556,B0D429WWSQ,Sasquatch Word Search,2192695,Word Games (Books),10525
2026-05-03 16:04:59.800869,B0D22PKCGW,Alien Word Search Large Print,4039005,UFOs (Books),3423
2026-05-03 16:04:59.800871,B0D22PKCGW,Alien Word Search Large Print,4039005,Ancient & Controversial Knowledge,4152
2026-05-03 16:04:59.800872,B0D22PKCGW,Alien Word Search Large Print,4039005,Word Search Games,18372
2026-05-03 16:05:16.070788,B0CTPR6KZ4,Alien Word Search,1867761,UFOs (Books),1913
2026-05-03 16:05:16.070792,B0CTPR6KZ4,Alien Word Search,1867761,Ancient & Controversial Knowledge,2221
2026-05-03 16:05:16.070793,B0CTPR6KZ4,Alien Word Search,1867761,Word Search Games,8130
2026-05-03 17:08:17.878935,B0D3XXZRRC,Witches Word Search,,,
2026-05-03 17:08:34.572342,B0D3XXY1HV,Witches Word Search Large Print,,,
2026-05-03 17:08:50.738284,B0G43ZNNRX,Weather Word Search Large Print,,,
2026-05-03 17:09:06.958883,B0D97NFBG2,Weather Word Search,1822736,Natural Disasters (Books),616
2026-05-03 17:09:06.958888,B0D97NFBG2,Weather Word Search,1822736,Weather (Books),957
2026-05-03 17:09:06.958889,B0D97NFBG2,Weather Word Search,1822736,Word Search Games,7900
2026-05-03 17:09:23.108937,B0D9B6HKC8,Space Word Search,9001971,Solar System (Books),816
2026-05-03 17:09:23.108939,B0D9B6HKC8,Space Word Search,9001971,Astronomy (Books),10331
2026-05-03 17:09:23.108939,B0D9B6HKC8,Space Word Search,9001971,Word Search Games,45429
2026-05-03 17:09:39.280145,B0D986WRQY,Ocean Word Search,,,
2026-05-03 17:09:55.357706,B0D9D6QJKD,Earth Science Word Search,,,
2026-05-03 17:10:11.441977,B0D9DRYQSH,Animal Word Search,,,
2026-05-03 17:10:27.707175,B0FPDF7GQV,Halloween Word Search,7545131,Holidays (Books),894
2026-05-03 17:10:27.707177,B0FPDF7GQV,Halloween Word Search,7545131,Customs & Traditions Social Sciences,5675
2026-05-03 17:10:27.707178,B0FPDF7GQV,Halloween Word Search,7545131,Ghosts & Hauntings,5873
2026-05-03 17:10:43.998457,B0DXP99LNN,Spring Word Search,6052323,Gardening & Landscape Design,26884
2026-05-03 17:10:43.998459,B0DXP99LNN,Spring Word Search,6052323,Word Search Games,29462
2026-05-03 17:10:43.998461,B0DXP99LNN,Spring Word Search,6052323,Word Games (Books),31501
2026-05-03 17:11:00.240831,B0F61TRMXM,Summer Word Search,,,
2026-05-03 17:11:16.318722,B0DTKGRKC2,Romance Word Search,8112972,Humorous Erotica (Books),22411
2026-05-03 17:11:16.318724,B0DTKGRKC2,Romance Word Search,8112972,Romantic Erotica (Books),36507
2026-05-03 17:11:16.318725,B0DTKGRKC2,Romance Word Search,8112972,Word Search Games,41065
2026-05-03 17:11:32.660705,B0DS5HPJ1M,Alien Adult Activity Book,1462869,UFOs (Books),1528
2026-05-03 17:11:32.660707,B0DS5HPJ1M,Alien Adult Activity Book,1462869,Logic & Brain Teasers (Books),3414
2026-05-03 17:11:32.660708,B0DS5HPJ1M,Alien Adult Activity Book,1462869,Puzzles (Books),6741
2026-05-03 17:11:49.237463,B0FJ8TFSZ1,Fall Word Search,6507931,Holidays (Books),773
2026-05-03 17:11:49.237465,B0FJ8TFSZ1,Fall Word Search,6507931,Word Search Games,32120
2026-05-03 17:11:49.237466,B0FJ8TFSZ1,Fall Word Search,6507931,Word Games (Books),34279
2026-05-03 17:12:05.520050,B0G4GQL5TG,Winter Word Search,9300836,Holidays (Books),1073
2026-05-03 17:12:05.520052,B0G4GQL5TG,Winter Word Search,9300836,Word Search Games,47678
2026-05-03 17:12:05.520052,B0G4GQL5TG,Winter Word Search,9300836,Word Games (Books),50368
2026-05-03 17:12:21.699073,B0G5Z47WY7,Christmas Word Search,9300360,Holidays (Books),1072
2026-05-03 17:12:21.699075,B0G5Z47WY7,Christmas Word Search,9300360,Word Search Games,47659
2026-05-03 17:12:21.699076,B0G5Z47WY7,Christmas Word Search,9300360,Word Games (Books),50348
2026-05-03 17:12:37.834449,B0D2HQ2N8G,Cryptids Word Search Large Print,,,
2026-05-03 17:12:54.164260,B0CVNHV3CV,Cryptids Word Search,3793754,Ancient & Controversial Knowledge,3925
2026-05-03 17:12:54.164262,B0CVNHV3CV,Cryptids Word Search,3793754,Unexplained Mysteries (Books),5167
2026-05-03 17:12:54.164263,B0CVNHV3CV,Cryptids Word Search,3793754,Word Search Games,17107
2026-05-03 17:13:10.297584,B0D429W5H1,Sasquatch Word Search,3858877,Unexplained Mysteries (Books),5241
2026-05-03 17:13:10.297586,B0D429W5H1,Sasquatch Word Search,3858877,Word Search Games,17403
2026-05-03 17:13:10.297587,B0D429W5H1,Sasquatch Word Search,3858877,Word Games (Books),18909
2026-05-03 17:13:26.561079,B0D429WWSQ,Sasquatch Word Search,2203372,Unexplained Mysteries (Books),3422
2026-05-03 17:13:26.561081,B0D429WWSQ,Sasquatch Word Search,2203372,Word Search Games,9559
2026-05-03 17:13:26.561082,B0D429WWSQ,Sasquatch Word Search,2203372,Word Games (Books),10585
2026-05-03 17:13:42.628440,B0D22PKCGW,Alien Word Search Large Print,4045755,UFOs (Books),3424
2026-05-03 17:13:42.628442,B0D22PKCGW,Alien Word Search Large Print,4045755,Ancient & Controversial Knowledge,4154
2026-05-03 17:13:42.628443,B0D22PKCGW,Alien Word Search Large Print,4045755,Word Search Games,18416
2026-05-03 17:13:58.814989,B0CTPR6KZ4,Alien Word Search,1867761,UFOs (Books),1913
2026-05-03 17:13:58.814991,B0CTPR6KZ4,Alien Word Search,1867761,Ancient & Controversial Knowledge,2221
2026-05-03 17:13:58.814992,B0CTPR6KZ4,Alien Word Search,1867761,Word Search Games,8130
2026-05-03 19:19:59.813859,B0G43ZNNRX,Weather Word Search Large Print,,,
2026-05-03 19:20:22.403651,B0D97NFBG2,Weather Word Search,1824345,Natural Disasters (Books),636
2026-05-03 19:20:22.403656,B0D97NFBG2,Weather Word Search,1824345,Weather (Books),1016
2026-05-03 19:20:22.403657,B0D97NFBG2,Weather Word Search,1824345,Word Search Games,7938
2026-05-03 19:20:38.825120,B0D9B6HKC8,Space Word Search,9003658,Solar System (Books),816
2026-05-03 19:20:38.825122,B0D9B6HKC8,Space Word Search,9003658,Astronomy (Books),10363
2026-05-03 19:20:38.825123,B0D9B6HKC8,Space Word Search,9003658,Word Search Games,45466
2026-05-03 19:20:55.132603,B0D986WRQY,Ocean Word Search,,,
2026-05-03 19:21:11.317085,B0D9D6QJKD,Earth Science Word Search,,,
2026-05-03 19:21:27.460403,B0D9DRYQSH,Animal Word Search,,,
2026-05-03 19:21:43.701314,B0FPDF7GQV,Halloween Word Search,7546761,Holidays (Books),894
2026-05-03 19:21:43.701317,B0FPDF7GQV,Halloween Word Search,7546761,Customs & Traditions Social Sciences,5683
2026-05-03 19:21:43.701317,B0FPDF7GQV,Halloween Word Search,7546761,Ghosts & Hauntings,5874
2026-05-03 19:22:00.064307,B0DXP99LNN,Spring Word Search,6053944,Gardening & Landscape Design,26930
2026-05-03 19:22:00.064310,B0DXP99LNN,Spring Word Search,6053944,Word Search Games,29500
2026-05-03 19:22:00.064311,B0DXP99LNN,Spring Word Search,6053944,Word Games (Books),31543
2026-05-03 19:22:16.274770,B0F61TRMXM,Summer Word Search,,,
2026-05-03 19:22:33.912545,B0DTKGRKC2,Romance Word Search,8114609,Humorous Erotica (Books),22421
2026-05-03 19:22:33.912548,B0DTKGRKC2,Romance Word Search,8114609,Romantic Erotica (Books),36528
2026-05-03 19:22:33.912548,B0DTKGRKC2,Romance Word Search,8114609,Word Search Games,41102
2026-05-03 19:22:50.186423,B0DS5HPJ1M,Alien Adult Activity Book,1464488,UFOs (Books),1532
2026-05-03 19:22:50.186425,B0DS5HPJ1M,Alien Adult Activity Book,1464488,Logic & Brain Teasers (Books),3432
2026-05-03 19:22:50.186426,B0DS5HPJ1M,Alien Adult Activity Book,1464488,Puzzles (Books),6772
2026-05-03 19:23:06.553763,B0FJ8TFSZ1,Fall Word Search,6509550,Holidays (Books),773
2026-05-03 19:23:06.553765,B0FJ8TFSZ1,Fall Word Search,6509550,Word Search Games,32158
2026-05-03 19:23:06.553766,B0FJ8TFSZ1,Fall Word Search,6509550,Word Games (Books),34321
2026-05-03 19:23:22.895449,B0G4GQL5TG,Winter Word Search,9302537,Holidays (Books),1073
2026-05-03 19:23:22.895451,B0G4GQL5TG,Winter Word Search,9302537,Word Search Games,47716
2026-05-03 19:23:22.895451,B0G4GQL5TG,Winter Word Search,9302537,Word Games (Books),50410
2026-05-03 19:23:39.331525,B0G5Z47WY7,Christmas Word Search,9302061,Holidays (Books),1072
2026-05-03 19:23:39.331527,B0G5Z47WY7,Christmas Word Search,9302061,Word Search Games,47697
2026-05-03 19:23:39.331528,B0G5Z47WY7,Christmas Word Search,9302061,Word Games (Books),50390
2026-05-03 19:23:55.530138,B0D2HQ2N8G,Cryptids Word Search Large Print,,,
2026-05-03 19:24:11.903684,B0CVNHV3CV,Cryptids Word Search,3795376,Ancient & Controversial Knowledge,3927
2026-05-03 19:24:11.903687,B0CVNHV3CV,Cryptids Word Search,3795376,Unexplained Mysteries (Books),5169
2026-05-03 19:24:11.903688,B0CVNHV3CV,Cryptids Word Search,3795376,Word Search Games,17145
2026-05-03 19:24:28.085208,B0D429W5H1,Sasquatch Word Search,3860499,Unexplained Mysteries (Books),5243
2026-05-03 19:24:28.085210,B0D429W5H1,Sasquatch Word Search,3860499,Word Search Games,17441
2026-05-03 19:24:28.085210,B0D429W5H1,Sasquatch Word Search,3860499,Word Games (Books),18951
2026-05-03 19:24:44.345101,B0D429WWSQ,Sasquatch Word Search,2204995,Unexplained Mysteries (Books),3424
2026-05-03 19:24:44.345103,B0D429WWSQ,Sasquatch Word Search,2204995,Word Search Games,9597
2026-05-03 19:24:44.345104,B0D429WWSQ,Sasquatch Word Search,2204995,Word Games (Books),10627
2026-05-03 19:25:00.583875,B0D22PKCGW,Alien Word Search Large Print,4047377,UFOs (Books),3428
2026-05-03 19:25:00.583877,B0D22PKCGW,Alien Word Search Large Print,4047377,Ancient & Controversial Knowledge,4156
2026-05-03 19:25:00.583878,B0D22PKCGW,Alien Word Search Large Print,4047377,Word Search Games,18454
2026-05-03 19:25:16.815919,B0CTPR6KZ4,Alien Word Search,1869381,UFOs (Books),1917
2026-05-03 19:25:16.815921,B0CTPR6KZ4,Alien Word Search,1869381,Ancient & Controversial Knowledge,2223
2026-05-03 19:25:16.815922,B0CTPR6KZ4,Alien Word Search,1869381,Word Search Games,8168
2026-05-03 21:04:55.328074,B0G43ZNNRX,Weather Word Search Large Print,,,
2026-05-03 21:05:12.293986,B0D97NFBG2,Weather Word Search,1835543,Natural Disasters (Books),637
2026-05-03 21:05:12.293991,B0D97NFBG2,Weather Word Search,1835543,Weather (Books),1019
2026-05-03 21:05:12.293992,B0D97NFBG2,Weather Word Search,1835543,Word Search Games,7987
2026-05-03 21:05:28.546703,B0D9B6HKC8,Space Word Search,9005616,Solar System (Books),816
2026-05-03 21:05:28.546706,B0D9B6HKC8,Space Word Search,9005616,Astronomy (Books),10363
2026-05-03 21:05:28.546707,B0D9B6HKC8,Space Word Search,9005616,Word Search Games,45470
2026-05-03 21:05:46.717371,B0D986WRQY,Ocean Word Search,,,
2026-05-03 21:06:03.019636,B0D9D6QJKD,Earth Science Word Search,,,
2026-05-03 21:06:19.217456,B0D9DRYQSH,Animal Word Search,,,
2026-05-03 21:06:35.463469,B0FPDF7GQV,Halloween Word Search,7549059,Holidays (Books),894
2026-05-03 21:06:35.463471,B0FPDF7GQV,Halloween Word Search,7549059,Customs & Traditions Social Sciences,5685
2026-05-03 21:06:35.463472,B0FPDF7GQV,Halloween Word Search,7549059,Ghosts & Hauntings,5874
2026-05-03 21:06:51.727264,B0DXP99LNN,Spring Word Search,6056809,Gardening & Landscape Design,26940
2026-05-03 21:06:51.727267,B0DXP99LNN,Spring Word Search,6056809,Word Search Games,29507
2026-05-03 21:06:51.727267,B0DXP99LNN,Spring Word Search,6056809,Word Games (Books),31550
2026-05-03 21:07:08.075686,B0F61TRMXM,Summer Word Search,,,
2026-05-03 21:07:24.370283,B0DTKGRKC2,Romance Word Search,8116745,Humorous Erotica (Books),22426
2026-05-03 21:07:24.370286,B0DTKGRKC2,Romance Word Search,8116745,Romantic Erotica (Books),36529
2026-05-03 21:07:24.370287,B0DTKGRKC2,Romance Word Search,8116745,Word Search Games,41106
2026-05-03 21:07:40.667796,B0DS5HPJ1M,Alien Adult Activity Book,1478743,UFOs (Books),1542
2026-05-03 21:07:40.667800,B0DS5HPJ1M,Alien Adult Activity Book,1478743,Logic & Brain Teasers (Books),3458
2026-05-03 21:07:40.667801,B0DS5HPJ1M,Alien Adult Activity Book,1478743,Puzzles (Books),6824
2026-05-03 21:07:57.039503,B0FJ8TFSZ1,Fall Word Search,6512223,Holidays (Books),774
2026-05-03 21:07:57.039505,B0FJ8TFSZ1,Fall Word Search,6512223,Word Search Games,32164
2026-05-03 21:07:57.039506,B0FJ8TFSZ1,Fall Word Search,6512223,Word Games (Books),34327
2026-05-03 21:08:13.466716,B0G4GQL5TG,Winter Word Search,9304460,Holidays (Books),1073
2026-05-03 21:08:13.466718,B0G4GQL5TG,Winter Word Search,9304460,Word Search Games,47720
2026-05-03 21:08:13.466718,B0G4GQL5TG,Winter Word Search,9304460,Word Games (Books),50414
2026-05-03 21:08:29.858534,B0G5Z47WY7,Christmas Word Search,9303984,Holidays (Books),1072
2026-05-03 21:08:29.858536,B0G5Z47WY7,Christmas Word Search,9303984,Word Search Games,47701
2026-05-03 21:08:29.858537,B0G5Z47WY7,Christmas Word Search,9303984,Word Games (Books),50394
2026-05-03 21:08:46.034003,B0D2HQ2N8G,Cryptids Word Search Large Print,,,
2026-05-03 21:09:02.392042,B0CVNHV3CV,Cryptids Word Search,3800431,Ancient & Controversial Knowledge,3930
2026-05-03 21:09:02.392048,B0CVNHV3CV,Cryptids Word Search,3800431,Unexplained Mysteries (Books),5174
2026-05-03 21:09:02.392049,B0CVNHV3CV,Cryptids Word Search,3800431,Word Search Games,17156
2026-05-03 21:09:18.567986,B0D429W5H1,Sasquatch Word Search,3865441,Unexplained Mysteries (Books),5248
2026-05-03 21:09:18.567989,B0D429W5H1,Sasquatch Word Search,3865441,Word Search Games,17452
2026-05-03 21:09:18.567989,B0D429W5H1,Sasquatch Word Search,3865441,Word Games (Books),18962
2026-05-03 21:09:34.790897,B0D429WWSQ,Sasquatch Word Search,2214157,Unexplained Mysteries (Books),3436
2026-05-03 21:09:34.790902,B0D429WWSQ,Sasquatch Word Search,2214157,Word Search Games,9632
2026-05-03 21:09:34.790903,B0D429WWSQ,Sasquatch Word Search,2214157,Word Games (Books),10664
2026-05-03 21:09:51.275211,B0D22PKCGW,Alien Word Search Large Print,4052043,UFOs (Books),3432
2026-05-03 21:09:51.275214,B0D22PKCGW,Alien Word Search Large Print,4052043,Ancient & Controversial Knowledge,4159
2026-05-03 21:09:51.275214,B0D22PKCGW,Alien Word Search Large Print,4052043,Word Search Games,18464
2026-05-03 21:10:07.752309,B0CTPR6KZ4,Alien Word Search,1880311,UFOs (Books),1925
2026-05-03 21:10:07.752312,B0CTPR6KZ4,Alien Word Search,1880311,Ancient & Controversial Knowledge,2236
2026-05-03 21:10:07.752312,B0CTPR6KZ4,Alien Word Search,1880311,Word Search Games,8216
2026-05-03 21:55:22.740861,B0D9JQ33BX,Paranormal Word Search,,,
2026-05-03 21:55:39.339517,B0D1MYMVCC,Haunted Word Search Large Print,,,
2026-05-03 21:55:55.471511,B0CSZDC243,Haunted Word Search,6756239,Ghosts & Hauntings,5512
2026-05-03 21:55:55.471514,B0CSZDC243,Haunted Word Search,6756239,Psychic Phenomena,7009
2026-05-03 21:55:55.471514,B0CSZDC243,Haunted Word Search,6756239,Supernaturalism (Books),8516
2026-05-03 21:56:11.679967,B0D3XXZRRC,Witches Word Search,5814365,Witchcraft Religion & Spirituality,7024
2026-05-03 21:56:11.679973,B0D3XXZRRC,Witches Word Search,5814365,Spiritualism,10004
2026-05-03 21:56:11.679974,B0D3XXZRRC,Witches Word Search,5814365,Word Search Games,28226
2026-05-03 21:56:27.930535,B0D3XXY1HV,Witches Word Search Large Print,,,
2026-05-03 21:56:44.115762,B0G43ZNNRX,Weather Word Search Large Print,,,
2026-05-03 21:57:00.683022,B0D97NFBG2,Weather Word Search,1835543,Natural Disasters (Books),637
2026-05-03 21:57:00.683025,B0D97NFBG2,Weather Word Search,1835543,Weather (Books),1019
2026-05-03 21:57:00.683025,B0D97NFBG2,Weather Word Search,1835543,Word Search Games,7987
2026-05-03 21:57:16.699160,B0D9B6HKC8,Space Word Search,9005616,Solar System (Books),816
2026-05-03 21:57:16.699162,B0D9B6HKC8,Space Word Search,9005616,Astronomy (Books),10363
2026-05-03 21:57:16.699163,B0D9B6HKC8,Space Word Search,9005616,Word Search Games,45470
2026-05-03 21:57:32.759136,B0D986WRQY,Ocean Word Search,,,
2026-05-03 21:57:48.698502,B0D9D6QJKD,Earth Science Word Search,,,
2026-05-03 21:58:04.839388,B0D9DRYQSH,Animal Word Search,,,
2026-05-03 21:58:21.258332,B0FPDF7GQV,Halloween Word Search,7549059,Holidays (Books),894
2026-05-03 21:58:21.258334,B0FPDF7GQV,Halloween Word Search,7549059,Customs & Traditions Social Sciences,5685
2026-05-03 21:58:21.258335,B0FPDF7GQV,Halloween Word Search,7549059,Ghosts & Hauntings,5874
2026-05-03 21:58:37.588744,B0DXP99LNN,Spring Word Search,6056809,Gardening & Landscape Design,26940
2026-05-03 21:58:37.588746,B0DXP99LNN,Spring Word Search,6056809,Word Search Games,29507
2026-05-03 21:58:37.588747,B0DXP99LNN,Spring Word Search,6056809,Word Games (Books),31550
2026-05-03 21:58:53.617568,B0F61TRMXM,Summer Word Search,,,
2026-05-03 21:59:10.111693,B0DTKGRKC2,Romance Word Search,8116745,Humorous Erotica (Books),22426
2026-05-03 21:59:10.111695,B0DTKGRKC2,Romance Word Search,8116745,Romantic Erotica (Books),36529
2026-05-03 21:59:10.111696,B0DTKGRKC2,Romance Word Search,8116745,Word Search Games,41106
2026-05-03 21:59:26.209099,B0DS5HPJ1M,Alien Adult Activity Book,1478743,UFOs (Books),1542
2026-05-03 21:59:26.209101,B0DS5HPJ1M,Alien Adult Activity Book,1478743,Logic & Brain Teasers (Books),3458
2026-05-03 21:59:26.209102,B0DS5HPJ1M,Alien Adult Activity Book,1478743,Puzzles (Books),6824
2026-05-03 21:59:42.278307,B0FJ8TFSZ1,Fall Word Search,6512223,Holidays (Books),774
2026-05-03 21:59:42.278310,B0FJ8TFSZ1,Fall Word Search,6512223,Word Search Games,32164
2026-05-03 21:59:42.278310,B0FJ8TFSZ1,Fall Word Search,6512223,Word Games (Books),34327
2026-05-03 21:59:58.481274,B0G4GQL5TG,Winter Word Search,9304460,Holidays (Books),1073
2026-05-03 21:59:58.481276,B0G4GQL5TG,Winter Word Search,9304460,Word Search Games,47720
2026-05-03 21:59:58.481277,B0G4GQL5TG,Winter Word Search,9304460,Word Games (Books),50414
2026-05-03 22:00:14.718446,B0G5Z47WY7,Christmas Word Search,9303984,Holidays (Books),1072
2026-05-03 22:00:14.718451,B0G5Z47WY7,Christmas Word Search,9303984,Word Search Games,47701
2026-05-03 22:00:14.718452,B0G5Z47WY7,Christmas Word Search,9303984,Word Games (Books),50394
2026-05-03 22:00:30.656927,B0D2HQ2N8G,Cryptids Word Search Large Print,,,
2026-05-03 22:00:46.741785,B0CVNHV3CV,Cryptids Word Search,3800431,Ancient & Controversial Knowledge,3930
2026-05-03 22:00:46.741788,B0CVNHV3CV,Cryptids Word Search,3800431,Unexplained Mysteries (Books),5174
2026-05-03 22:00:46.741788,B0CVNHV3CV,Cryptids Word Search,3800431,Word Search Games,17156
2026-05-03 22:01:02.627469,B0D429W5H1,Sasquatch Word Search,3865441,Unexplained Mysteries (Books),5248
2026-05-03 22:01:02.627471,B0D429W5H1,Sasquatch Word Search,3865441,Word Search Games,17452
2026-05-03 22:01:02.627472,B0D429W5H1,Sasquatch Word Search,3865441,Word Games (Books),18962
2026-05-03 22:01:18.649139,B0D429WWSQ,Sasquatch Word Search,2214157,Unexplained Mysteries (Books),3436
2026-05-03 22:01:18.649142,B0D429WWSQ,Sasquatch Word Search,2214157,Word Search Games,9632
2026-05-03 22:01:18.649142,B0D429WWSQ,Sasquatch Word Search,2214157,Word Games (Books),10664
2026-05-03 22:01:34.769415,B0D22PKCGW,Alien Word Search Large Print,4052043,UFOs (Books),3432
2026-05-03 22:01:34.769417,B0D22PKCGW,Alien Word Search Large Print,4052043,Ancient & Controversial Knowledge,4159
2026-05-03 22:01:34.769418,B0D22PKCGW,Alien Word Search Large Print,4052043,Word Search Games,18464
2026-05-03 22:01:50.881999,B0CTPR6KZ4,Alien Word Search,1880311,UFOs (Books),1925
2026-05-03 22:01:50.882001,B0CTPR6KZ4,Alien Word Search,1880311,Ancient & Controversial Knowledge,2236
2026-05-03 22:01:50.882002,B0CTPR6KZ4,Alien Word Search,1880311,Word Search Games,8216
2026-05-03 22:55:40.122301,B0D9JQ33BX,Paranormal Word Search,,,
2026-05-03 22:55:56.843740,B0D1MYMVCC,Haunted Word Search Large Print,,,
2026-05-03 22:56:12.947092,B0CSZDC243,Haunted Word Search,6756288,Ghosts & Hauntings,5512
2026-05-03 22:56:12.947096,B0CSZDC243,Haunted Word Search,6756288,Psychic Phenomena,7009
2026-05-03 22:56:12.947097,B0CSZDC243,Haunted Word Search,6756288,Supernaturalism (Books),8516
2026-05-03 22:56:29.143939,B0D3XXZRRC,Witches Word Search,5814409,Witchcraft Religion & Spirituality,7024
2026-05-03 22:56:29.143945,B0D3XXZRRC,Witches Word Search,5814409,Spiritualism,10004
2026-05-03 22:56:29.143946,B0D3XXZRRC,Witches Word Search,5814409,Word Search Games,28226
2026-05-03 22:56:45.367001,B0D3XXY1HV,Witches Word Search Large Print,,,
2026-05-03 22:57:01.410275,B0G43ZNNRX,Weather Word Search Large Print,,,
2026-05-03 22:57:17.669843,B0D97NFBG2,Weather Word Search,1836786,Natural Disasters (Books),637
2026-05-03 22:57:17.669845,B0D97NFBG2,Weather Word Search,1836786,Weather (Books),1019
2026-05-03 22:57:17.669846,B0D97NFBG2,Weather Word Search,1836786,Word Search Games,7987
2026-05-03 22:57:33.835553,B0D9B6HKC8,Space Word Search,9006941,Solar System (Books),816
2026-05-03 22:57:33.835556,B0D9B6HKC8,Space Word Search,9006941,Astronomy (Books),10363
2026-05-03 22:57:33.835557,B0D9B6HKC8,Space Word Search,9006941,Word Search Games,45470
2026-05-03 22:57:50.148472,B0D986WRQY,Ocean Word Search,,,
2026-05-03 22:58:06.380517,B0D9D6QJKD,Earth Science Word Search,,,
2026-05-03 22:58:22.523617,B0D9DRYQSH,Animal Word Search,,,
2026-05-03 22:58:38.535187,B0FPDF7GQV,Halloween Word Search,7550363,Holidays (Books),894
2026-05-03 22:58:38.535189,B0FPDF7GQV,Halloween Word Search,7550363,Customs & Traditions Social Sciences,5686
2026-05-03 22:58:38.535190,B0FPDF7GQV,Halloween Word Search,7550363,Ghosts & Hauntings,5874
2026-05-03 22:58:54.938414,B0DXP99LNN,Spring Word Search,6058101,Gardening & Landscape Design,26940
2026-05-03 22:58:54.938417,B0DXP99LNN,Spring Word Search,6058101,Word Search Games,29507
2026-05-03 22:58:54.938417,B0DXP99LNN,Spring Word Search,6058101,Word Games (Books),31550
2026-05-03 22:59:10.980181,B0F61TRMXM,Summer Word Search,,,
2026-05-03 22:59:27.186686,B0DTKGRKC2,Romance Word Search,8118055,Humorous Erotica (Books),22427
2026-05-03 22:59:27.186688,B0DTKGRKC2,Romance Word Search,8118055,Romantic Erotica (Books),36529
2026-05-03 22:59:27.186689,B0DTKGRKC2,Romance Word Search,8118055,Word Search Games,41106
2026-05-03 22:59:43.352979,B0DS5HPJ1M,Alien Adult Activity Book,1479981,UFOs (Books),1542
2026-05-03 22:59:43.352981,B0DS5HPJ1M,Alien Adult Activity Book,1479981,Logic & Brain Teasers (Books),3459
2026-05-03 22:59:43.352981,B0DS5HPJ1M,Alien Adult Activity Book,1479981,Puzzles (Books),6825
2026-05-03 22:59:59.775133,B0FJ8TFSZ1,Fall Word Search,6513516,Holidays (Books),774
2026-05-03 22:59:59.775136,B0FJ8TFSZ1,Fall Word Search,6513516,Word Search Games,32164
2026-05-03 22:59:59.775136,B0FJ8TFSZ1,Fall Word Search,6513516,Word Games (Books),34327
2026-05-03 23:00:16.041282,B0G4GQL5TG,Winter Word Search,9305791,Holidays (Books),1073
2026-05-03 23:00:16.041285,B0G4GQL5TG,Winter Word Search,9305791,Word Search Games,47720
2026-05-03 23:00:16.041285,B0G4GQL5TG,Winter Word Search,9305791,Word Games (Books),50414
2026-05-03 23:00:32.267104,B0G5Z47WY7,Christmas Word Search,9305315,Holidays (Books),1072
2026-05-03 23:00:32.267108,B0G5Z47WY7,Christmas Word Search,9305315,Word Search Games,47701
2026-05-03 23:00:32.267108,B0G5Z47WY7,Christmas Word Search,9305315,Word Games (Books),50394
2026-05-03 23:00:48.405433,B0D2HQ2N8G,Cryptids Word Search Large Print,,,
2026-05-03 23:01:04.594252,B0CVNHV3CV,Cryptids Word Search,3801703,Ancient & Controversial Knowledge,3930
2026-05-03 23:01:04.594254,B0CVNHV3CV,Cryptids Word Search,3801703,Unexplained Mysteries (Books),5174
2026-05-03 23:01:04.594255,B0CVNHV3CV,Cryptids Word Search,3801703,Word Search Games,17156
2026-05-03 23:01:20.675123,B0D429W5H1,Sasquatch Word Search,3866713,Unexplained Mysteries (Books),5248
2026-05-03 23:01:20.675126,B0D429W5H1,Sasquatch Word Search,3866713,Word Search Games,17452
2026-05-03 23:01:20.675127,B0D429W5H1,Sasquatch Word Search,3866713,Word Games (Books),18962
2026-05-03 23:01:36.823516,B0D429WWSQ,Sasquatch Word Search,2215411,Unexplained Mysteries (Books),3436
2026-05-03 23:01:36.823518,B0D429WWSQ,Sasquatch Word Search,2215411,Word Search Games,9632
2026-05-03 23:01:36.823519,B0D429WWSQ,Sasquatch Word Search,2215411,Word Games (Books),10664
2026-05-03 23:01:53.041577,B0D22PKCGW,Alien Word Search Large Print,4053314,UFOs (Books),3432
2026-05-03 23:01:53.041579,B0D22PKCGW,Alien Word Search Large Print,4053314,Ancient & Controversial Knowledge,4159
2026-05-03 23:01:53.041580,B0D22PKCGW,Alien Word Search Large Print,4053314,Word Search Games,18464
2026-05-03 23:02:09.096943,B0CTPR6KZ4,Alien Word Search,1881555,UFOs (Books),1925
2026-05-03 23:02:09.096945,B0CTPR6KZ4,Alien Word Search,1881555,Ancient & Controversial Knowledge,2236
2026-05-03 23:02:09.096946,B0CTPR6KZ4,Alien Word Search,1881555,Word Search Games,8216
2026-05-04 00:06:27.335882,B0G43ZNNRX,Weather Word Search Large Print,,,
2026-05-04 00:06:44.308657,B0D97NFBG2,Weather Word Search,1836793,Natural Disasters (Books),637
2026-05-04 00:06:44.308662,B0D97NFBG2,Weather Word Search,1836793,Weather (Books),1019
2026-05-04 00:06:44.308663,B0D97NFBG2,Weather Word Search,1836793,Word Search Games,7987
2026-05-04 00:07:00.727486,B0D9B6HKC8,Space Word Search,9006966,Solar System (Books),816
2026-05-04 00:07:00.727491,B0D9B6HKC8,Space Word Search,9006966,Astronomy (Books),10363
2026-05-04 00:07:00.727492,B0D9B6HKC8,Space Word Search,9006966,Word Search Games,45470
2026-05-04 00:07:17.245662,B0D986WRQY,Ocean Word Search,,,
2026-05-04 00:07:33.553170,B0D9D6QJKD,Earth Science Word Search,,,
2026-05-04 00:07:50.075892,B0D9DRYQSH,Animal Word Search,,,
2026-05-04 00:08:06.534237,B0FPDF7GQV,Halloween Word Search,7550385,Holidays (Books),894
2026-05-04 00:08:06.534239,B0FPDF7GQV,Halloween Word Search,7550385,Customs & Traditions Social Sciences,5686
2026-05-04 00:08:06.534240,B0FPDF7GQV,Halloween Word Search,7550385,Ghosts & Hauntings,5874
2026-05-04 00:08:23.131572,B0DXP99LNN,Spring Word Search,6058118,Gardening & Landscape Design,26940
2026-05-04 00:08:23.131575,B0DXP99LNN,Spring Word Search,6058118,Word Search Games,29507
2026-05-04 00:08:23.131575,B0DXP99LNN,Spring Word Search,6058118,Word Games (Books),31550
2026-05-04 00:08:39.656208,B0F61TRMXM,Summer Word Search,,,
2026-05-04 00:08:56.069979,B0DTKGRKC2,Romance Word Search,8117926,Humorous Erotica (Books),22427
2026-05-04 00:08:56.069981,B0DTKGRKC2,Romance Word Search,8117926,Romantic Erotica (Books),36528
2026-05-04 00:08:56.069982,B0DTKGRKC2,Romance Word Search,8117926,Word Search Games,41104
2026-05-04 00:09:12.641256,B0DS5HPJ1M,Alien Adult Activity Book,1479988,UFOs (Books),1542
2026-05-04 00:09:12.641258,B0DS5HPJ1M,Alien Adult Activity Book,1479988,Logic & Brain Teasers (Books),3459
2026-05-04 00:09:12.641259,B0DS5HPJ1M,Alien Adult Activity Book,1479988,Puzzles (Books),6825
2026-05-04 00:09:28.900907,B0FJ8TFSZ1,Fall Word Search,6513401,Holidays (Books),774
2026-05-04 00:09:28.900909,B0FJ8TFSZ1,Fall Word Search,6513401,Word Search Games,32162
2026-05-04 00:09:28.900910,B0FJ8TFSZ1,Fall Word Search,6513401,Word Games (Books),34325
2026-05-04 00:09:45.454545,B0G4GQL5TG,Winter Word Search,9305816,Holidays (Books),1073
2026-05-04 00:09:45.454547,B0G4GQL5TG,Winter Word Search,9305816,Word Search Games,47720
2026-05-04 00:09:45.454548,B0G4GQL5TG,Winter Word Search,9305816,Word Games (Books),50414
2026-05-04 00:10:02.919808,B0G5Z47WY7,Christmas Word Search,9305340,Holidays (Books),1072
2026-05-04 00:10:02.919811,B0G5Z47WY7,Christmas Word Search,9305340,Word Search Games,47701
2026-05-04 00:10:02.919811,B0G5Z47WY7,Christmas Word Search,9305340,Word Games (Books),50394
2026-05-04 00:10:19.370674,B0D2HQ2N8G,Cryptids Word Search Large Print,,,
2026-05-04 00:10:35.932040,B0CVNHV3CV,Cryptids Word Search,3801710,Ancient & Controversial Knowledge,3930
2026-05-04 00:10:35.932043,B0CVNHV3CV,Cryptids Word Search,3801710,Unexplained Mysteries (Books),5174
2026-05-04 00:10:35.932043,B0CVNHV3CV,Cryptids Word Search,3801710,Word Search Games,17156
2026-05-04 00:10:52.458859,B0D429W5H1,Sasquatch Word Search,3866720,Unexplained Mysteries (Books),5248
2026-05-04 00:10:52.458861,B0D429W5H1,Sasquatch Word Search,3866720,Word Search Games,17452
2026-05-04 00:10:52.458862,B0D429W5H1,Sasquatch Word Search,3866720,Word Games (Books),18962
2026-05-04 00:11:08.781250,B0D429WWSQ,Sasquatch Word Search,2215318,Unexplained Mysteries (Books),3436
2026-05-04 00:11:08.781253,B0D429WWSQ,Sasquatch Word Search,2215318,Word Search Games,9631
2026-05-04 00:11:08.781254,B0D429WWSQ,Sasquatch Word Search,2215318,Word Games (Books),10663
2026-05-04 00:11:25.190228,B0D22PKCGW,Alien Word Search Large Print,4053322,UFOs (Books),3432
2026-05-04 00:11:25.190231,B0D22PKCGW,Alien Word Search Large Print,4053322,Ancient & Controversial Knowledge,4159
2026-05-04 00:11:25.190231,B0D22PKCGW,Alien Word Search Large Print,4053322,Word Search Games,18464
2026-05-04 00:11:41.720664,B0CTPR6KZ4,Alien Word Search,1881562,UFOs (Books),1925
2026-05-04 00:11:41.720667,B0CTPR6KZ4,Alien Word Search,1881562,Ancient & Controversial Knowledge,2236
2026-05-04 00:11:41.720668,B0CTPR6KZ4,Alien Word Search,1881562,Word Search Games,8216
2026-05-04 04:04:53.682733,B0CSZDC243,Haunted Word Search,6748801,Ghosts & Hauntings,5512
2026-05-04 04:04:53.682736,B0CSZDC243,Haunted Word Search,6748801,Psychic Phenomena,7007
2026-05-04 04:04:53.682737,B0CSZDC243,Haunted Word Search,6748801,Supernaturalism (Books),8500
2026-05-04 04:05:10.049051,B0D3XXZRRC,Witches Word Search,5859676,Witchcraft Religion & Spirituality,7057
2026-05-04 04:05:10.049056,B0D3XXZRRC,Witches Word Search,5859676,Spiritualism,10071
2026-05-04 04:05:10.049058,B0D3XXZRRC,Witches Word Search,5859676,Word Search Games,28490
2026-05-04 04:05:26.279457,B0D3XXY1HV,Witches Word Search Large Print,,,
2026-05-04 04:05:42.513360,B0G43ZNNRX,Weather Word Search Large Print,,,
2026-05-04 04:05:58.646575,B0D97NFBG2,Weather Word Search,1829127,Natural Disasters (Books),632
2026-05-04 04:05:58.646577,B0D97NFBG2,Weather Word Search,1829127,Weather (Books),1024
2026-05-04 04:05:58.646578,B0D97NFBG2,Weather Word Search,1829127,Word Search Games,7957
2026-05-04 04:06:14.906955,B0D9B6HKC8,Space Word Search,9012274,Solar System (Books),816
2026-05-04 04:06:14.906957,B0D9B6HKC8,Space Word Search,9012274,Astronomy (Books),10365
2026-05-04 04:06:14.906958,B0D9B6HKC8,Space Word Search,9012274,Word Search Games,45482
2026-05-04 04:06:31.175814,B0D986WRQY,Ocean Word Search,,,
2026-05-04 04:06:47.445883,B0D9D6QJKD,Earth Science Word Search,,,
2026-05-04 04:07:03.703605,B0D9DRYQSH,Animal Word Search,,,
2026-05-04 04:07:20.086353,B0FPDF7GQV,Halloween Word Search,7549844,Holidays (Books),894
2026-05-04 04:07:20.086355,B0FPDF7GQV,Halloween Word Search,7549844,Customs & Traditions Social Sciences,5683
2026-05-04 04:07:20.086356,B0FPDF7GQV,Halloween Word Search,7549844,Ghosts & Hauntings,5876
2026-05-04 04:07:36.388471,B0DXP99LNN,Spring Word Search,6049691,Gardening & Landscape Design,26911
2026-05-04 04:07:36.388473,B0DXP99LNN,Spring Word Search,6049691,Word Search Games,29458
2026-05-04 04:07:36.388474,B0DXP99LNN,Spring Word Search,6049691,Word Games (Books),31501
2026-05-04 04:07:52.705652,B0F61TRMXM,Summer Word Search,,,
2026-05-04 04:08:08.958524,B0DTKGRKC2,Romance Word Search,8114671,Humorous Erotica (Books),22419
2026-05-04 04:08:08.958527,B0DTKGRKC2,Romance Word Search,8114671,Romantic Erotica (Books),36509
2026-05-04 04:08:08.958527,B0DTKGRKC2,Romance Word Search,8114671,Word Search Games,41086
2026-05-04 04:08:25.234343,B0DS5HPJ1M,Alien Adult Activity Book,1585734,UFOs (Books),1640
2026-05-04 04:08:25.234344,B0DS5HPJ1M,Alien Adult Activity Book,1585734,Logic & Brain Teasers (Books),3721
2026-05-04 04:08:25.234345,B0DS5HPJ1M,Alien Adult Activity Book,1585734,Puzzles (Books),7334
2026-05-04 04:08:41.540679,B0FJ8TFSZ1,Fall Word Search,6504760,Holidays (Books),772
2026-05-04 04:08:41.540681,B0FJ8TFSZ1,Fall Word Search,6504760,Word Search Games,32117
2026-05-04 04:08:41.540682,B0FJ8TFSZ1,Fall Word Search,6504760,Word Games (Books),34278
2026-05-04 04:08:58.126560,B0G4GQL5TG,Winter Word Search,9310982,Holidays (Books),1073
2026-05-04 04:08:58.126563,B0G4GQL5TG,Winter Word Search,9310982,Word Search Games,47730
2026-05-04 04:08:58.126564,B0G4GQL5TG,Winter Word Search,9310982,Word Games (Books),50425
2026-05-04 04:09:14.453187,B0G5Z47WY7,Christmas Word Search,9310507,Holidays (Books),1072
2026-05-04 04:09:14.453189,B0G5Z47WY7,Christmas Word Search,9310507,Word Search Games,47711
2026-05-04 04:09:14.453190,B0G5Z47WY7,Christmas Word Search,9310507,Word Games (Books),50405
2026-05-04 04:09:30.711456,B0D2HQ2N8G,Cryptids Word Search Large Print,,,
2026-05-04 04:09:46.986608,B0CVNHV3CV,Cryptids Word Search,3776661,Ancient & Controversial Knowledge,3921
2026-05-04 04:09:46.986610,B0CVNHV3CV,Cryptids Word Search,3776661,Unexplained Mysteries (Books),5143
2026-05-04 04:09:46.986611,B0CVNHV3CV,Cryptids Word Search,3776661,Word Search Games,17077
2026-05-04 04:10:03.136265,B0D429W5H1,Sasquatch Word Search,3866565,Unexplained Mysteries (Books),5248
2026-05-04 04:10:03.136267,B0D429W5H1,Sasquatch Word Search,3866565,Word Search Games,17452
2026-05-04 04:10:03.136267,B0D429W5H1,Sasquatch Word Search,3866565,Word Games (Books),18962
2026-05-04 04:10:19.415268,B0D429WWSQ,Sasquatch Word Search,2250015,Unexplained Mysteries (Books),3491
2026-05-04 04:10:19.415270,B0D429WWSQ,Sasquatch Word Search,2250015,Word Search Games,9853
2026-05-04 04:10:19.415271,B0D429WWSQ,Sasquatch Word Search,2250015,Word Games (Books),10898
2026-05-04 04:10:35.685635,B0D22PKCGW,Alien Word Search Large Print,4047498,UFOs (Books),3423
2026-05-04 04:10:35.685637,B0D22PKCGW,Alien Word Search Large Print,4047498,Ancient & Controversial Knowledge,4155
2026-05-04 04:10:35.685637,B0D22PKCGW,Alien Word Search Large Print,4047498,Word Search Games,18413
2026-05-04 04:10:51.962387,B0CTPR6KZ4,Alien Word Search,1893248,UFOs (Books),1928
2026-05-04 04:10:51.962389,B0CTPR6KZ4,Alien Word Search,1893248,Ancient & Controversial Knowledge,2252
2026-05-04 04:10:51.962390,B0CTPR6KZ4,Alien Word Search,1893248,Word Search Games,8283
2026-05-04 07:57:13.334153,B0D3XXZRRC,Witches Word Search,,,
2026-05-04 07:57:30.227160,B0D3XXY1HV,Witches Word Search Large Print,,,
2026-05-04 07:57:46.612424,B0G43ZNNRX,Weather Word Search Large Print,,,
2026-05-04 07:58:03.080450,B0D97NFBG2,Weather Word Search,1829593,Natural Disasters (Books),632
2026-05-04 07:58:03.080456,B0D97NFBG2,Weather Word Search,1829593,Weather (Books),1024
2026-05-04 07:58:03.080457,B0D97NFBG2,Weather Word Search,1829593,Word Search Games,7958
2026-05-04 07:58:19.439463,B0D9B6HKC8,Space Word Search,9012655,Solar System (Books),816
2026-05-04 07:58:19.439465,B0D9B6HKC8,Space Word Search,9012655,Astronomy (Books),10364
2026-05-04 07:58:19.439466,B0D9B6HKC8,Space Word Search,9012655,Word Search Games,45487
2026-05-04 07:58:36.194351,B0D986WRQY,Ocean Word Search,,,
2026-05-04 07:58:52.560672,B0D9D6QJKD,Earth Science Word Search,,,
2026-05-04 07:59:08.764419,B0D9DRYQSH,Animal Word Search,,,
2026-05-04 07:59:25.089679,B0FPDF7GQV,Halloween Word Search,7550242,Holidays (Books),894
2026-05-04 07:59:25.089681,B0FPDF7GQV,Halloween Word Search,7550242,Customs & Traditions Social Sciences,5683
2026-05-04 07:59:25.089682,B0FPDF7GQV,Halloween Word Search,7550242,Ghosts & Hauntings,5876
2026-05-04 07:59:41.460630,B0DXP99LNN,Spring Word Search,6050126,Gardening & Landscape Design,26911
2026-05-04 07:59:41.460632,B0DXP99LNN,Spring Word Search,6050126,Word Search Games,29461
2026-05-04 07:59:41.460633,B0DXP99LNN,Spring Word Search,6050126,Word Games (Books),31504
2026-05-04 07:59:57.780365,B0F61TRMXM,Summer Word Search,,,
2026-05-04 08:00:14.262138,B0DTKGRKC2,Romance Word Search,8115048,Humorous Erotica (Books),22418
2026-05-04 08:00:14.262140,B0DTKGRKC2,Romance Word Search,8115048,Romantic Erotica (Books),36509
2026-05-04 08:00:14.262141,B0DTKGRKC2,Romance Word Search,8115048,Word Search Games,41089
2026-05-04 08:00:30.825250,B0DS5HPJ1M,Alien Adult Activity Book,1586198,UFOs (Books),1640
2026-05-04 08:00:30.825252,B0DS5HPJ1M,Alien Adult Activity Book,1586198,Logic & Brain Teasers (Books),3721
2026-05-04 08:00:30.825253,B0DS5HPJ1M,Alien Adult Activity Book,1586198,Puzzles (Books),7335
2026-05-04 08:00:47.504825,B0FJ8TFSZ1,Fall Word Search,6505189,Holidays (Books),772
2026-05-04 08:00:47.504827,B0FJ8TFSZ1,Fall Word Search,6505189,Word Search Games,32120
2026-05-04 08:00:47.504827,B0FJ8TFSZ1,Fall Word Search,6505189,Word Games (Books),34281
2026-05-04 08:01:03.953309,B0G4GQL5TG,Winter Word Search,9311360,Holidays (Books),1073
2026-05-04 08:01:03.953311,B0G4GQL5TG,Winter Word Search,9311360,Word Search Games,47735
2026-05-04 08:01:03.953311,B0G4GQL5TG,Winter Word Search,9311360,Word Games (Books),50430
2026-05-04 08:01:20.636365,B0G5Z47WY7,Christmas Word Search,9310885,Holidays (Books),1072
2026-05-04 08:01:20.636369,B0G5Z47WY7,Christmas Word Search,9310885,Word Search Games,47716
2026-05-04 08:01:20.636370,B0G5Z47WY7,Christmas Word Search,9310885,Word Games (Books),50410
2026-05-04 08:01:36.928049,B0D2HQ2N8G,Cryptids Word Search Large Print,,,
2026-05-04 08:01:53.424017,B0CVNHV3CV,Cryptids Word Search,3777124,Ancient & Controversial Knowledge,3922
2026-05-04 08:01:53.424019,B0CVNHV3CV,Cryptids Word Search,3777124,Unexplained Mysteries (Books),5145
2026-05-04 08:01:53.424020,B0CVNHV3CV,Cryptids Word Search,3777124,Word Search Games,17079
2026-05-04 08:02:09.755215,B0D429W5H1,Sasquatch Word Search,3843664,Unexplained Mysteries (Books),5236
2026-05-04 08:02:09.755217,B0D429W5H1,Sasquatch Word Search,3843664,Word Search Games,17377
2026-05-04 08:02:09.755218,B0D429W5H1,Sasquatch Word Search,3843664,Word Games (Books),18877
2026-05-04 08:02:26.039780,B0D429WWSQ,Sasquatch Word Search,2250486,Unexplained Mysteries (Books),3493
2026-05-04 08:02:26.039782,B0D429WWSQ,Sasquatch Word Search,2250486,Word Search Games,9854
2026-05-04 08:02:26.039783,B0D429WWSQ,Sasquatch Word Search,2250486,Word Games (Books),10899
2026-05-04 08:02:42.554937,B0D22PKCGW,Alien Word Search Large Print,4047953,UFOs (Books),3424
2026-05-04 08:02:42.554940,B0D22PKCGW,Alien Word Search Large Print,4047953,Ancient & Controversial Knowledge,4156
2026-05-04 08:02:42.554941,B0D22PKCGW,Alien Word Search Large Print,4047953,Word Search Games,18415
2026-05-04 08:02:58.998757,B0CTPR6KZ4,Alien Word Search,1893718,UFOs (Books),1928
2026-05-04 08:02:58.998759,B0CTPR6KZ4,Alien Word Search,1893718,Ancient & Controversial Knowledge,2253
2026-05-04 08:02:58.998760,B0CTPR6KZ4,Alien Word Search,1893718,Word Search Games,8284
2026-05-04 10:24:00.085013,B0D1MYMVCC,Haunted Word Search Large Print,,,
2026-05-04 10:24:16.756426,B0CSZDC243,Haunted Word Search,6750341,Ghosts & Hauntings,5512
2026-05-04 10:24:16.756433,B0CSZDC243,Haunted Word Search,6750341,Psychic Phenomena,7007
2026-05-04 10:24:16.756434,B0CSZDC243,Haunted Word Search,6750341,Supernaturalism (Books),8500
2026-05-04 10:24:33.001844,B0D3XXZRRC,Witches Word Search,5861217,Witchcraft Religion & Spirituality,7061
2026-05-04 10:24:33.001853,B0D3XXZRRC,Witches Word Search,5861217,Spiritualism,10074
2026-05-04 10:24:33.001855,B0D3XXZRRC,Witches Word Search,5861217,Word Search Games,28492
2026-05-04 10:24:49.195391,B0D3XXY1HV,Witches Word Search Large Print,,,
2026-05-04 10:25:05.438439,B0G43ZNNRX,Weather Word Search Large Print,,,
2026-05-04 10:25:21.891343,B0D97NFBG2,Weather Word Search,1830618,Natural Disasters (Books),632
2026-05-04 10:25:21.891345,B0D97NFBG2,Weather Word Search,1830618,Weather (Books),1024
2026-05-04 10:25:21.891346,B0D97NFBG2,Weather Word Search,1830618,Word Search Games,7957
2026-05-04 10:25:38.160618,B0D9B6HKC8,Space Word Search,9013815,Solar System (Books),816
2026-05-04 10:25:38.160621,B0D9B6HKC8,Space Word Search,9013815,Astronomy (Books),10364
2026-05-04 10:25:38.160622,B0D9B6HKC8,Space Word Search,9013815,Word Search Games,45486
2026-05-04 10:25:54.541749,B0D986WRQY,Ocean Word Search,,,
2026-05-04 10:26:11.020141,B0D9D6QJKD,Earth Science Word Search,,,
2026-05-04 10:26:27.116768,B0D9DRYQSH,Animal Word Search,,,
2026-05-04 10:26:43.322462,B0FPDF7GQV,Halloween Word Search,7551382,Holidays (Books),894
2026-05-04 10:26:43.322465,B0FPDF7GQV,Halloween Word Search,7551382,Customs & Traditions Social Sciences,5683
2026-05-04 10:26:43.322465,B0FPDF7GQV,Halloween Word Search,7551382,Ghosts & Hauntings,5876
2026-05-04 10:26:59.503095,B0DXP99LNN,Spring Word Search,6051234,Gardening & Landscape Design,26910
2026-05-04 10:26:59.503098,B0DXP99LNN,Spring Word Search,6051234,Word Search Games,29460
2026-05-04 10:26:59.503098,B0DXP99LNN,Spring Word Search,6051234,Word Games (Books),31503
2026-05-04 10:27:15.725246,B0F61TRMXM,Summer Word Search,,,
2026-05-04 10:27:31.466178,B0DTKGRKC2,Romance Word Search,8116199,Humorous Erotica (Books),22418
2026-05-04 10:27:31.466179,B0DTKGRKC2,Romance Word Search,8116199,Romantic Erotica (Books),36513
2026-05-04 10:27:31.466180,B0DTKGRKC2,Romance Word Search,8116199,Word Search Games,41088
2026-05-04 10:27:47.979747,B0DS5HPJ1M,Alien Adult Activity Book,1588703,UFOs (Books),1640
2026-05-04 10:27:47.979749,B0DS5HPJ1M,Alien Adult Activity Book,1588703,Logic & Brain Teasers (Books),3721
2026-05-04 10:27:47.979750,B0DS5HPJ1M,Alien Adult Activity Book,1588703,Puzzles (Books),7334
2026-05-04 10:28:04.335200,B0FJ8TFSZ1,Fall Word Search,6506304,Holidays (Books),772
2026-05-04 10:28:04.335202,B0FJ8TFSZ1,Fall Word Search,6506304,Word Search Games,32119
2026-05-04 10:28:04.335203,B0FJ8TFSZ1,Fall Word Search,6506304,Word Games (Books),34280
2026-05-04 10:28:20.697152,B0G4GQL5TG,Winter Word Search,9312522,Holidays (Books),1073
2026-05-04 10:28:20.697154,B0G4GQL5TG,Winter Word Search,9312522,Word Search Games,47734
2026-05-04 10:28:20.697155,B0G4GQL5TG,Winter Word Search,9312522,Word Games (Books),50429
2026-05-04 10:28:37.000672,B0G5Z47WY7,Christmas Word Search,9312047,Holidays (Books),1072
2026-05-04 10:28:37.000677,B0G5Z47WY7,Christmas Word Search,9312047,Word Search Games,47715
2026-05-04 10:28:37.000678,B0G5Z47WY7,Christmas Word Search,9312047,Word Games (Books),50409
2026-05-04 10:28:53.135887,B0D2HQ2N8G,Cryptids Word Search Large Print,,,
2026-05-04 10:29:09.430508,B0CVNHV3CV,Cryptids Word Search,3778190,Ancient & Controversial Knowledge,3922
2026-05-04 10:29:09.430511,B0CVNHV3CV,Cryptids Word Search,3778190,Unexplained Mysteries (Books),5145
2026-05-04 10:29:09.430511,B0CVNHV3CV,Cryptids Word Search,3778190,Word Search Games,17078
2026-05-04 10:29:25.549446,B0D429W5H1,Sasquatch Word Search,3844729,Unexplained Mysteries (Books),5236
2026-05-04 10:29:25.549448,B0D429W5H1,Sasquatch Word Search,3844729,Word Search Games,17376
2026-05-04 10:29:25.549449,B0D429W5H1,Sasquatch Word Search,3844729,Word Games (Books),18876
2026-05-04 10:29:41.765253,B0D429WWSQ,Sasquatch Word Search,2251514,Unexplained Mysteries (Books),3493
2026-05-04 10:29:41.765255,B0D429WWSQ,Sasquatch Word Search,2251514,Word Search Games,9853
2026-05-04 10:29:41.765256,B0D429WWSQ,Sasquatch Word Search,2251514,Word Games (Books),10898
2026-05-04 10:29:58.128682,B0D22PKCGW,Alien Word Search Large Print,4049026,UFOs (Books),3424
2026-05-04 10:29:58.128684,B0D22PKCGW,Alien Word Search Large Print,4049026,Ancient & Controversial Knowledge,4156
2026-05-04 10:29:58.128685,B0D22PKCGW,Alien Word Search Large Print,4049026,Word Search Games,18414
2026-05-04 10:30:14.338720,B0CTPR6KZ4,Alien Word Search,1894742,UFOs (Books),1928
2026-05-04 10:30:14.338722,B0CTPR6KZ4,Alien Word Search,1894742,Ancient & Controversial Knowledge,2253
2026-05-04 10:30:14.338723,B0CTPR6KZ4,Alien Word Search,1894742,Word Search Games,8283
2026-05-04 12:26:14.478833,B0D1MYMVCC,Haunted Word Search Large Print,,,
2026-05-04 12:26:31.495588,B0CSZDC243,Haunted Word Search,6758220,Ghosts & Hauntings,5516
2026-05-04 12:26:31.495592,B0CSZDC243,Haunted Word Search,6758220,Psychic Phenomena,7012
2026-05-04 12:26:31.495593,B0CSZDC243,Haunted Word Search,6758220,Supernaturalism (Books),8501
2026-05-04 12:26:47.843968,B0D3XXZRRC,Witches Word Search,5870496,Witchcraft Religion & Spirituality,7061
2026-05-04 12:26:47.843976,B0D3XXZRRC,Witches Word Search,5870496,Spiritualism,10075
2026-05-04 12:26:47.843977,B0D3XXZRRC,Witches Word Search,5870496,Word Search Games,28509
2026-05-04 12:27:03.991833,B0D3XXY1HV,Witches Word Search Large Print,,,
2026-05-04 12:27:20.642628,B0G43ZNNRX,Weather Word Search Large Print,,,
2026-05-04 12:27:36.916936,B0D97NFBG2,Weather Word Search,1859575,Natural Disasters (Books),643
2026-05-04 12:27:36.916939,B0D97NFBG2,Weather Word Search,1859575,Weather (Books),1039
2026-05-04 12:27:36.916940,B0D97NFBG2,Weather Word Search,1859575,Word Search Games,8070
2026-05-04 12:27:53.129534,B0D9B6HKC8,Space Word Search,9019042,Solar System (Books),821
2026-05-04 12:27:53.129538,B0D9B6HKC8,Space Word Search,9019042,Astronomy (Books),10372
2026-05-04 12:27:53.129539,B0D9B6HKC8,Space Word Search,9019042,Word Search Games,45473
2026-05-04 12:28:09.572969,B0D986WRQY,Ocean Word Search,,,
2026-05-04 12:28:25.806390,B0D9D6QJKD,Earth Science Word Search,,,
2026-05-04 12:28:41.961529,B0D9DRYQSH,Animal Word Search,,,
2026-05-04 12:28:58.284471,B0FPDF7GQV,Halloween Word Search,7558334,Holidays (Books),894
2026-05-04 12:28:58.284475,B0FPDF7GQV,Halloween Word Search,7558334,Customs & Traditions Social Sciences,5687
2026-05-04 12:28:58.284476,B0FPDF7GQV,Halloween Word Search,7558334,Ghosts & Hauntings,5875
2026-05-04 12:29:14.538532,B0DXP99LNN,Spring Word Search,6060173,Gardening & Landscape Design,26923
2026-05-04 12:29:14.538535,B0DXP99LNN,Spring Word Search,6060173,Word Search Games,29476
2026-05-04 12:29:14.538536,B0DXP99LNN,Spring Word Search,6060173,Word Games (Books),31521
2026-05-04 12:29:30.838678,B0F61TRMXM,Summer Word Search,,,
2026-05-04 12:29:47.060697,B0DTKGRKC2,Romance Word Search,8122621,Humorous Erotica (Books),22433
2026-05-04 12:29:47.060702,B0DTKGRKC2,Romance Word Search,8122621,Romantic Erotica (Books),36530
2026-05-04 12:29:47.060704,B0DTKGRKC2,Romance Word Search,8122621,Word Search Games,41084
2026-05-04 12:30:03.471707,B0DS5HPJ1M,Alien Adult Activity Book,1620268,UFOs (Books),1666
2026-05-04 12:30:03.471711,B0DS5HPJ1M,Alien Adult Activity Book,1620268,Logic & Brain Teasers (Books),3801
2026-05-04 12:30:03.471712,B0DS5HPJ1M,Alien Adult Activity Book,1620268,Puzzles (Books),7475
2026-05-04 12:30:20.091913,B0FJ8TFSZ1,Fall Word Search,6514608,Holidays (Books),772
2026-05-04 12:30:20.091917,B0FJ8TFSZ1,Fall Word Search,6514608,Word Search Games,32134
2026-05-04 12:30:20.091918,B0FJ8TFSZ1,Fall Word Search,6514608,Word Games (Books),34297
2026-05-04 12:30:36.535159,B0G4GQL5TG,Winter Word Search,9317475,Holidays (Books),1073
2026-05-04 12:30:36.535164,B0G4GQL5TG,Winter Word Search,9317475,Word Search Games,47719
2026-05-04 12:30:36.535165,B0G4GQL5TG,Winter Word Search,9317475,Word Games (Books),50415
2026-05-04 12:30:52.805161,B0G5Z47WY7,Christmas Word Search,9317000,Holidays (Books),1072
2026-05-04 12:30:52.805165,B0G5Z47WY7,Christmas Word Search,9317000,Word Search Games,47700
2026-05-04 12:30:52.805166,B0G5Z47WY7,Christmas Word Search,9317000,Word Games (Books),50395
2026-05-04 12:31:09.042145,B0D2HQ2N8G,Cryptids Word Search Large Print,,,
2026-05-04 12:31:25.519780,B0CVNHV3CV,Cryptids Word Search,3793072,Ancient & Controversial Knowledge,3931
2026-05-04 12:31:25.519785,B0CVNHV3CV,Cryptids Word Search,3793072,Unexplained Mysteries (Books),5157
2026-05-04 12:31:25.519786,B0CVNHV3CV,Cryptids Word Search,3793072,Word Search Games,17115
2026-05-04 12:31:41.814949,B0D429W5H1,Sasquatch Word Search,3859372,Unexplained Mysteries (Books),5245
2026-05-04 12:31:41.814953,B0D429W5H1,Sasquatch Word Search,3859372,Word Search Games,17413
2026-05-04 12:31:41.814953,B0D429W5H1,Sasquatch Word Search,3859372,Word Games (Books),18914
2026-05-04 12:31:58.205588,B0D429WWSQ,Sasquatch Word Search,2275459,Unexplained Mysteries (Books),3516
2026-05-04 12:31:58.205593,B0D429WWSQ,Sasquatch Word Search,2275459,Word Search Games,9945
2026-05-04 12:31:58.205594,B0D429WWSQ,Sasquatch Word Search,2275459,Word Games (Books),10998
2026-05-04 12:32:14.526325,B0D22PKCGW,Alien Word Search Large Print,4062957,UFOs (Books),3429
2026-05-04 12:32:14.526328,B0D22PKCGW,Alien Word Search Large Print,4062957,Ancient & Controversial Knowledge,4164
2026-05-04 12:32:14.526329,B0D22PKCGW,Alien Word Search Large Print,4062957,Word Search Games,18442
2026-05-04 12:32:30.728968,B0CTPR6KZ4,Alien Word Search,1922786,UFOs (Books),1949
2026-05-04 12:32:30.728971,B0CTPR6KZ4,Alien Word Search,1922786,Ancient & Controversial Knowledge,2289
2026-05-04 12:32:30.728972,B0CTPR6KZ4,Alien Word Search,1922786,Word Search Games,8393
2026-05-04 15:23:04.340449,B0G43ZNNRX,Weather Word Search Large Print,,,
2026-05-04 15:23:21.373074,B0D97NFBG2,Weather Word Search,1863297,Natural Disasters (Books),643
2026-05-04 15:23:21.373078,B0D97NFBG2,Weather Word Search,1863297,Weather (Books),1039
2026-05-04 15:23:21.373079,B0D97NFBG2,Weather Word Search,1863297,Word Search Games,8071
2026-05-04 15:23:37.862408,B0D9B6HKC8,Space Word Search,9022846,Solar System (Books),821
2026-05-04 15:23:37.862411,B0D9B6HKC8,Space Word Search,9022846,Astronomy (Books),10372
2026-05-04 15:23:37.862411,B0D9B6HKC8,Space Word Search,9022846,Word Search Games,45470
2026-05-04 15:23:54.270252,B0D986WRQY,Ocean Word Search,,,
2026-05-04 15:24:10.713990,B0D9D6QJKD,Earth Science Word Search,,,
2026-05-04 15:24:27.325155,B0D9DRYQSH,Animal Word Search,,,
2026-05-04 15:24:43.752662,B0FPDF7GQV,Halloween Word Search,7562096,Holidays (Books),894
2026-05-04 15:24:43.752664,B0FPDF7GQV,Halloween Word Search,7562096,Customs & Traditions Social Sciences,5687
2026-05-04 15:24:43.752665,B0FPDF7GQV,Halloween Word Search,7562096,Ghosts & Hauntings,5876
2026-05-04 15:25:00.311569,B0DXP99LNN,Spring Word Search,6063922,Gardening & Landscape Design,26920
2026-05-04 15:25:00.311572,B0DXP99LNN,Spring Word Search,6063922,Word Search Games,29474
2026-05-04 15:25:00.311573,B0DXP99LNN,Spring Word Search,6063922,Word Games (Books),31523
2026-05-04 15:25:16.622278,B0F61TRMXM,Summer Word Search,,,
2026-05-04 15:25:33.089519,B0DTKGRKC2,Romance Word Search,8126398,Humorous Erotica (Books),22434
2026-05-04 15:25:33.089522,B0DTKGRKC2,Romance Word Search,8126398,Romantic Erotica (Books),36530
2026-05-04 15:25:33.089522,B0DTKGRKC2,Romance Word Search,8126398,Word Search Games,41081
2026-05-04 15:25:49.544041,B0DS5HPJ1M,Alien Adult Activity Book,1623991,UFOs (Books),1667
2026-05-04 15:25:49.544042,B0DS5HPJ1M,Alien Adult Activity Book,1623991,Logic & Brain Teasers (Books),3799
2026-05-04 15:25:49.544043,B0DS5HPJ1M,Alien Adult Activity Book,1623991,Puzzles (Books),7479
2026-05-04 15:26:06.127399,B0FJ8TFSZ1,Fall Word Search,6518361,Holidays (Books),772
2026-05-04 15:26:06.127401,B0FJ8TFSZ1,Fall Word Search,6518361,Word Search Games,32132
2026-05-04 15:26:06.127401,B0FJ8TFSZ1,Fall Word Search,6518361,Word Games (Books),34299
2026-05-04 15:26:22.159154,B0G4GQL5TG,Winter Word Search,9321293,Holidays (Books),1073
2026-05-04 15:26:22.159157,B0G4GQL5TG,Winter Word Search,9321293,Word Search Games,47716
2026-05-04 15:26:22.159158,B0G4GQL5TG,Winter Word Search,9321293,Word Games (Books),50416
2026-05-04 15:26:38.520823,B0G5Z47WY7,Christmas Word Search,9320818,Holidays (Books),1072
2026-05-04 15:26:38.520825,B0G5Z47WY7,Christmas Word Search,9320818,Word Search Games,47697
2026-05-04 15:26:38.520825,B0G5Z47WY7,Christmas Word Search,9320818,Word Games (Books),50396
2026-05-04 15:26:54.973348,B0D2HQ2N8G,Cryptids Word Search Large Print,,,
2026-05-04 15:27:11.577593,B0CVNHV3CV,Cryptids Word Search,3796812,Ancient & Controversial Knowledge,3931
2026-05-04 15:27:11.577596,B0CVNHV3CV,Cryptids Word Search,3796812,Unexplained Mysteries (Books),5158
2026-05-04 15:27:11.577597,B0CVNHV3CV,Cryptids Word Search,3796812,Word Search Games,17113
2026-05-04 15:27:29.089293,B0D429W5H1,Sasquatch Word Search,3863114,Unexplained Mysteries (Books),5246
2026-05-04 15:27:29.089295,B0D429W5H1,Sasquatch Word Search,3863114,Word Search Games,17410
2026-05-04 15:27:29.089295,B0D429W5H1,Sasquatch Word Search,3863114,Word Games (Books),18916
2026-05-04 15:27:45.655384,B0D429WWSQ,Sasquatch Word Search,2279184,Unexplained Mysteries (Books),3517
2026-05-04 15:27:45.655387,B0D429WWSQ,Sasquatch Word Search,2279184,Word Search Games,9945
2026-05-04 15:27:45.655388,B0D429WWSQ,Sasquatch Word Search,2279184,Word Games (Books),11000
2026-05-04 15:28:02.439467,B0D22PKCGW,Alien Word Search Large Print,4066699,UFOs (Books),3430
2026-05-04 15:28:02.439469,B0D22PKCGW,Alien Word Search Large Print,4066699,Ancient & Controversial Knowledge,4164
2026-05-04 15:28:02.439469,B0D22PKCGW,Alien Word Search Large Print,4066699,Word Search Games,18441
2026-05-04 15:28:19.043381,B0CTPR6KZ4,Alien Word Search,1926508,UFOs (Books),1950
2026-05-04 15:28:19.043384,B0CTPR6KZ4,Alien Word Search,1926508,Ancient & Controversial Knowledge,2289
2026-05-04 15:28:19.043384,B0CTPR6KZ4,Alien Word Search,1926508,Word Search Games,8394
2026-05-04 17:51:20.142524,B0CSZDC243,Haunted Word Search,6765348,Ghosts & Hauntings,5523
2026-05-04 17:51:20.142527,B0CSZDC243,Haunted Word Search,6765348,Psychic Phenomena,7013
2026-05-04 17:51:20.142527,B0CSZDC243,Haunted Word Search,6765348,Supernaturalism (Books),8502
2026-05-04 17:51:36.546234,B0D3XXZRRC,Witches Word Search,5878137,Witchcraft Religion & Spirituality,7071
2026-05-04 17:51:36.546240,B0D3XXZRRC,Witches Word Search,5878137,Spiritualism,10078
2026-05-04 17:51:36.546241,B0D3XXZRRC,Witches Word Search,5878137,Word Search Games,28522
2026-05-04 17:51:52.962431,B0D3XXY1HV,Witches Word Search Large Print,,,
2026-05-04 17:52:09.285496,B0G43ZNNRX,Weather Word Search Large Print,,,
2026-05-04 17:52:25.615349,B0D97NFBG2,Weather Word Search,1874772,Natural Disasters (Books),648
2026-05-04 17:52:25.615351,B0D97NFBG2,Weather Word Search,1874772,Weather (Books),1043
2026-05-04 17:52:25.615352,B0D97NFBG2,Weather Word Search,1874772,Word Search Games,8126
2026-05-04 17:52:42.048736,B0D9B6HKC8,Space Word Search,9025337,Solar System (Books),819
2026-05-04 17:52:42.048738,B0D9B6HKC8,Space Word Search,9025337,Astronomy (Books),10374
2026-05-04 17:52:42.048739,B0D9B6HKC8,Space Word Search,9025337,Word Search Games,45479
2026-05-04 17:52:58.452543,B0D986WRQY,Ocean Word Search,,,
2026-05-04 17:53:14.965312,B0D9D6QJKD,Earth Science Word Search,,,
2026-05-04 17:53:31.405314,B0D9DRYQSH,Animal Word Search,,,
2026-05-04 17:53:47.869122,B0FPDF7GQV,Halloween Word Search,7565122,Holidays (Books),895
2026-05-04 17:53:47.869125,B0FPDF7GQV,Halloween Word Search,7565122,Customs & Traditions Social Sciences,5688
2026-05-04 17:53:47.869126,B0FPDF7GQV,Halloween Word Search,7565122,Ghosts & Hauntings,5883
2026-05-04 17:54:04.487031,B0DXP99LNN,Spring Word Search,6067685,Gardening & Landscape Design,26919
2026-05-04 17:54:04.487033,B0DXP99LNN,Spring Word Search,6067685,Word Search Games,29488
2026-05-04 17:54:04.487034,B0DXP99LNN,Spring Word Search,6067685,Word Games (Books),31534
2026-05-04 17:54:20.745707,B0F61TRMXM,Summer Word Search,,,
2026-05-04 17:54:37.146823,B0DTKGRKC2,Romance Word Search,8129197,Humorous Erotica (Books),22429
2026-05-04 17:54:37.146828,B0DTKGRKC2,Romance Word Search,8129197,Romantic Erotica (Books),36555
2026-05-04 17:54:37.146829,B0DTKGRKC2,Romance Word Search,8129197,Word Search Games,41091
2026-05-04 17:54:53.944099,B0DS5HPJ1M,Alien Adult Activity Book,1637048,UFOs (Books),1675
2026-05-04 17:54:53.944104,B0DS5HPJ1M,Alien Adult Activity Book,1637048,Logic & Brain Teasers (Books),3825
2026-05-04 17:54:53.944105,B0DS5HPJ1M,Alien Adult Activity Book,1637048,Puzzles (Books),7539
2026-05-04 17:55:10.611700,B0FJ8TFSZ1,Fall Word Search,6521847,Holidays (Books),772
2026-05-04 17:55:10.611702,B0FJ8TFSZ1,Fall Word Search,6521847,Word Search Games,32145
2026-05-04 17:55:10.611703,B0FJ8TFSZ1,Fall Word Search,6521847,Word Games (Books),34309
2026-05-04 17:55:27.236472,B0G4GQL5TG,Winter Word Search,9323715,Holidays (Books),1074
2026-05-04 17:55:27.236474,B0G4GQL5TG,Winter Word Search,9323715,Word Search Games,47724
2026-05-04 17:55:27.236475,B0G4GQL5TG,Winter Word Search,9323715,Word Games (Books),50421
2026-05-04 17:55:43.737438,B0G5Z47WY7,Christmas Word Search,9323240,Holidays (Books),1073
2026-05-04 17:55:43.737440,B0G5Z47WY7,Christmas Word Search,9323240,Word Search Games,47705
2026-05-04 17:55:43.737441,B0G5Z47WY7,Christmas Word Search,9323240,Word Games (Books),50401
2026-05-04 17:56:00.134662,B0D2HQ2N8G,Cryptids Word Search Large Print,,,
2026-05-04 17:56:16.559133,B0CVNHV3CV,Cryptids Word Search,3802847,Ancient & Controversial Knowledge,3937
2026-05-04 17:56:16.559136,B0CVNHV3CV,Cryptids Word Search,3802847,Unexplained Mysteries (Books),5162
2026-05-04 17:56:16.559136,B0CVNHV3CV,Cryptids Word Search,3802847,Word Search Games,17133
2026-05-04 17:56:32.903575,B0D429W5H1,Sasquatch Word Search,3869037,Unexplained Mysteries (Books),5250
2026-05-04 17:56:32.903578,B0D429W5H1,Sasquatch Word Search,3869037,Word Search Games,17430
2026-05-04 17:56:32.903578,B0D429W5H1,Sasquatch Word Search,3869037,Word Games (Books),18938
2026-05-04 17:56:49.299770,B0D429WWSQ,Sasquatch Word Search,2288682,Unexplained Mysteries (Books),3530
2026-05-04 17:56:49.299773,B0D429WWSQ,Sasquatch Word Search,2288682,Word Search Games,9990
2026-05-04 17:56:49.299774,B0D429WWSQ,Sasquatch Word Search,2288682,Word Games (Books),11050
2026-05-04 17:57:05.752215,B0D22PKCGW,Alien Word Search Large Print,4072296,UFOs (Books),3432
2026-05-04 17:57:05.752218,B0D22PKCGW,Alien Word Search Large Print,4072296,Ancient & Controversial Knowledge,4170
2026-05-04 17:57:05.752218,B0D22PKCGW,Alien Word Search Large Print,4072296,Word Search Games,18461
2026-05-04 17:57:22.449414,B0CTPR6KZ4,Alien Word Search,1937608,UFOs (Books),1957
2026-05-04 17:57:22.449417,B0CTPR6KZ4,Alien Word Search,1937608,Ancient & Controversial Knowledge,2298
2026-05-04 17:57:22.449417,B0CTPR6KZ4,Alien Word Search,1937608,Word Search Games,8448
2026-05-04 19:52:02.168112,B0D9JQ33BX,Paranormal Word Search,,,
2026-05-04 19:52:19.019439,B0D1MYMVCC,Haunted Word Search Large Print,,,
2026-05-04 19:52:35.402839,B0CSZDC243,Haunted Word Search,6767509,Ghosts & Hauntings,5526
2026-05-04 19:52:35.402841,B0CSZDC243,Haunted Word Search,6767509,Psychic Phenomena,7017
2026-05-04 19:52:35.402842,B0CSZDC243,Haunted Word Search,6767509,Supernaturalism (Books),8509
2026-05-04 19:52:51.777152,B0D3XXZRRC,Witches Word Search,5880347,Witchcraft Religion & Spirituality,7071
2026-05-04 19:52:51.777157,B0D3XXZRRC,Witches Word Search,5880347,Spiritualism,10091
2026-05-04 19:52:51.777158,B0D3XXZRRC,Witches Word Search,5880347,Word Search Games,28361
2026-05-04 19:53:08.132762,B0D3XXY1HV,Witches Word Search Large Print,,,
2026-05-04 19:53:24.570689,B0G43ZNNRX,Weather Word Search Large Print,,,
2026-05-04 19:53:41.061324,B0D97NFBG2,Weather Word Search,1877134,Natural Disasters (Books),648
2026-05-04 19:53:41.061326,B0D97NFBG2,Weather Word Search,1877134,Weather (Books),1052
2026-05-04 19:53:41.061327,B0D97NFBG2,Weather Word Search,1877134,Word Search Games,8168
2026-05-04 19:53:57.464810,B0D9B6HKC8,Space Word Search,9027454,Solar System (Books),821
2026-05-04 19:53:57.464812,B0D9B6HKC8,Space Word Search,9027454,Astronomy (Books),10376
2026-05-04 19:53:57.464812,B0D9B6HKC8,Space Word Search,9027454,Word Search Games,45144
2026-05-04 19:54:14.185039,B0D986WRQY,Ocean Word Search,,,
2026-05-04 19:54:30.549321,B0D9D6QJKD,Earth Science Word Search,,,
2026-05-04 19:54:47.069977,B0D9DRYQSH,Animal Word Search,,,
2026-05-04 19:55:03.563309,B0FPDF7GQV,Halloween Word Search,7567255,Holidays (Books),894
2026-05-04 19:55:03.563312,B0FPDF7GQV,Halloween Word Search,7567255,Customs & Traditions Social Sciences,5691
2026-05-04 19:55:03.563313,B0FPDF7GQV,Halloween Word Search,7567255,Ghosts & Hauntings,5886
2026-05-04 19:55:20.096840,B0DXP99LNN,Spring Word Search,6069883,Gardening & Landscape Design,26958
2026-05-04 19:55:20.096842,B0DXP99LNN,Spring Word Search,6069883,Word Search Games,29317
2026-05-04 19:55:20.096843,B0DXP99LNN,Spring Word Search,6069883,Word Games (Books),31369
2026-05-04 19:55:36.412535,B0F61TRMXM,Summer Word Search,,,
2026-05-04 19:55:52.762004,B0DTKGRKC2,Romance Word Search,8131326,Humorous Erotica (Books),22434
2026-05-04 19:55:52.762006,B0DTKGRKC2,Romance Word Search,8131326,Romantic Erotica (Books),36577
2026-05-04 19:55:52.762007,B0DTKGRKC2,Romance Word Search,8131326,Word Search Games,40794
2026-05-04 19:56:09.277347,B0DS5HPJ1M,Alien Adult Activity Book,1639429,UFOs (Books),1677
2026-05-04 19:56:09.277349,B0DS5HPJ1M,Alien Adult Activity Book,1639429,Logic & Brain Teasers (Books),3842
2026-05-04 19:56:09.277349,B0DS5HPJ1M,Alien Adult Activity Book,1639429,Puzzles (Books),7591
2026-05-04 19:56:25.745895,B0FJ8TFSZ1,Fall Word Search,6524015,Holidays (Books),771
2026-05-04 19:56:25.745897,B0FJ8TFSZ1,Fall Word Search,6524015,Word Search Games,31930
2026-05-04 19:56:25.745898,B0FJ8TFSZ1,Fall Word Search,6524015,Word Games (Books),34100
2026-05-04 19:56:42.229411,B0G4GQL5TG,Winter Word Search,9325821,Holidays (Books),1073
2026-05-04 19:56:42.229413,B0G4GQL5TG,Winter Word Search,9325821,Word Search Games,47373
2026-05-04 19:56:42.229413,B0G4GQL5TG,Winter Word Search,9325821,Word Games (Books),50075
2026-05-04 19:56:58.683090,B0G5Z47WY7,Christmas Word Search,9325347,Holidays (Books),1072
2026-05-04 19:56:58.683093,B0G5Z47WY7,Christmas Word Search,9325347,Word Search Games,47354
2026-05-04 19:56:58.683094,B0G5Z47WY7,Christmas Word Search,9325347,Word Games (Books),50055
2026-05-04 19:57:14.979349,B0D2HQ2N8G,Cryptids Word Search Large Print,,,
2026-05-04 19:57:31.371528,B0CVNHV3CV,Cryptids Word Search,3805120,Ancient & Controversial Knowledge,3938
2026-05-04 19:57:31.371530,B0CVNHV3CV,Cryptids Word Search,3805120,Unexplained Mysteries (Books),5165
2026-05-04 19:57:31.371531,B0CVNHV3CV,Cryptids Word Search,3805120,Word Search Games,17110
2026-05-04 19:57:47.727356,B0D429W5H1,Sasquatch Word Search,3871306,Unexplained Mysteries (Books),5253
2026-05-04 19:57:47.727358,B0D429W5H1,Sasquatch Word Search,3871306,Word Search Games,17400
2026-05-04 19:57:47.727359,B0D429W5H1,Sasquatch Word Search,3871306,Word Games (Books),18915
2026-05-04 19:58:04.226902,B0D429WWSQ,Sasquatch Word Search,2291022,Unexplained Mysteries (Books),3534
2026-05-04 19:58:04.226904,B0D429WWSQ,Sasquatch Word Search,2291022,Word Search Games,10023
2026-05-04 19:58:04.226905,B0D429WWSQ,Sasquatch Word Search,2291022,Word Games (Books),11090
2026-05-04 19:58:20.719808,B0D22PKCGW,Alien Word Search Large Print,4074566,UFOs (Books),3434
2026-05-04 19:58:20.719810,B0D22PKCGW,Alien Word Search Large Print,4074566,Ancient & Controversial Knowledge,4171
2026-05-04 19:58:20.719810,B0D22PKCGW,Alien Word Search Large Print,4074566,Word Search Games,18419
2026-05-04 19:58:37.211035,B0CTPR6KZ4,Alien Word Search,1939967,UFOs (Books),1959
2026-05-04 19:58:37.211037,B0CTPR6KZ4,Alien Word Search,1939967,Ancient & Controversial Knowledge,2299
2026-05-04 19:58:37.211037,B0CTPR6KZ4,Alien Word Search,1939967,Word Search Games,8489
2026-05-04 21:15:37.529207,B0D9JQ33BX,Paranormal Word Search,6152134,UFOs (Books),4613
2026-05-04 21:15:37.529211,B0D9JQ33BX,Paranormal Word Search,6152134,Ghosts & Hauntings,5190
2026-05-04 21:15:37.529212,B0D9JQ33BX,Paranormal Word Search,6152134,Psychic Phenomena,6610
2026-05-04 21:15:53.607097,B0D1MYMVCC,Haunted Word Search Large Print,,,
2026-05-04 21:16:09.674891,B0CSZDC243,Haunted Word Search,6767488,Ghosts & Hauntings,5518
2026-05-04 21:16:09.674894,B0CSZDC243,Haunted Word Search,6767488,Psychic Phenomena,7016
2026-05-04 21:16:09.674898,B0CSZDC243,Haunted Word Search,6767488,Supernaturalism (Books),8506
2026-05-04 21:16:25.820261,B0D3XXZRRC,Witches Word Search,5880326,Witchcraft Religion & Spirituality,7074
2026-05-04 21:16:25.820263,B0D3XXZRRC,Witches Word Search,5880326,Spiritualism,10090
2026-05-04 21:16:25.820264,B0D3XXZRRC,Witches Word Search,5880326,Word Search Games,28351
2026-05-04 21:16:41.886997,B0D3XXY1HV,Witches Word Search Large Print,,,
2026-05-04 21:16:58.146886,B0G43ZNNRX,Weather Word Search Large Print,,,
2026-05-04 21:17:14.463707,B0D97NFBG2,Weather Word Search,1877126,Natural Disasters (Books),648
2026-05-04 21:17:14.463709,B0D97NFBG2,Weather Word Search,1877126,Weather (Books),1052
2026-05-04 21:17:14.463710,B0D97NFBG2,Weather Word Search,1877126,Word Search Games,8164
2026-05-04 21:17:30.744616,B0D9B6HKC8,Space Word Search,9027423,Solar System (Books),821
2026-05-04 21:17:30.744618,B0D9B6HKC8,Space Word Search,9027423,Astronomy (Books),10376
2026-05-04 21:17:30.744619,B0D9B6HKC8,Space Word Search,9027423,Word Search Games,45129
2026-05-04 21:17:47.270690,B0D986WRQY,Ocean Word Search,,,
2026-05-04 21:18:03.341660,B0D9D6QJKD,Earth Science Word Search,,,
2026-05-04 21:18:19.515040,B0D9DRYQSH,Animal Word Search,,,
2026-05-04 21:18:35.615263,B0FPDF7GQV,Halloween Word Search,7567230,Holidays (Books),893
2026-05-04 21:18:35.615266,B0FPDF7GQV,Halloween Word Search,7567230,Customs & Traditions Social Sciences,5688
2026-05-04 21:18:35.615266,B0FPDF7GQV,Halloween Word Search,7567230,Ghosts & Hauntings,5878
2026-05-04 21:18:51.838464,B0DXP99LNN,Spring Word Search,6069862,Gardening & Landscape Design,26956
2026-05-04 21:18:51.838468,B0DXP99LNN,Spring Word Search,6069862,Word Search Games,29307
2026-05-04 21:18:51.838468,B0DXP99LNN,Spring Word Search,6069862,Word Games (Books),31361
2026-05-04 21:19:08.069423,B0F61TRMXM,Summer Word Search,,,
2026-05-04 21:19:24.282196,B0DTKGRKC2,Romance Word Search,8131298,Humorous Erotica (Books),22434
2026-05-04 21:19:24.282199,B0DTKGRKC2,Romance Word Search,8131298,Romantic Erotica (Books),36576
2026-05-04 21:19:24.282200,B0DTKGRKC2,Romance Word Search,8131298,Word Search Games,40780
2026-05-04 21:19:40.805870,B0DS5HPJ1M,Alien Adult Activity Book,1639424,UFOs (Books),1676
2026-05-04 21:19:40.805872,B0DS5HPJ1M,Alien Adult Activity Book,1639424,Logic & Brain Teasers (Books),3842
2026-05-04 21:19:40.805873,B0DS5HPJ1M,Alien Adult Activity Book,1639424,Puzzles (Books),7591
2026-05-04 21:19:57.207752,B0FJ8TFSZ1,Fall Word Search,6523994,Holidays (Books),770
2026-05-04 21:19:57.207754,B0FJ8TFSZ1,Fall Word Search,6523994,Word Search Games,31918
2026-05-04 21:19:57.207755,B0FJ8TFSZ1,Fall Word Search,6523994,Word Games (Books),34090
2026-05-04 21:20:13.553537,B0G4GQL5TG,Winter Word Search,9325788,Holidays (Books),1072
2026-05-04 21:20:13.553540,B0G4GQL5TG,Winter Word Search,9325788,Word Search Games,47358
2026-05-04 21:20:13.553540,B0G4GQL5TG,Winter Word Search,9325788,Word Games (Books),50062
2026-05-04 21:20:29.831243,B0G5Z47WY7,Christmas Word Search,9325314,Holidays (Books),1071
2026-05-04 21:20:29.831247,B0G5Z47WY7,Christmas Word Search,9325314,Word Search Games,47339
2026-05-04 21:20:29.831247,B0G5Z47WY7,Christmas Word Search,9325314,Word Games (Books),50042
2026-05-04 21:20:45.931938,B0D2HQ2N8G,Cryptids Word Search Large Print,,,
2026-05-04 21:21:02.034338,B0CVNHV3CV,Cryptids Word Search,3805102,Ancient & Controversial Knowledge,3938
2026-05-04 21:21:02.034340,B0CVNHV3CV,Cryptids Word Search,3805102,Unexplained Mysteries (Books),5167
2026-05-04 21:21:02.034341,B0CVNHV3CV,Cryptids Word Search,3805102,Word Search Games,17104
2026-05-04 21:21:18.248905,B0D429W5H1,Sasquatch Word Search,3871287,Unexplained Mysteries (Books),5255
2026-05-04 21:21:18.248907,B0D429W5H1,Sasquatch Word Search,3871287,Word Search Games,17394
2026-05-04 21:21:18.248908,B0D429W5H1,Sasquatch Word Search,3871287,Word Games (Books),18911
2026-05-04 21:21:34.427008,B0D429WWSQ,Sasquatch Word Search,2291014,Unexplained Mysteries (Books),3535
2026-05-04 21:21:34.427011,B0D429WWSQ,Sasquatch Word Search,2291014,Word Search Games,10018
2026-05-04 21:21:34.427012,B0D429WWSQ,Sasquatch Word Search,2291014,Word Games (Books),11086
2026-05-04 21:21:50.889634,B0D22PKCGW,Alien Word Search Large Print,4074546,UFOs (Books),3433
2026-05-04 21:21:50.889636,B0D22PKCGW,Alien Word Search Large Print,4074546,Ancient & Controversial Knowledge,4171
2026-05-04 21:21:50.889637,B0D22PKCGW,Alien Word Search Large Print,4074546,Word Search Games,18413
2026-05-04 21:22:07.225866,B0CTPR6KZ4,Alien Word Search,1939967,UFOs (Books),1959
2026-05-04 21:22:07.225869,B0CTPR6KZ4,Alien Word Search,1939967,Ancient & Controversial Knowledge,2299
2026-05-04 21:22:07.225869,B0CTPR6KZ4,Alien Word Search,1939967,Word Search Games,8489
2026-05-04 23:02:54.113344,B0D9JQ33BX,Paranormal Word Search,,,
2026-05-04 23:03:11.181282,B0D1MYMVCC,Haunted Word Search Large Print,,,
2026-05-04 23:03:27.493891,B0CSZDC243,Haunted Word Search,6771242,Ghosts & Hauntings,5518
2026-05-04 23:03:27.493894,B0CSZDC243,Haunted Word Search,6771242,Psychic Phenomena,7016
2026-05-04 23:03:27.493895,B0CSZDC243,Haunted Word Search,6771242,Supernaturalism (Books),8506
2026-05-04 23:03:43.733652,B0D3XXZRRC,Witches Word Search,5884082,Witchcraft Religion & Spirituality,7074
2026-05-04 23:03:43.733660,B0D3XXZRRC,Witches Word Search,5884082,Spiritualism,10090
2026-05-04 23:03:43.733661,B0D3XXZRRC,Witches Word Search,5884082,Word Search Games,28351
2026-05-04 23:04:00.115817,B0D3XXY1HV,Witches Word Search Large Print,,,
2026-05-04 23:04:16.446345,B0G43ZNNRX,Weather Word Search Large Print,,,
2026-05-04 23:04:32.817403,B0D97NFBG2,Weather Word Search,1880913,Natural Disasters (Books),648
2026-05-04 23:04:32.817406,B0D97NFBG2,Weather Word Search,1880913,Weather (Books),1052
2026-05-04 23:04:32.817406,B0D97NFBG2,Weather Word Search,1880913,Word Search Games,8164
2026-05-04 23:04:48.689375,B0D9B6HKC8,Space Word Search,9031174,Solar System (Books),821
2026-05-04 23:04:48.689379,B0D9B6HKC8,Space Word Search,9031174,Astronomy (Books),10376
2026-05-04 23:04:48.689380,B0D9B6HKC8,Space Word Search,9031174,Word Search Games,45129
2026-05-04 23:05:05.000253,B0D986WRQY,Ocean Word Search,,,
2026-05-04 23:05:21.196593,B0D9D6QJKD,Earth Science Word Search,,,
2026-05-04 23:05:37.539951,B0D9DRYQSH,Animal Word Search,,,
2026-05-04 23:05:53.893916,B0FPDF7GQV,Halloween Word Search,7570982,Holidays (Books),893
2026-05-04 23:05:53.893919,B0FPDF7GQV,Halloween Word Search,7570982,Customs & Traditions Social Sciences,5688
2026-05-04 23:05:53.893919,B0FPDF7GQV,Halloween Word Search,7570982,Ghosts & Hauntings,5878
2026-05-04 23:06:10.452835,B0DXP99LNN,Spring Word Search,6073617,Gardening & Landscape Design,26956
2026-05-04 23:06:10.452838,B0DXP99LNN,Spring Word Search,6073617,Word Search Games,29307
2026-05-04 23:06:10.452838,B0DXP99LNN,Spring Word Search,6073617,Word Games (Books),31361
2026-05-04 23:06:26.623886,B0F61TRMXM,Summer Word Search,,,
2026-05-04 23:06:42.956646,B0DTKGRKC2,Romance Word Search,8135049,Humorous Erotica (Books),22434
2026-05-04 23:06:42.956648,B0DTKGRKC2,Romance Word Search,8135049,Romantic Erotica (Books),36575
2026-05-04 23:06:42.956649,B0DTKGRKC2,Romance Word Search,8135049,Word Search Games,40780
2026-05-04 23:06:59.529674,B0DS5HPJ1M,Alien Adult Activity Book,1643211,UFOs (Books),1676
2026-05-04 23:06:59.529677,B0DS5HPJ1M,Alien Adult Activity Book,1643211,Logic & Brain Teasers (Books),3842
2026-05-04 23:06:59.529678,B0DS5HPJ1M,Alien Adult Activity Book,1643211,Puzzles (Books),7591
2026-05-04 23:07:15.931355,B0FJ8TFSZ1,Fall Word Search,6527748,Holidays (Books),770
2026-05-04 23:07:15.931358,B0FJ8TFSZ1,Fall Word Search,6527748,Word Search Games,31918
2026-05-04 23:07:15.931358,B0FJ8TFSZ1,Fall Word Search,6527748,Word Games (Books),34090
2026-05-04 23:07:32.253177,B0G4GQL5TG,Winter Word Search,9329537,Holidays (Books),1072
2026-05-04 23:07:32.253179,B0G4GQL5TG,Winter Word Search,9329537,Word Search Games,47358
2026-05-04 23:07:32.253180,B0G4GQL5TG,Winter Word Search,9329537,Word Games (Books),50062
2026-05-04 23:07:48.738383,B0G5Z47WY7,Christmas Word Search,9329063,Holidays (Books),1071
2026-05-04 23:07:48.738385,B0G5Z47WY7,Christmas Word Search,9329063,Word Search Games,47339
2026-05-04 23:07:48.738386,B0G5Z47WY7,Christmas Word Search,9329063,Word Games (Books),50042
2026-05-04 23:08:05.072334,B0D2HQ2N8G,Cryptids Word Search Large Print,,,
2026-05-04 23:08:21.467663,B0CVNHV3CV,Cryptids Word Search,3808875,Ancient & Controversial Knowledge,3938
2026-05-04 23:08:21.467665,B0CVNHV3CV,Cryptids Word Search,3808875,Unexplained Mysteries (Books),5167
2026-05-04 23:08:21.467665,B0CVNHV3CV,Cryptids Word Search,3808875,Word Search Games,17104
2026-05-04 23:08:37.728466,B0D429W5H1,Sasquatch Word Search,3875056,Unexplained Mysteries (Books),5255
2026-05-04 23:08:37.728468,B0D429W5H1,Sasquatch Word Search,3875056,Word Search Games,17394
2026-05-04 23:08:37.728469,B0D429W5H1,Sasquatch Word Search,3875056,Word Games (Books),18911
2026-05-04 23:08:54.089531,B0D429WWSQ,Sasquatch Word Search,2294801,Unexplained Mysteries (Books),3535
2026-05-04 23:08:54.089533,B0D429WWSQ,Sasquatch Word Search,2294801,Word Search Games,10018
2026-05-04 23:08:54.089534,B0D429WWSQ,Sasquatch Word Search,2294801,Word Games (Books),11086
2026-05-04 23:09:10.396977,B0D22PKCGW,Alien Word Search Large Print,4078311,UFOs (Books),3433
2026-05-04 23:09:10.396980,B0D22PKCGW,Alien Word Search Large Print,4078311,Ancient & Controversial Knowledge,4171
2026-05-04 23:09:10.396981,B0D22PKCGW,Alien Word Search Large Print,4078311,Word Search Games,18413
2026-05-04 23:09:26.736084,B0CTPR6KZ4,Alien Word Search,1943746,UFOs (Books),1958
2026-05-04 23:09:26.736087,B0CTPR6KZ4,Alien Word Search,1943746,Ancient & Controversial Knowledge,2299
2026-05-04 23:09:26.736088,B0CTPR6KZ4,Alien Word Search,1943746,Word Search Games,8484
2026-05-05 03:41:33.390140,B0D1MYMVCC,Haunted Word Search Large Print,,,
2026-05-05 03:41:50.364357,B0CSZDC243,Haunted Word Search,6765238,Ghosts & Hauntings,5519
2026-05-05 03:41:50.364359,B0CSZDC243,Haunted Word Search,6765238,Psychic Phenomena,7016
2026-05-05 03:41:50.364360,B0CSZDC243,Haunted Word Search,6765238,Supernaturalism (Books),8498
2026-05-05 03:42:06.859471,B0D3XXZRRC,Witches Word Search,5923181,Witchcraft Religion & Spirituality,7105
2026-05-05 03:42:06.859477,B0D3XXZRRC,Witches Word Search,5923181,Spiritualism,10151
2026-05-05 03:42:06.859478,B0D3XXZRRC,Witches Word Search,5923181,Word Search Games,28538
2026-05-05 03:42:24.276508,B0D3XXY1HV,Witches Word Search Large Print,,,
2026-05-05 03:42:40.645923,B0G43ZNNRX,Weather Word Search Large Print,,,
2026-05-05 03:42:57.110112,B0D97NFBG2,Weather Word Search,1887836,Natural Disasters (Books),643
2026-05-05 03:42:57.110114,B0D97NFBG2,Weather Word Search,1887836,Weather (Books),1053
2026-05-05 03:42:57.110115,B0D97NFBG2,Weather Word Search,1887836,Word Search Games,8207
2026-05-05 03:43:21.398023,B0D9B6HKC8,Space Word Search,9038210,Solar System (Books),821
2026-05-05 03:43:21.398025,B0D9B6HKC8,Space Word Search,9038210,Astronomy (Books),10380
2026-05-05 03:43:21.398026,B0D9B6HKC8,Space Word Search,9038210,Word Search Games,45147
2026-05-05 03:43:38.090156,B0D986WRQY,Ocean Word Search,,,
2026-05-05 03:43:54.512691,B0D9D6QJKD,Earth Science Word Search,,,
2026-05-05 03:44:10.953110,B0D9DRYQSH,Animal Word Search,,,
2026-05-05 03:44:27.307829,B0FPDF7GQV,Halloween Word Search,7571682,Holidays (Books),892
2026-05-05 03:44:27.307831,B0FPDF7GQV,Halloween Word Search,7571682,Customs & Traditions Social Sciences,5687
2026-05-05 03:44:27.307832,B0FPDF7GQV,Halloween Word Search,7571682,Ghosts & Hauntings,5882
2026-05-05 03:44:43.943952,B0DXP99LNN,Spring Word Search,6061861,Gardening & Landscape Design,26922
2026-05-05 03:44:43.943954,B0DXP99LNN,Spring Word Search,6061861,Word Search Games,29287
2026-05-05 03:44:43.943955,B0DXP99LNN,Spring Word Search,6061861,Word Games (Books),31347
2026-05-05 03:45:00.578607,B0F61TRMXM,Summer Word Search,,,
2026-05-05 03:45:16.956246,B0DTKGRKC2,Romance Word Search,8142924,Humorous Erotica (Books),22436
2026-05-05 03:45:16.956248,B0DTKGRKC2,Romance Word Search,8142924,Romantic Erotica (Books),36607
2026-05-05 03:45:16.956248,B0DTKGRKC2,Romance Word Search,8142924,Word Search Games,40803
2026-05-05 03:45:33.372349,B0DS5HPJ1M,Alien Adult Activity Book,1762622,UFOs (Books),1782
2026-05-05 03:45:33.372351,B0DS5HPJ1M,Alien Adult Activity Book,1762622,Logic & Brain Teasers (Books),4122
2026-05-05 03:45:33.372351,B0DS5HPJ1M,Alien Adult Activity Book,1762622,Puzzles (Books),8178
2026-05-05 03:45:49.882859,B0FJ8TFSZ1,Fall Word Search,6522494,Holidays (Books),767
2026-05-05 03:45:49.882861,B0FJ8TFSZ1,Fall Word Search,6522494,Word Search Games,31889
2026-05-05 03:45:49.882862,B0FJ8TFSZ1,Fall Word Search,6522494,Word Games (Books),34065
2026-05-05 03:46:06.538197,B0G4GQL5TG,Winter Word Search,9336718,Holidays (Books),1072
2026-05-05 03:46:06.538199,B0G4GQL5TG,Winter Word Search,9336718,Word Search Games,47378
2026-05-05 03:46:06.538200,B0G4GQL5TG,Winter Word Search,9336718,Word Games (Books),50087
2026-05-05 03:46:23.043218,B0G5Z47WY7,Christmas Word Search,9336244,Holidays (Books),1071
2026-05-05 03:46:23.043219,B0G5Z47WY7,Christmas Word Search,9336244,Word Search Games,47359
2026-05-05 03:46:23.043220,B0G5Z47WY7,Christmas Word Search,9336244,Word Games (Books),50067
2026-05-05 03:46:39.356953,B0D2HQ2N8G,Cryptids Word Search Large Print,,,
2026-05-05 03:46:55.818598,B0CVNHV3CV,Cryptids Word Search,3787875,Ancient & Controversial Knowledge,3921
2026-05-05 03:46:55.818600,B0CVNHV3CV,Cryptids Word Search,3787875,Unexplained Mysteries (Books),5152
2026-05-05 03:46:55.818601,B0CVNHV3CV,Cryptids Word Search,3787875,Word Search Games,17023
2026-05-05 03:47:12.148478,B0D429W5H1,Sasquatch Word Search,3855573,Unexplained Mysteries (Books),5238
2026-05-05 03:47:12.148480,B0D429W5H1,Sasquatch Word Search,3855573,Word Search Games,17330
2026-05-05 03:47:12.148481,B0D429W5H1,Sasquatch Word Search,3855573,Word Games (Books),18846
2026-05-05 03:47:28.505864,B0D429WWSQ,Sasquatch Word Search,2351035,Unexplained Mysteries (Books),3585
2026-05-05 03:47:28.505866,B0D429WWSQ,Sasquatch Word Search,2351035,Word Search Games,10272
2026-05-05 03:47:28.505866,B0D429WWSQ,Sasquatch Word Search,2351035,Word Games (Books),11371
2026-05-05 03:47:44.842415,B0D22PKCGW,Alien Word Search Large Print,4075475,UFOs (Books),3424
2026-05-05 03:47:44.842418,B0D22PKCGW,Alien Word Search Large Print,4075475,Ancient & Controversial Knowledge,4165
2026-05-05 03:47:44.842419,B0D22PKCGW,Alien Word Search Large Print,4075475,Word Search Games,18380
2026-05-05 03:48:01.619618,B0CTPR6KZ4,Alien Word Search,1966179,UFOs (Books),1979
2026-05-05 03:48:01.619619,B0CTPR6KZ4,Alien Word Search,1966179,Ancient & Controversial Knowledge,2318
2026-05-05 03:48:01.619620,B0CTPR6KZ4,Alien Word Search,1966179,Word Search Games,8569
2026-05-05 06:47:10.177680,B0DTKGRKC2,Romance Word Search,8143971,Humorous Erotica (Books),22436
2026-05-05 06:47:10.177682,B0DTKGRKC2,Romance Word Search,8143971,Romantic Erotica (Books),36608
2026-05-05 06:47:10.177683,B0DTKGRKC2,Romance Word Search,8143971,Word Search Games,40804
2026-05-05 06:47:26.312419,B0DS5HPJ1M,Alien Adult Activity Book,1762656,UFOs (Books),1781
2026-05-05 06:47:26.312421,B0DS5HPJ1M,Alien Adult Activity Book,1762656,Logic & Brain Teasers (Books),4122
2026-05-05 06:47:26.312422,B0DS5HPJ1M,Alien Adult Activity Book,1762656,Puzzles (Books),8178
2026-05-05 06:47:42.599780,B0FJ8TFSZ1,Fall Word Search,6523519,Holidays (Books),767
2026-05-05 06:47:42.599782,B0FJ8TFSZ1,Fall Word Search,6523519,Word Search Games,31890
2026-05-05 06:47:42.599783,B0FJ8TFSZ1,Fall Word Search,6523519,Word Games (Books),34066
2026-05-05 06:47:58.839088,B0G4GQL5TG,Winter Word Search,9337775,Holidays (Books),1072
2026-05-05 06:47:58.839090,B0G4GQL5TG,Winter Word Search,9337775,Word Search Games,47379
2026-05-05 06:47:58.839091,B0G4GQL5TG,Winter Word Search,9337775,Word Games (Books),50088
2026-05-05 06:48:15.297506,B0G5Z47WY7,Christmas Word Search,9337301,Holidays (Books),1071
2026-05-05 06:48:15.297508,B0G5Z47WY7,Christmas Word Search,9337301,Word Search Games,47360
2026-05-05 06:48:15.297509,B0G5Z47WY7,Christmas Word Search,9337301,Word Games (Books),50068
2026-05-05 06:48:31.365068,B0D2HQ2N8G,Cryptids Word Search Large Print,,,
2026-05-05 06:48:47.517738,B0CVNHV3CV,Cryptids Word Search,3788873,Ancient & Controversial Knowledge,3921
2026-05-05 06:48:47.517741,B0CVNHV3CV,Cryptids Word Search,3788873,Unexplained Mysteries (Books),5152
2026-05-05 06:48:47.517742,B0CVNHV3CV,Cryptids Word Search,3788873,Word Search Games,17024
2026-05-05 06:49:03.567635,B0D429W5H1,Sasquatch Word Search,3856569,Unexplained Mysteries (Books),5238
2026-05-05 06:49:03.567638,B0D429W5H1,Sasquatch Word Search,3856569,Word Search Games,17331
2026-05-05 06:49:03.567638,B0D429W5H1,Sasquatch Word Search,3856569,Word Games (Books),18847
2026-05-05 06:49:19.562158,B0D429WWSQ,Sasquatch Word Search,2351976,Unexplained Mysteries (Books),3587
2026-05-05 06:49:19.562161,B0D429WWSQ,Sasquatch Word Search,2351976,Word Search Games,10272
2026-05-05 06:49:19.562161,B0D429WWSQ,Sasquatch Word Search,2351976,Word Games (Books),11371
2026-05-05 06:49:35.822448,B0D22PKCGW,Alien Word Search Large Print,4076478,UFOs (Books),3422
2026-05-05 06:49:35.822451,B0D22PKCGW,Alien Word Search Large Print,4076478,Ancient & Controversial Knowledge,4165
2026-05-05 06:49:35.822451,B0D22PKCGW,Alien Word Search Large Print,4076478,Word Search Games,18381
2026-05-05 06:49:52.056285,B0CTPR6KZ4,Alien Word Search,1967095,UFOs (Books),1978
2026-05-05 06:49:52.056289,B0CTPR6KZ4,Alien Word Search,1967095,Ancient & Controversial Knowledge,2318
2026-05-05 06:49:52.056290,B0CTPR6KZ4,Alien Word Search,1967095,Word Search Games,8569
2026-05-05 09:14:25.684607,B0D9JQ33BX,Paranormal Word Search,,,
2026-05-05 09:14:42.637246,B0D1MYMVCC,Haunted Word Search Large Print,,,
2026-05-05 09:14:58.518718,B0CSZDC243,Haunted Word Search,6769819,Ghosts & Hauntings,5520
2026-05-05 09:14:58.518721,B0CSZDC243,Haunted Word Search,6769819,Psychic Phenomena,7021
2026-05-05 09:14:58.518722,B0CSZDC243,Haunted Word Search,6769819,Supernaturalism (Books),8497
2026-05-05 09:15:14.793306,B0D3XXZRRC,Witches Word Search,5928803,Witchcraft Religion & Spirituality,7109
2026-05-05 09:15:14.793313,B0D3XXZRRC,Witches Word Search,5928803,Spiritualism,10155
2026-05-05 09:15:14.793314,B0D3XXZRRC,Witches Word Search,5928803,Word Search Games,28538
2026-05-05 09:15:31.096806,B0D3XXY1HV,Witches Word Search Large Print,,,
2026-05-05 09:15:47.334127,B0G43ZNNRX,Weather Word Search Large Print,,,
2026-05-05 09:16:03.735083,B0D97NFBG2,Weather Word Search,1906509,Natural Disasters (Books),651
2026-05-05 09:16:03.735086,B0D97NFBG2,Weather Word Search,1906509,Weather (Books),1060
2026-05-05 09:16:03.735086,B0D97NFBG2,Weather Word Search,1906509,Word Search Games,8285
2026-05-05 09:16:19.972599,B0D9B6HKC8,Space Word Search,9041032,Solar System (Books),821
2026-05-05 09:16:19.972603,B0D9B6HKC8,Space Word Search,9041032,Astronomy (Books),10377
2026-05-05 09:16:19.972603,B0D9B6HKC8,Space Word Search,9041032,Word Search Games,45144
2026-05-05 09:16:36.407181,B0D986WRQY,Ocean Word Search,,,
2026-05-05 09:16:52.665351,B0D9D6QJKD,Earth Science Word Search,,,
2026-05-05 09:17:08.889457,B0D9DRYQSH,Animal Word Search,,,
2026-05-05 09:17:25.121399,B0FPDF7GQV,Halloween Word Search,7574895,Holidays (Books),892
2026-05-05 09:17:25.121401,B0FPDF7GQV,Halloween Word Search,7574895,Customs & Traditions Social Sciences,5692
2026-05-05 09:17:25.121402,B0FPDF7GQV,Halloween Word Search,7574895,Ghosts & Hauntings,5880
2026-05-05 09:17:41.577925,B0DXP99LNN,Spring Word Search,6067307,Gardening & Landscape Design,26927
2026-05-05 09:17:41.577928,B0DXP99LNN,Spring Word Search,6067307,Word Search Games,29289
2026-05-05 09:17:41.577928,B0DXP99LNN,Spring Word Search,6067307,Word Games (Books),31348
2026-05-05 09:17:57.841653,B0F61TRMXM,Summer Word Search,,,
2026-05-05 09:18:14.269552,B0DTKGRKC2,Romance Word Search,8146490,Humorous Erotica (Books),22437
2026-05-05 09:18:14.269558,B0DTKGRKC2,Romance Word Search,8146490,Romantic Erotica (Books),36621
2026-05-05 09:18:14.269559,B0DTKGRKC2,Romance Word Search,8146490,Word Search Games,40809
2026-05-05 09:18:30.496771,B0DS5HPJ1M,Alien Adult Activity Book,1781660,UFOs (Books),1799
2026-05-05 09:18:30.496773,B0DS5HPJ1M,Alien Adult Activity Book,1781660,Logic & Brain Teasers (Books),4165
2026-05-05 09:18:30.496774,B0DS5HPJ1M,Alien Adult Activity Book,1781660,Puzzles (Books),8269
2026-05-05 09:18:46.742902,B0FJ8TFSZ1,Fall Word Search,6527310,Holidays (Books),767
2026-05-05 09:18:46.742905,B0FJ8TFSZ1,Fall Word Search,6527310,Word Search Games,31892
2026-05-05 09:18:46.742906,B0FJ8TFSZ1,Fall Word Search,6527310,Word Games (Books),34064
2026-05-05 09:19:17.590739,B0G4GQL5TG,Winter Word Search,9339337,Holidays (Books),1072
2026-05-05 09:19:17.590743,B0G4GQL5TG,Winter Word Search,9339337,Word Search Games,47370
2026-05-05 09:19:17.590744,B0G4GQL5TG,Winter Word Search,9339337,Word Games (Books),50075
2026-05-05 09:19:34.103684,B0G5Z47WY7,Christmas Word Search,9338864,Holidays (Books),1071
2026-05-05 09:19:34.103686,B0G5Z47WY7,Christmas Word Search,9338864,Word Search Games,47351
2026-05-05 09:19:34.103687,B0G5Z47WY7,Christmas Word Search,9338864,Word Games (Books),50055
2026-05-05 09:19:50.383309,B0D2HQ2N8G,Cryptids Word Search Large Print,,,
2026-05-05 09:20:06.853200,B0CVNHV3CV,Cryptids Word Search,3797561,Ancient & Controversial Knowledge,3927
2026-05-05 09:20:06.853202,B0CVNHV3CV,Cryptids Word Search,3797561,Unexplained Mysteries (Books),5163
2026-05-05 09:20:06.853203,B0CVNHV3CV,Cryptids Word Search,3797561,Word Search Games,17064
2026-05-05 09:20:23.149772,B0D429W5H1,Sasquatch Word Search,3864971,Unexplained Mysteries (Books),5249
2026-05-05 09:20:23.149774,B0D429W5H1,Sasquatch Word Search,3864971,Word Search Games,17366
2026-05-05 09:20:23.149775,B0D429W5H1,Sasquatch Word Search,3864971,Word Games (Books),18882
2026-05-05 09:20:39.415711,B0D429WWSQ,Sasquatch Word Search,2366256,Unexplained Mysteries (Books),3615
2026-05-05 09:20:39.415713,B0D429WWSQ,Sasquatch Word Search,2366256,Word Search Games,10331
2026-05-05 09:20:39.415714,B0D429WWSQ,Sasquatch Word Search,2366256,Word Games (Books),11433
2026-05-05 09:20:55.677495,B0D22PKCGW,Alien Word Search Large Print,4084342,UFOs (Books),3424
2026-05-05 09:20:55.677498,B0D22PKCGW,Alien Word Search Large Print,4084342,Ancient & Controversial Knowledge,4169
2026-05-05 09:20:55.677499,B0D22PKCGW,Alien Word Search Large Print,4084342,Word Search Games,18413
2026-05-05 09:21:11.922676,B0CTPR6KZ4,Alien Word Search,1984047,UFOs (Books),1996
2026-05-05 09:21:11.922678,B0CTPR6KZ4,Alien Word Search,1984047,Ancient & Controversial Knowledge,2339
2026-05-05 09:21:11.922679,B0CTPR6KZ4,Alien Word Search,1984047,Word Search Games,8644
2026-05-05 11:34:48.647447,B0D9B6HKC8,Space Word Search,,,
2026-05-05 11:35:05.797915,B0D986WRQY,Ocean Word Search,,,
2026-05-05 11:35:21.997300,B0D9D6QJKD,Earth Science Word Search,,,
2026-05-05 11:35:38.094978,B0D9DRYQSH,Animal Word Search,,,
2026-05-05 11:35:54.403222,B0FPDF7GQV,Halloween Word Search,7574595,Holidays (Books),892
2026-05-05 11:35:54.403225,B0FPDF7GQV,Halloween Word Search,7574595,Customs & Traditions Social Sciences,5698
2026-05-05 11:35:54.403226,B0FPDF7GQV,Halloween Word Search,7574595,Ghosts & Hauntings,5881
2026-05-05 11:36:10.776210,B0DXP99LNN,Spring Word Search,6067007,Gardening & Landscape Design,26929
2026-05-05 11:36:10.776213,B0DXP99LNN,Spring Word Search,6067007,Word Search Games,29292
2026-05-05 11:36:10.776213,B0DXP99LNN,Spring Word Search,6067007,Word Games (Books),31352
2026-05-05 11:36:27.027366,B0F61TRMXM,Summer Word Search,,,
2026-05-05 11:36:43.187646,B0DTKGRKC2,Romance Word Search,8146186,Humorous Erotica (Books),22447
2026-05-05 11:36:43.187648,B0DTKGRKC2,Romance Word Search,8146186,Romantic Erotica (Books),36621
2026-05-05 11:36:43.187649,B0DTKGRKC2,Romance Word Search,8146186,Word Search Games,40812
2026-05-05 11:36:59.373307,B0DS5HPJ1M,Alien Adult Activity Book,1781382,UFOs (Books),1799
2026-05-05 11:36:59.373310,B0DS5HPJ1M,Alien Adult Activity Book,1781382,Logic & Brain Teasers (Books),4162
2026-05-05 11:36:59.373310,B0DS5HPJ1M,Alien Adult Activity Book,1781382,Puzzles (Books),8270
2026-05-05 11:37:15.732617,B0FJ8TFSZ1,Fall Word Search,6527011,Holidays (Books),767
2026-05-05 11:37:15.732620,B0FJ8TFSZ1,Fall Word Search,6527011,Word Search Games,31895
2026-05-05 11:37:15.732620,B0FJ8TFSZ1,Fall Word Search,6527011,Word Games (Books),34068
2026-05-05 11:37:31.954977,B0G4GQL5TG,Winter Word Search,9339020,Holidays (Books),1072
2026-05-05 11:37:31.954979,B0G4GQL5TG,Winter Word Search,9339020,Word Search Games,47372
2026-05-05 11:37:31.954979,B0G4GQL5TG,Winter Word Search,9339020,Word Games (Books),50078
2026-05-05 11:37:48.306115,B0G5Z47WY7,Christmas Word Search,9338547,Holidays (Books),1071
2026-05-05 11:37:48.306118,B0G5Z47WY7,Christmas Word Search,9338547,Word Search Games,47353
2026-05-05 11:37:48.306118,B0G5Z47WY7,Christmas Word Search,9338547,Word Games (Books),50058
2026-05-05 11:38:04.467315,B0D2HQ2N8G,Cryptids Word Search Large Print,,,
2026-05-05 11:38:20.509314,B0CVNHV3CV,Cryptids Word Search,3797272,Ancient & Controversial Knowledge,3927
2026-05-05 11:38:20.509316,B0CVNHV3CV,Cryptids Word Search,3797272,Unexplained Mysteries (Books),5163
2026-05-05 11:38:20.509317,B0CVNHV3CV,Cryptids Word Search,3797272,Word Search Games,17067
2026-05-05 11:38:36.768575,B0D429W5H1,Sasquatch Word Search,3864682,Unexplained Mysteries (Books),5249
2026-05-05 11:38:36.768578,B0D429W5H1,Sasquatch Word Search,3864682,Word Search Games,17369
2026-05-05 11:38:36.768578,B0D429W5H1,Sasquatch Word Search,3864682,Word Games (Books),18886
2026-05-05 11:38:52.898065,B0D429WWSQ,Sasquatch Word Search,2365977,Unexplained Mysteries (Books),3615
2026-05-05 11:38:52.898067,B0D429WWSQ,Sasquatch Word Search,2365977,Word Search Games,10334
2026-05-05 11:38:52.898067,B0D429WWSQ,Sasquatch Word Search,2365977,Word Games (Books),11437
2026-05-05 11:39:09.117413,B0D22PKCGW,Alien Word Search Large Print,4084052,UFOs (Books),3424
2026-05-05 11:39:09.117415,B0D22PKCGW,Alien Word Search Large Print,4084052,Ancient & Controversial Knowledge,4170
2026-05-05 11:39:09.117416,B0D22PKCGW,Alien Word Search Large Print,4084052,Word Search Games,18416
2026-05-05 11:39:25.370359,B0CTPR6KZ4,Alien Word Search,1983768,UFOs (Books),1996
2026-05-05 11:39:25.370361,B0CTPR6KZ4,Alien Word Search,1983768,Ancient & Controversial Knowledge,2339
2026-05-05 11:39:25.370362,B0CTPR6KZ4,Alien Word Search,1983768,Word Search Games,8647
2026-05-05 14:43:23.031586,B0G4GQL5TG,Winter Word Search,,,
2026-05-05 14:43:39.931750,B0G5Z47WY7,Christmas Word Search,9339187,Holidays (Books),1071
2026-05-05 14:43:39.931752,B0G5Z47WY7,Christmas Word Search,9339187,Word Search Games,47354
2026-05-05 14:43:39.931753,B0G5Z47WY7,Christmas Word Search,9339187,Word Games (Books),50058
2026-05-05 14:43:55.992824,B0D2HQ2N8G,Cryptids Word Search Large Print,,,
2026-05-05 14:44:12.240087,B0CVNHV3CV,Cryptids Word Search,3797931,Ancient & Controversial Knowledge,3927
2026-05-05 14:44:12.240090,B0CVNHV3CV,Cryptids Word Search,3797931,Unexplained Mysteries (Books),5163
2026-05-05 14:44:12.240090,B0CVNHV3CV,Cryptids Word Search,3797931,Word Search Games,17070
2026-05-05 14:44:28.486908,B0D429W5H1,Sasquatch Word Search,3865341,Unexplained Mysteries (Books),5249
2026-05-05 14:44:28.486911,B0D429W5H1,Sasquatch Word Search,3865341,Word Search Games,17372
2026-05-05 14:44:28.486911,B0D429W5H1,Sasquatch Word Search,3865341,Word Games (Books),18889
2026-05-05 14:44:44.802123,B0D429WWSQ,Sasquatch Word Search,2366637,Unexplained Mysteries (Books),3615
2026-05-05 14:44:44.802125,B0D429WWSQ,Sasquatch Word Search,2366637,Word Search Games,10337
2026-05-05 14:44:44.802126,B0D429WWSQ,Sasquatch Word Search,2366637,Word Games (Books),11440
2026-05-05 14:45:01.285923,B0D22PKCGW,Alien Word Search Large Print,4084708,UFOs (Books),3424
2026-05-05 14:45:01.285925,B0D22PKCGW,Alien Word Search Large Print,4084708,Ancient & Controversial Knowledge,4170
2026-05-05 14:45:01.285925,B0D22PKCGW,Alien Word Search Large Print,4084708,Word Search Games,18419
2026-05-05 14:45:17.533112,B0CTPR6KZ4,Alien Word Search,1984428,UFOs (Books),1996
2026-05-05 14:45:17.533115,B0CTPR6KZ4,Alien Word Search,1984428,Ancient & Controversial Knowledge,2339
2026-05-05 14:45:17.533115,B0CTPR6KZ4,Alien Word Search,1984428,Word Search Games,8650
2026-05-05 16:57:50.563120,B0D97NFBG2,Weather Word Search,1931840,Natural Disasters (Books),657
2026-05-05 16:57:50.563127,B0D97NFBG2,Weather Word Search,1931840,Weather (Books),1065
2026-05-05 16:57:50.563128,B0D97NFBG2,Weather Word Search,1931840,Word Search Games,8364
2026-05-05 16:58:07.102875,B0D9B6HKC8,Space Word Search,9049767,Solar System (Books),823
2026-05-05 16:58:07.102877,B0D9B6HKC8,Space Word Search,9049767,Astronomy (Books),10379
2026-05-05 16:58:07.102878,B0D9B6HKC8,Space Word Search,9049767,Word Search Games,45147
2026-05-05 16:58:23.700260,B0D986WRQY,Ocean Word Search,,,
2026-05-05 16:58:40.090699,B0D9D6QJKD,Earth Science Word Search,,,
2026-05-05 16:58:56.559701,B0D9DRYQSH,Animal Word Search,,,
2026-05-05 16:59:12.940300,B0FPDF7GQV,Halloween Word Search,7584557,Holidays (Books),890
2026-05-05 16:59:12.940302,B0FPDF7GQV,Halloween Word Search,7584557,Customs & Traditions Social Sciences,5699
2026-05-05 16:59:12.940303,B0FPDF7GQV,Halloween Word Search,7584557,Ghosts & Hauntings,5877
2026-05-05 16:59:29.829834,B0DXP99LNN,Spring Word Search,6078344,Gardening & Landscape Design,26940
2026-05-05 16:59:29.829838,B0DXP99LNN,Spring Word Search,6078344,Word Search Games,29301
2026-05-05 16:59:29.829839,B0DXP99LNN,Spring Word Search,6078344,Word Games (Books),31365
2026-05-05 16:59:46.275836,B0F61TRMXM,Summer Word Search,,,
2026-05-05 17:00:02.810705,B0DTKGRKC2,Romance Word Search,8155767,Humorous Erotica (Books),22451
2026-05-05 17:00:02.810709,B0DTKGRKC2,Romance Word Search,8155767,Romantic Erotica (Books),36613
2026-05-05 17:00:02.810710,B0DTKGRKC2,Romance Word Search,8155767,Word Search Games,40815
2026-05-05 17:00:19.257280,B0DS5HPJ1M,Alien Adult Activity Book,1806602,UFOs (Books),1809
2026-05-05 17:00:19.257283,B0DS5HPJ1M,Alien Adult Activity Book,1806602,Logic & Brain Teasers (Books),4203
2026-05-05 17:00:19.257283,B0DS5HPJ1M,Alien Adult Activity Book,1806602,Puzzles (Books),8343
2026-05-05 17:00:35.784044,B0FJ8TFSZ1,Fall Word Search,6537847,Holidays (Books),765
2026-05-05 17:00:35.784047,B0FJ8TFSZ1,Fall Word Search,6537847,Word Search Games,31904
2026-05-05 17:00:35.784048,B0FJ8TFSZ1,Fall Word Search,6537847,Word Games (Books),34081
2026-05-05 17:00:52.464410,B0G4GQL5TG,Winter Word Search,9347939,Holidays (Books),1070
2026-05-05 17:00:52.464413,B0G4GQL5TG,Winter Word Search,9347939,Word Search Games,47373
2026-05-05 17:00:52.464413,B0G4GQL5TG,Winter Word Search,9347939,Word Games (Books),50084
2026-05-05 17:01:08.957535,B0G5Z47WY7,Christmas Word Search,9347466,Holidays (Books),1069
2026-05-05 17:01:08.957537,B0G5Z47WY7,Christmas Word Search,9347466,Word Search Games,47354
2026-05-05 17:01:08.957538,B0G5Z47WY7,Christmas Word Search,9347466,Word Games (Books),50064
2026-05-05 17:01:25.347935,B0D2HQ2N8G,Cryptids Word Search Large Print,,,
2026-05-05 17:01:42.066159,B0CVNHV3CV,Cryptids Word Search,3812879,Ancient & Controversial Knowledge,3930
2026-05-05 17:01:42.066161,B0CVNHV3CV,Cryptids Word Search,3812879,Unexplained Mysteries (Books),5165
2026-05-05 17:01:42.066162,B0CVNHV3CV,Cryptids Word Search,3812879,Word Search Games,17095
2026-05-05 17:01:58.452650,B0D429W5H1,Sasquatch Word Search,3880103,Unexplained Mysteries (Books),5251
2026-05-05 17:01:58.452653,B0D429W5H1,Sasquatch Word Search,3880103,Word Search Games,17397
2026-05-05 17:01:58.452654,B0D429W5H1,Sasquatch Word Search,3880103,Word Games (Books),18917
2026-05-05 17:02:15.004090,B0D429WWSQ,Sasquatch Word Search,2387682,Unexplained Mysteries (Books),3629
2026-05-05 17:02:15.004093,B0D429WWSQ,Sasquatch Word Search,2387682,Word Search Games,10399
2026-05-05 17:02:15.004093,B0D429WWSQ,Sasquatch Word Search,2387682,Word Games (Books),11509
2026-05-05 17:02:31.307684,B0D22PKCGW,Alien Word Search Large Print,4098869,UFOs (Books),3427
2026-05-05 17:02:31.307686,B0D22PKCGW,Alien Word Search Large Print,4098869,Ancient & Controversial Knowledge,4173
2026-05-05 17:02:31.307687,B0D22PKCGW,Alien Word Search Large Print,4098869,Word Search Games,18441
2026-05-05 17:02:47.789317,B0CTPR6KZ4,Alien Word Search,2008490,UFOs (Books),2003
2026-05-05 17:02:47.789320,B0CTPR6KZ4,Alien Word Search,2008490,Ancient & Controversial Knowledge,2351
2026-05-05 17:02:47.789320,B0CTPR6KZ4,Alien Word Search,2008490,Word Search Games,8721
2026-05-05 18:18:38.735505,B0D9JQ33BX,Paranormal Word Search,,,
2026-05-05 18:18:55.558089,B0D1MYMVCC,Haunted Word Search Large Print,,,
2026-05-05 18:19:11.917994,B0CSZDC243,Haunted Word Search,6780185,Ghosts & Hauntings,5520
2026-05-05 18:19:11.917998,B0CSZDC243,Haunted Word Search,6780185,Psychic Phenomena,7022
2026-05-05 18:19:11.917999,B0CSZDC243,Haunted Word Search,6780185,Supernaturalism (Books),8504
2026-05-05 18:19:28.445104,B0D3XXZRRC,Witches Word Search,5940051,Witchcraft Religion & Spirituality,7120
2026-05-05 18:19:28.445110,B0D3XXZRRC,Witches Word Search,5940051,Spiritualism,10170
2026-05-05 18:19:28.445111,B0D3XXZRRC,Witches Word Search,5940051,Word Search Games,28613
2026-05-05 18:19:44.810659,B0D3XXY1HV,Witches Word Search Large Print,,,
2026-05-05 18:20:01.139337,B0G43ZNNRX,Weather Word Search Large Print,,,
2026-05-05 18:20:17.739642,B0D97NFBG2,Weather Word Search,1931872,Natural Disasters (Books),658
2026-05-05 18:20:17.739645,B0D97NFBG2,Weather Word Search,1931872,Weather (Books),1076
2026-05-05 18:20:17.739645,B0D97NFBG2,Weather Word Search,1931872,Word Search Games,8425
2026-05-05 18:20:34.146620,B0D9B6HKC8,Space Word Search,9049866,Solar System (Books),826
2026-05-05 18:20:34.146623,B0D9B6HKC8,Space Word Search,9049866,Astronomy (Books),10394
2026-05-05 18:20:34.146624,B0D9B6HKC8,Space Word Search,9049866,Word Search Games,45216
2026-05-05 18:20:50.349673,B0D986WRQY,Ocean Word Search,,,
2026-05-05 18:21:06.657317,B0D9D6QJKD,Earth Science Word Search,,,
2026-05-05 18:21:23.011963,B0D9DRYQSH,Animal Word Search,,,
2026-05-05 18:21:39.394607,B0FPDF7GQV,Halloween Word Search,7584635,Holidays (Books),890
2026-05-05 18:21:39.394610,B0FPDF7GQV,Halloween Word Search,7584635,Customs & Traditions Social Sciences,5703
2026-05-05 18:21:39.394611,B0FPDF7GQV,Halloween Word Search,7584635,Ghosts & Hauntings,5880
2026-05-05 18:21:55.766992,B0DXP99LNN,Spring Word Search,6078395,Gardening & Landscape Design,26977
2026-05-05 18:21:55.766995,B0DXP99LNN,Spring Word Search,6078395,Word Search Games,29364
2026-05-05 18:21:55.766995,B0DXP99LNN,Spring Word Search,6078395,Word Games (Books),31430
2026-05-05 18:22:11.960270,B0F61TRMXM,Summer Word Search,,,
2026-05-05 18:22:28.300430,B0DTKGRKC2,Romance Word Search,8155851,Humorous Erotica (Books),22462
2026-05-05 18:22:28.300434,B0DTKGRKC2,Romance Word Search,8155851,Romantic Erotica (Books),36640
2026-05-05 18:22:28.300435,B0DTKGRKC2,Romance Word Search,8155851,Word Search Games,40881
2026-05-05 18:22:44.903261,B0DS5HPJ1M,Alien Adult Activity Book,1808311,UFOs (Books),1807
2026-05-05 18:22:44.903264,B0DS5HPJ1M,Alien Adult Activity Book,1808311,Logic & Brain Teasers (Books),4215
2026-05-05 18:22:44.903264,B0DS5HPJ1M,Alien Adult Activity Book,1808311,Puzzles (Books),8371
2026-05-05 18:23:01.533755,B0FJ8TFSZ1,Fall Word Search,6537913,Holidays (Books),765
2026-05-05 18:23:01.533759,B0FJ8TFSZ1,Fall Word Search,6537913,Word Search Games,31967
2026-05-05 18:23:01.533759,B0FJ8TFSZ1,Fall Word Search,6537913,Word Games (Books),34146
2026-05-05 18:23:17.943787,B0G4GQL5TG,Winter Word Search,9348040,Holidays (Books),1070
2026-05-05 18:23:17.943792,B0G4GQL5TG,Winter Word Search,9348040,Word Search Games,47443
2026-05-05 18:23:17.943793,B0G4GQL5TG,Winter Word Search,9348040,Word Games (Books),50156
2026-05-05 18:23:34.223278,B0G5Z47WY7,Christmas Word Search,9347567,Holidays (Books),1069
2026-05-05 18:23:34.223281,B0G5Z47WY7,Christmas Word Search,9347567,Word Search Games,47424
2026-05-05 18:23:34.223282,B0G5Z47WY7,Christmas Word Search,9347567,Word Games (Books),50136
2026-05-05 18:23:50.436825,B0D2HQ2N8G,Cryptids Word Search Large Print,,,
2026-05-05 18:24:06.853577,B0CVNHV3CV,Cryptids Word Search,3812919,Ancient & Controversial Knowledge,3932
2026-05-05 18:24:06.853581,B0CVNHV3CV,Cryptids Word Search,3812919,Unexplained Mysteries (Books),5168
2026-05-05 18:24:06.853582,B0CVNHV3CV,Cryptids Word Search,3812919,Word Search Games,17156
2026-05-05 18:24:22.965908,B0D429W5H1,Sasquatch Word Search,3880142,Unexplained Mysteries (Books),5254
2026-05-05 18:24:22.965911,B0D429W5H1,Sasquatch Word Search,3880142,Word Search Games,17458
2026-05-05 18:24:22.965912,B0D429W5H1,Sasquatch Word Search,3880142,Word Games (Books),18980
2026-05-05 18:24:39.324750,B0D429WWSQ,Sasquatch Word Search,2387722,Unexplained Mysteries (Books),3632
2026-05-05 18:24:39.324753,B0D429WWSQ,Sasquatch Word Search,2387722,Word Search Games,10460
2026-05-05 18:24:39.324754,B0D429WWSQ,Sasquatch Word Search,2387722,Word Games (Books),11572
2026-05-05 18:24:55.685051,B0D22PKCGW,Alien Word Search Large Print,4098910,UFOs (Books),3430
2026-05-05 18:24:55.685054,B0D22PKCGW,Alien Word Search Large Print,4098910,Ancient & Controversial Knowledge,4175
2026-05-05 18:24:55.685056,B0D22PKCGW,Alien Word Search Large Print,4098910,Word Search Games,18502
2026-05-05 18:25:12.115629,B0CTPR6KZ4,Alien Word Search,2008522,UFOs (Books),2006
2026-05-05 18:25:12.115632,B0CTPR6KZ4,Alien Word Search,2008522,Ancient & Controversial Knowledge,2353
2026-05-05 18:25:12.115632,B0CTPR6KZ4,Alien Word Search,2008522,Word Search Games,8782
2026-05-05 20:16:44.290158,B0D1MYMVCC,Haunted Word Search Large Print,,,
2026-05-05 20:17:01.221242,B0CSZDC243,Haunted Word Search,6780206,Ghosts & Hauntings,5520
2026-05-05 20:17:01.221245,B0CSZDC243,Haunted Word Search,6780206,Psychic Phenomena,7022
2026-05-05 20:17:01.221245,B0CSZDC243,Haunted Word Search,6780206,Supernaturalism (Books),8504
2026-05-05 20:17:17.598517,B0D3XXZRRC,Witches Word Search,5940071,Witchcraft Religion & Spirituality,7120
2026-05-05 20:17:17.598525,B0D3XXZRRC,Witches Word Search,5940071,Spiritualism,10170
2026-05-05 20:17:17.598527,B0D3XXZRRC,Witches Word Search,5940071,Word Search Games,28613
2026-05-05 20:17:33.761740,B0D3XXY1HV,Witches Word Search Large Print,,,
2026-05-05 20:17:49.858894,B0G43ZNNRX,Weather Word Search Large Print,,,
2026-05-05 20:18:06.222998,B0D97NFBG2,Weather Word Search,1931876,Natural Disasters (Books),658
2026-05-05 20:18:06.223001,B0D97NFBG2,Weather Word Search,1931876,Weather (Books),1076
2026-05-05 20:18:06.223001,B0D97NFBG2,Weather Word Search,1931876,Word Search Games,8425
2026-05-05 20:18:22.474120,B0D9B6HKC8,Space Word Search,9049885,Solar System (Books),826
2026-05-05 20:18:22.474122,B0D9B6HKC8,Space Word Search,9049885,Astronomy (Books),10394
2026-05-05 20:18:22.474123,B0D9B6HKC8,Space Word Search,9049885,Word Search Games,45216
2026-05-05 20:18:38.808341,B0D986WRQY,Ocean Word Search,,,
2026-05-05 20:18:55.207078,B0D9D6QJKD,Earth Science Word Search,,,
2026-05-05 20:19:11.437781,B0D9DRYQSH,Animal Word Search,,,
2026-05-05 20:19:27.783693,B0FPDF7GQV,Halloween Word Search,7584657,Holidays (Books),890
2026-05-05 20:19:27.783697,B0FPDF7GQV,Halloween Word Search,7584657,Customs & Traditions Social Sciences,5703
2026-05-05 20:19:27.783698,B0FPDF7GQV,Halloween Word Search,7584657,Ghosts & Hauntings,5880
2026-05-05 20:19:44.149561,B0DXP99LNN,Spring Word Search,6078415,Gardening & Landscape Design,26977
2026-05-05 20:19:44.149566,B0DXP99LNN,Spring Word Search,6078415,Word Search Games,29364
2026-05-05 20:19:44.149566,B0DXP99LNN,Spring Word Search,6078415,Word Games (Books),31430
2026-05-05 20:20:00.504042,B0F61TRMXM,Summer Word Search,,,
2026-05-05 20:20:16.693335,B0DTKGRKC2,Romance Word Search,8155872,Humorous Erotica (Books),22462
2026-05-05 20:20:16.693338,B0DTKGRKC2,Romance Word Search,8155872,Romantic Erotica (Books),36640
2026-05-05 20:20:16.693339,B0DTKGRKC2,Romance Word Search,8155872,Word Search Games,40881
2026-05-05 20:20:33.092869,B0DS5HPJ1M,Alien Adult Activity Book,1808345,UFOs (Books),1811
2026-05-05 20:20:33.092873,B0DS5HPJ1M,Alien Adult Activity Book,1808345,Logic & Brain Teasers (Books),4227
2026-05-05 20:20:33.092874,B0DS5HPJ1M,Alien Adult Activity Book,1808345,Puzzles (Books),8410
2026-05-05 20:20:49.388294,B0FJ8TFSZ1,Fall Word Search,6537934,Holidays (Books),765
2026-05-05 20:20:49.388299,B0FJ8TFSZ1,Fall Word Search,6537934,Word Search Games,31967
2026-05-05 20:20:49.388300,B0FJ8TFSZ1,Fall Word Search,6537934,Word Games (Books),34146
2026-05-05 20:21:05.862926,B0G4GQL5TG,Winter Word Search,9348058,Holidays (Books),1070
2026-05-05 20:21:05.862930,B0G4GQL5TG,Winter Word Search,9348058,Word Search Games,47443
2026-05-05 20:21:05.862931,B0G4GQL5TG,Winter Word Search,9348058,Word Games (Books),50156
2026-05-05 20:21:22.129245,B0G5Z47WY7,Christmas Word Search,9347585,Holidays (Books),1069
2026-05-05 20:21:22.129248,B0G5Z47WY7,Christmas Word Search,9347585,Word Search Games,47424
2026-05-05 20:21:22.129249,B0G5Z47WY7,Christmas Word Search,9347585,Word Games (Books),50136
2026-05-05 20:21:38.365728,B0D2HQ2N8G,Cryptids Word Search Large Print,,,
2026-05-05 20:21:54.663274,B0CVNHV3CV,Cryptids Word Search,3812935,Ancient & Controversial Knowledge,3932
2026-05-05 20:21:54.663277,B0CVNHV3CV,Cryptids Word Search,3812935,Unexplained Mysteries (Books),5168
2026-05-05 20:21:54.663277,B0CVNHV3CV,Cryptids Word Search,3812935,Word Search Games,17156
2026-05-05 20:22:10.739131,B0D429W5H1,Sasquatch Word Search,3880158,Unexplained Mysteries (Books),5254
2026-05-05 20:22:10.739134,B0D429W5H1,Sasquatch Word Search,3880158,Word Search Games,17458
2026-05-05 20:22:10.739134,B0D429W5H1,Sasquatch Word Search,3880158,Word Games (Books),18980
2026-05-05 20:22:27.017909,B0D429WWSQ,Sasquatch Word Search,2387727,Unexplained Mysteries (Books),3632
2026-05-05 20:22:27.017912,B0D429WWSQ,Sasquatch Word Search,2387727,Word Search Games,10460
2026-05-05 20:22:27.017913,B0D429WWSQ,Sasquatch Word Search,2387727,Word Games (Books),11572
2026-05-05 20:22:43.419249,B0D22PKCGW,Alien Word Search Large Print,4098928,UFOs (Books),3430
2026-05-05 20:22:43.419251,B0D22PKCGW,Alien Word Search Large Print,4098928,Ancient & Controversial Knowledge,4175
2026-05-05 20:22:43.419252,B0D22PKCGW,Alien Word Search Large Print,4098928,Word Search Games,18502
2026-05-05 20:22:59.652429,B0CTPR6KZ4,Alien Word Search,2008526,UFOs (Books),2006
2026-05-05 20:22:59.652434,B0CTPR6KZ4,Alien Word Search,2008526,Ancient & Controversial Knowledge,2353
2026-05-05 20:22:59.652436,B0CTPR6KZ4,Alien Word Search,2008526,Word Search Games,8782
2026-05-05 22:11:40.869048,B0CSZDC243,Haunted Word Search,,,
2026-05-05 22:11:57.631786,B0D3XXZRRC,Witches Word Search,5951284,Witchcraft Religion & Spirituality,7121
2026-05-05 22:11:57.631788,B0D3XXZRRC,Witches Word Search,5951284,Spiritualism,10173
2026-05-05 22:11:57.631789,B0D3XXZRRC,Witches Word Search,5951284,Word Search Games,28629
2026-05-05 22:12:14.136130,B0D3XXY1HV,Witches Word Search Large Print,,,
2026-05-05 22:12:30.459145,B0G43ZNNRX,Weather Word Search Large Print,,,
2026-05-05 22:12:47.034146,B0D97NFBG2,Weather Word Search,1953379,Natural Disasters (Books),661
2026-05-05 22:12:47.034149,B0D97NFBG2,Weather Word Search,1953379,Weather (Books),1087
2026-05-05 22:12:47.034149,B0D97NFBG2,Weather Word Search,1953379,Word Search Games,8479
2026-05-05 22:13:03.523663,B0D9B6HKC8,Space Word Search,9059230,Solar System (Books),827
2026-05-05 22:13:03.523665,B0D9B6HKC8,Space Word Search,9059230,Astronomy (Books),10396
2026-05-05 22:13:03.523666,B0D9B6HKC8,Space Word Search,9059230,Word Search Games,45223
2026-05-05 22:13:20.058771,B0D986WRQY,Ocean Word Search,,,
2026-05-05 22:13:36.549893,B0D9D6QJKD,Earth Science Word Search,,,
2026-05-05 22:13:52.869349,B0D9DRYQSH,Animal Word Search,,,
2026-05-05 22:14:09.273822,B0FPDF7GQV,Halloween Word Search,7594801,Holidays (Books),889
2026-05-05 22:14:09.273824,B0FPDF7GQV,Halloween Word Search,7594801,Customs & Traditions Social Sciences,5705
2026-05-05 22:14:09.273825,B0FPDF7GQV,Halloween Word Search,7594801,Ghosts & Hauntings,5881
2026-05-05 22:14:25.631523,B0DXP99LNN,Spring Word Search,6089521,Gardening & Landscape Design,26980
2026-05-05 22:14:25.631525,B0DXP99LNN,Spring Word Search,6089521,Word Search Games,29380
2026-05-05 22:14:25.631526,B0DXP99LNN,Spring Word Search,6089521,Word Games (Books),31449
2026-05-05 22:14:41.888184,B0F61TRMXM,Summer Word Search,,,
2026-05-05 22:14:58.367738,B0DTKGRKC2,Romance Word Search,8165700,Humorous Erotica (Books),22464
2026-05-05 22:14:58.367740,B0DTKGRKC2,Romance Word Search,8165700,Romantic Erotica (Books),36642
2026-05-05 22:14:58.367741,B0DTKGRKC2,Romance Word Search,8165700,Word Search Games,40892
2026-05-05 22:15:14.966413,B0DS5HPJ1M,Alien Adult Activity Book,1830841,UFOs (Books),1826
2026-05-05 22:15:14.966415,B0DS5HPJ1M,Alien Adult Activity Book,1830841,Logic & Brain Teasers (Books),4267
2026-05-05 22:15:14.966415,B0DS5HPJ1M,Alien Adult Activity Book,1830841,Puzzles (Books),8475
2026-05-05 22:15:31.505163,B0FJ8TFSZ1,Fall Word Search,6548696,Holidays (Books),765
2026-05-05 22:15:31.505165,B0FJ8TFSZ1,Fall Word Search,6548696,Word Search Games,31983
2026-05-05 22:15:31.505166,B0FJ8TFSZ1,Fall Word Search,6548696,Word Games (Books),34164
2026-05-05 22:15:47.931890,B0G4GQL5TG,Winter Word Search,9357299,Holidays (Books),1069
2026-05-05 22:15:47.931892,B0G4GQL5TG,Winter Word Search,9357299,Word Search Games,47449
2026-05-05 22:15:47.931893,B0G4GQL5TG,Winter Word Search,9357299,Word Games (Books),50165
2026-05-05 22:16:04.536937,B0G5Z47WY7,Christmas Word Search,9356826,Holidays (Books),1068
2026-05-05 22:16:04.536939,B0G5Z47WY7,Christmas Word Search,9356826,Word Search Games,47430
2026-05-05 22:16:04.536940,B0G5Z47WY7,Christmas Word Search,9356826,Word Games (Books),50145
2026-05-05 22:16:20.841136,B0D2HQ2N8G,Cryptids Word Search Large Print,,,
2026-05-05 22:16:37.266834,B0CVNHV3CV,Cryptids Word Search,3826947,Ancient & Controversial Knowledge,3936
2026-05-05 22:16:37.266835,B0CVNHV3CV,Cryptids Word Search,3826947,Unexplained Mysteries (Books),5177
2026-05-05 22:16:37.266836,B0CVNHV3CV,Cryptids Word Search,3826947,Word Search Games,17187
2026-05-05 22:16:53.594649,B0D429W5H1,Sasquatch Word Search,3894011,Unexplained Mysteries (Books),5261
2026-05-05 22:16:53.594652,B0D429W5H1,Sasquatch Word Search,3894011,Word Search Games,17488
2026-05-05 22:16:53.594652,B0D429W5H1,Sasquatch Word Search,3894011,Word Games (Books),19013
2026-05-05 22:17:10.011617,B0D429WWSQ,Sasquatch Word Search,2406287,Unexplained Mysteries (Books),3643
2026-05-05 22:17:10.011619,B0D429WWSQ,Sasquatch Word Search,2406287,Word Search Games,10512
2026-05-05 22:17:10.011620,B0D429WWSQ,Sasquatch Word Search,2406287,Word Games (Books),11628
2026-05-05 22:17:26.526200,B0D22PKCGW,Alien Word Search Large Print,4112396,UFOs (Books),3437
2026-05-05 22:17:26.526203,B0D22PKCGW,Alien Word Search Large Print,4112396,Ancient & Controversial Knowledge,4179
2026-05-05 22:17:26.526203,B0D22PKCGW,Alien Word Search Large Print,4112396,Word Search Games,18531
2026-05-05 22:17:43.114664,B0CTPR6KZ4,Alien Word Search,2029400,UFOs (Books),2019
2026-05-05 22:17:43.114666,B0CTPR6KZ4,Alien Word Search,2029400,Ancient & Controversial Knowledge,2364
2026-05-05 22:17:43.114666,B0CTPR6KZ4,Alien Word Search,2029400,Word Search Games,8835
2026-05-06 00:00:59.320014,B0CSZDC243,Haunted Word Search,,,
2026-05-06 00:01:16.319640,B0D3XXZRRC,Witches Word Search,5951261,Witchcraft Religion & Spirituality,7121
2026-05-06 00:01:16.319642,B0D3XXZRRC,Witches Word Search,5951261,Spiritualism,10173
2026-05-06 00:01:16.319643,B0D3XXZRRC,Witches Word Search,5951261,Word Search Games,28625
2026-05-06 00:01:33.008625,B0D3XXY1HV,Witches Word Search Large Print,,,
2026-05-06 00:01:49.464743,B0G43ZNNRX,Weather Word Search Large Print,,,
2026-05-06 00:02:05.941018,B0D97NFBG2,Weather Word Search,1953382,Natural Disasters (Books),661
2026-05-06 00:02:05.941021,B0D97NFBG2,Weather Word Search,1953382,Weather (Books),1086
2026-05-06 00:02:05.941022,B0D97NFBG2,Weather Word Search,1953382,Word Search Games,8475
2026-05-06 00:02:22.394673,B0D9B6HKC8,Space Word Search,9059187,Solar System (Books),826
2026-05-06 00:02:22.394675,B0D9B6HKC8,Space Word Search,9059187,Astronomy (Books),10394
2026-05-06 00:02:22.394676,B0D9B6HKC8,Space Word Search,9059187,Word Search Games,45219
2026-05-06 00:02:38.900267,B0D986WRQY,Ocean Word Search,,,
2026-05-06 00:02:55.280870,B0D9D6QJKD,Earth Science Word Search,,,
2026-05-06 00:03:11.761077,B0D9DRYQSH,Animal Word Search,,,
2026-05-06 00:03:28.201463,B0FPDF7GQV,Halloween Word Search,7594766,Holidays (Books),889
2026-05-06 00:03:28.201468,B0FPDF7GQV,Halloween Word Search,7594766,Customs & Traditions Social Sciences,5705
2026-05-06 00:03:28.201469,B0FPDF7GQV,Halloween Word Search,7594766,Ghosts & Hauntings,5879
2026-05-06 00:03:44.618840,B0DXP99LNN,Spring Word Search,6089498,Gardening & Landscape Design,26949
2026-05-06 00:03:44.618842,B0DXP99LNN,Spring Word Search,6089498,Word Search Games,29376
2026-05-06 00:03:44.618843,B0DXP99LNN,Spring Word Search,6089498,Word Games (Books),31445
2026-05-06 00:04:01.007757,B0F61TRMXM,Summer Word Search,,,
2026-05-06 00:04:17.743961,B0DTKGRKC2,Romance Word Search,8165664,Humorous Erotica (Books),22465
2026-05-06 00:04:17.743963,B0DTKGRKC2,Romance Word Search,8165664,Romantic Erotica (Books),36640
2026-05-06 00:04:17.743964,B0DTKGRKC2,Romance Word Search,8165664,Word Search Games,40888
2026-05-06 00:04:34.383937,B0DS5HPJ1M,Alien Adult Activity Book,1830847,UFOs (Books),1825
2026-05-06 00:04:34.383939,B0DS5HPJ1M,Alien Adult Activity Book,1830847,Logic & Brain Teasers (Books),4267
2026-05-06 00:04:34.383940,B0DS5HPJ1M,Alien Adult Activity Book,1830847,Puzzles (Books),8474
2026-05-06 00:04:50.989797,B0FJ8TFSZ1,Fall Word Search,6548667,Holidays (Books),765
2026-05-06 00:04:50.989800,B0FJ8TFSZ1,Fall Word Search,6548667,Word Search Games,31979
2026-05-06 00:04:50.989800,B0FJ8TFSZ1,Fall Word Search,6548667,Word Games (Books),34160
2026-05-06 00:05:07.588632,B0G4GQL5TG,Winter Word Search,9357246,Holidays (Books),1069
2026-05-06 00:05:07.588634,B0G4GQL5TG,Winter Word Search,9357246,Word Search Games,47445
2026-05-06 00:05:07.588635,B0G4GQL5TG,Winter Word Search,9357246,Word Games (Books),50161
2026-05-06 00:05:24.159318,B0G5Z47WY7,Christmas Word Search,9356773,Holidays (Books),1068
2026-05-06 00:05:24.159320,B0G5Z47WY7,Christmas Word Search,9356773,Word Search Games,47426
2026-05-06 00:05:24.159321,B0G5Z47WY7,Christmas Word Search,9356773,Word Games (Books),50141
2026-05-06 00:05:40.586549,B0D2HQ2N8G,Cryptids Word Search Large Print,,,
2026-05-06 00:05:57.299739,B0CVNHV3CV,Cryptids Word Search,3826932,Ancient & Controversial Knowledge,3936
2026-05-06 00:05:57.299742,B0CVNHV3CV,Cryptids Word Search,3826932,Unexplained Mysteries (Books),5177
2026-05-06 00:05:57.299743,B0CVNHV3CV,Cryptids Word Search,3826932,Word Search Games,17183
2026-05-06 00:06:13.750492,B0D429W5H1,Sasquatch Word Search,3893996,Unexplained Mysteries (Books),5261
2026-05-06 00:06:13.750494,B0D429W5H1,Sasquatch Word Search,3893996,Word Search Games,17484
2026-05-06 00:06:13.750495,B0D429W5H1,Sasquatch Word Search,3893996,Word Games (Books),19009
2026-05-06 00:06:30.304903,B0D429WWSQ,Sasquatch Word Search,2406283,Unexplained Mysteries (Books),3643
2026-05-06 00:06:30.304905,B0D429WWSQ,Sasquatch Word Search,2406283,Word Search Games,10508
2026-05-06 00:06:30.304906,B0D429WWSQ,Sasquatch Word Search,2406283,Word Games (Books),11625
2026-05-06 00:06:46.782718,B0D22PKCGW,Alien Word Search Large Print,4112379,UFOs (Books),3436
2026-05-06 00:06:46.782720,B0D22PKCGW,Alien Word Search Large Print,4112379,Ancient & Controversial Knowledge,4179
2026-05-06 00:06:46.782721,B0D22PKCGW,Alien Word Search Large Print,4112379,Word Search Games,18527
2026-05-06 00:07:03.264146,B0CTPR6KZ4,Alien Word Search,2029402,UFOs (Books),2018
2026-05-06 00:07:03.264149,B0CTPR6KZ4,Alien Word Search,2029402,Ancient & Controversial Knowledge,2364
2026-05-06 00:07:03.264150,B0CTPR6KZ4,Alien Word Search,2029402,Word Search Games,8831
2026-05-06 03:59:04.254141,B0D9JQ33BX,Paranormal Word Search,,,
2026-05-06 03:59:21.062385,B0D1MYMVCC,Haunted Word Search Large Print,,,
2026-05-06 03:59:37.291507,B0CSZDC243,Haunted Word Search,6784507,Ghosts & Hauntings,5515
2026-05-06 03:59:37.291509,B0CSZDC243,Haunted Word Search,6784507,Psychic Phenomena,7023
2026-05-06 03:59:37.291510,B0CSZDC243,Haunted Word Search,6784507,Supernaturalism (Books),8501
2026-05-06 03:59:53.512326,B0D3XXZRRC,Witches Word Search,5984189,Witchcraft Religion & Spirituality,7137
2026-05-06 03:59:53.512331,B0D3XXZRRC,Witches Word Search,5984189,Spiritualism,10207
2026-05-06 03:59:53.512332,B0D3XXZRRC,Witches Word Search,5984189,Word Search Games,28799
2026-05-06 04:00:09.703302,B0D3XXY1HV,Witches Word Search Large Print,,,
2026-05-06 04:00:26.002190,B0G43ZNNRX,Weather Word Search Large Print,,,
2026-05-06 04:00:42.317741,B0D97NFBG2,Weather Word Search,1932625,Natural Disasters (Books),648
2026-05-06 04:00:42.317744,B0D97NFBG2,Weather Word Search,1932625,Weather (Books),1076
2026-05-06 04:00:42.317744,B0D97NFBG2,Weather Word Search,1932625,Word Search Games,8370
2026-05-06 04:00:58.536884,B0D9B6HKC8,Space Word Search,9065929,Solar System (Books),827
2026-05-06 04:00:58.536886,B0D9B6HKC8,Space Word Search,9065929,Astronomy (Books),10393
2026-05-06 04:00:58.536887,B0D9B6HKC8,Space Word Search,9065929,Word Search Games,45259
2026-05-06 04:01:14.801779,B0D986WRQY,Ocean Word Search,,,
2026-05-06 04:01:30.861440,B0D9D6QJKD,Earth Science Word Search,,,
2026-05-06 04:01:47.041860,B0D9DRYQSH,Animal Word Search,,,
2026-05-06 04:02:03.383113,B0FPDF7GQV,Halloween Word Search,7592037,Holidays (Books),887
2026-05-06 04:02:03.383115,B0FPDF7GQV,Halloween Word Search,7592037,Customs & Traditions Social Sciences,5700
2026-05-06 04:02:03.383116,B0FPDF7GQV,Halloween Word Search,7592037,Ghosts & Hauntings,5877
2026-05-06 04:02:19.703520,B0DXP99LNN,Spring Word Search,6084496,Gardening & Landscape Design,26962
2026-05-06 04:02:19.703522,B0DXP99LNN,Spring Word Search,6084496,Word Search Games,29356
2026-05-06 04:02:19.703522,B0DXP99LNN,Spring Word Search,6084496,Word Games (Books),31426
2026-05-06 04:02:36.018693,B0F61TRMXM,Summer Word Search,,,
2026-05-06 04:02:52.338504,B0DTKGRKC2,Romance Word Search,8167101,Humorous Erotica (Books),22447
2026-05-06 04:02:52.338509,B0DTKGRKC2,Romance Word Search,8167101,Romantic Erotica (Books),36606
2026-05-06 04:02:52.338510,B0DTKGRKC2,Romance Word Search,8167101,Word Search Games,40874
2026-05-06 04:03:08.568570,B0DS5HPJ1M,Alien Adult Activity Book,1921604,UFOs (Books),1912
2026-05-06 04:03:08.568572,B0DS5HPJ1M,Alien Adult Activity Book,1921604,Logic & Brain Teasers (Books),4468
2026-05-06 04:03:08.568572,B0DS5HPJ1M,Alien Adult Activity Book,1921604,Puzzles (Books),8863
2026-05-06 04:03:24.809520,B0FJ8TFSZ1,Fall Word Search,6544017,Holidays (Books),765
2026-05-06 04:03:24.809523,B0FJ8TFSZ1,Fall Word Search,6544017,Word Search Games,31969
2026-05-06 04:03:24.809524,B0FJ8TFSZ1,Fall Word Search,6544017,Word Games (Books),34149
2026-05-06 04:03:41.142732,B0G4GQL5TG,Winter Word Search,9363811,Holidays (Books),1070
2026-05-06 04:03:41.142734,B0G4GQL5TG,Winter Word Search,9363811,Word Search Games,47486
2026-05-06 04:03:41.142734,B0G4GQL5TG,Winter Word Search,9363811,Word Games (Books),50202
2026-05-06 04:03:57.340522,B0G5Z47WY7,Christmas Word Search,9363338,Holidays (Books),1069
2026-05-06 04:03:57.340524,B0G5Z47WY7,Christmas Word Search,9363338,Word Search Games,47467
2026-05-06 04:03:57.340524,B0G5Z47WY7,Christmas Word Search,9363338,Word Games (Books),50182
2026-05-06 04:04:13.502983,B0D2HQ2N8G,Cryptids Word Search Large Print,,,
2026-05-06 04:04:29.775846,B0CVNHV3CV,Cryptids Word Search,3799860,Ancient & Controversial Knowledge,3917
2026-05-06 04:04:29.775848,B0CVNHV3CV,Cryptids Word Search,3799860,Unexplained Mysteries (Books),5157
2026-05-06 04:04:29.775848,B0CVNHV3CV,Cryptids Word Search,3799860,Word Search Games,17095
2026-05-06 04:04:45.917544,B0D429W5H1,Sasquatch Word Search,3868441,Unexplained Mysteries (Books),5237
2026-05-06 04:04:45.917546,B0D429W5H1,Sasquatch Word Search,3868441,Word Search Games,17391
2026-05-06 04:04:45.917547,B0D429W5H1,Sasquatch Word Search,3868441,Word Games (Books),18911
2026-05-06 04:05:02.256345,B0D429WWSQ,Sasquatch Word Search,2452386,Unexplained Mysteries (Books),3688
2026-05-06 04:05:02.256347,B0D429WWSQ,Sasquatch Word Search,2452386,Word Search Games,10721
2026-05-06 04:05:02.256347,B0D429WWSQ,Sasquatch Word Search,2452386,Word Games (Books),11853
2026-05-06 04:05:18.585251,B0D22PKCGW,Alien Word Search Large Print,4103117,UFOs (Books),3430
2026-05-06 04:05:18.585253,B0D22PKCGW,Alien Word Search Large Print,4103117,Ancient & Controversial Knowledge,4167
2026-05-06 04:05:18.585254,B0D22PKCGW,Alien Word Search Large Print,4103117,Word Search Games,18504
2026-05-06 04:05:34.749613,B0CTPR6KZ4,Alien Word Search,2048178,UFOs (Books),2030
2026-05-06 04:05:34.749616,B0CTPR6KZ4,Alien Word Search,2048178,Ancient & Controversial Knowledge,2386
2026-05-06 04:05:34.749616,B0CTPR6KZ4,Alien Word Search,2048178,Word Search Games,8875
2026-05-06 06:41:31.963721,B0D9JQ33BX,Paranormal Word Search,,,
2026-05-06 06:41:48.915247,B0D1MYMVCC,Haunted Word Search Large Print,,,
2026-05-06 06:42:05.339045,B0CSZDC243,Haunted Word Search,6787127,Ghosts & Hauntings,5515
2026-05-06 06:42:05.339049,B0CSZDC243,Haunted Word Search,6787127,Psychic Phenomena,7023
2026-05-06 06:42:05.339050,B0CSZDC243,Haunted Word Search,6787127,Supernaturalism (Books),8502
2026-05-06 06:42:21.687420,B0D3XXZRRC,Witches Word Search,5986799,Witchcraft Religion & Spirituality,7137
2026-05-06 06:42:21.687426,B0D3XXZRRC,Witches Word Search,5986799,Spiritualism,10206
2026-05-06 06:42:21.687427,B0D3XXZRRC,Witches Word Search,5986799,Word Search Games,28802
2026-05-06 06:42:37.894336,B0D3XXY1HV,Witches Word Search Large Print,,,
2026-05-06 06:42:54.287271,B0G43ZNNRX,Weather Word Search Large Print,,,
2026-05-06 06:43:10.778265,B0D97NFBG2,Weather Word Search,1935161,Natural Disasters (Books),648
2026-05-06 06:43:10.778267,B0D97NFBG2,Weather Word Search,1935161,Weather (Books),1075
2026-05-06 06:43:10.778268,B0D97NFBG2,Weather Word Search,1935161,Word Search Games,8372
2026-05-06 06:43:27.093659,B0D9B6HKC8,Space Word Search,9068571,Solar System (Books),827
2026-05-06 06:43:27.093662,B0D9B6HKC8,Space Word Search,9068571,Astronomy (Books),10392
2026-05-06 06:43:27.093663,B0D9B6HKC8,Space Word Search,9068571,Word Search Games,45259
2026-05-06 06:43:43.446354,B0D986WRQY,Ocean Word Search,,,
2026-05-06 06:43:59.618487,B0D9D6QJKD,Earth Science Word Search,,,
2026-05-06 06:44:15.780749,B0D9DRYQSH,Animal Word Search,,,
2026-05-06 06:44:32.006482,B0FPDF7GQV,Halloween Word Search,7594664,Holidays (Books),887
2026-05-06 06:44:32.006486,B0FPDF7GQV,Halloween Word Search,7594664,Customs & Traditions Social Sciences,5701
2026-05-06 06:44:32.006486,B0FPDF7GQV,Halloween Word Search,7594664,Ghosts & Hauntings,5877
2026-05-06 06:44:48.506874,B0DXP99LNN,Spring Word Search,6087106,Gardening & Landscape Design,26947
2026-05-06 06:44:48.506880,B0DXP99LNN,Spring Word Search,6087106,Word Search Games,29359
2026-05-06 06:44:48.506880,B0DXP99LNN,Spring Word Search,6087106,Word Games (Books),31429
2026-05-06 06:45:04.736825,B0F61TRMXM,Summer Word Search,,,
2026-05-06 06:45:21.019309,B0DTKGRKC2,Romance Word Search,8169732,Humorous Erotica (Books),22447
2026-05-06 06:45:21.019312,B0DTKGRKC2,Romance Word Search,8169732,Romantic Erotica (Books),36608
2026-05-06 06:45:21.019312,B0DTKGRKC2,Romance Word Search,8169732,Word Search Games,40877
2026-05-06 06:45:37.255308,B0DS5HPJ1M,Alien Adult Activity Book,1924140,UFOs (Books),1912
2026-05-06 06:45:37.255311,B0DS5HPJ1M,Alien Adult Activity Book,1924140,Logic & Brain Teasers (Books),4466
2026-05-06 06:45:37.255312,B0DS5HPJ1M,Alien Adult Activity Book,1924140,Puzzles (Books),8864
2026-05-06 06:45:53.773201,B0FJ8TFSZ1,Fall Word Search,6546633,Holidays (Books),765
2026-05-06 06:45:53.773205,B0FJ8TFSZ1,Fall Word Search,6546633,Word Search Games,31972
2026-05-06 06:45:53.773205,B0FJ8TFSZ1,Fall Word Search,6546633,Word Games (Books),34152
2026-05-06 06:46:10.182973,B0G4GQL5TG,Winter Word Search,9366454,Holidays (Books),1070
2026-05-06 06:46:10.182975,B0G4GQL5TG,Winter Word Search,9366454,Word Search Games,47486
2026-05-06 06:46:10.182976,B0G4GQL5TG,Winter Word Search,9366454,Word Games (Books),50202
2026-05-06 06:46:26.449786,B0G5Z47WY7,Christmas Word Search,9365981,Holidays (Books),1069
2026-05-06 06:46:26.449788,B0G5Z47WY7,Christmas Word Search,9365981,Word Search Games,47467
2026-05-06 06:46:26.449789,B0G5Z47WY7,Christmas Word Search,9365981,Word Games (Books),50182
2026-05-06 06:46:42.638504,B0D2HQ2N8G,Cryptids Word Search Large Print,,,
2026-05-06 06:46:58.929198,B0CVNHV3CV,Cryptids Word Search,3802444,Ancient & Controversial Knowledge,3915
2026-05-06 06:46:58.929205,B0CVNHV3CV,Cryptids Word Search,3802444,Unexplained Mysteries (Books),5158
2026-05-06 06:46:58.929206,B0CVNHV3CV,Cryptids Word Search,3802444,Word Search Games,17098
2026-05-06 06:47:15.161398,B0D429W5H1,Sasquatch Word Search,3871028,Unexplained Mysteries (Books),5238
2026-05-06 06:47:15.161401,B0D429W5H1,Sasquatch Word Search,3871028,Word Search Games,17394
2026-05-06 06:47:15.161401,B0D429W5H1,Sasquatch Word Search,3871028,Word Games (Books),18914
2026-05-06 06:47:31.526529,B0D429WWSQ,Sasquatch Word Search,2454940,Unexplained Mysteries (Books),3689
2026-05-06 06:47:31.526533,B0D429WWSQ,Sasquatch Word Search,2454940,Word Search Games,10725
2026-05-06 06:47:31.526533,B0D429WWSQ,Sasquatch Word Search,2454940,Word Games (Books),11857
2026-05-06 06:47:47.752449,B0D22PKCGW,Alien Word Search Large Print,4105705,UFOs (Books),3430
2026-05-06 06:47:47.752452,B0D22PKCGW,Alien Word Search Large Print,4105705,Ancient & Controversial Knowledge,4165
2026-05-06 06:47:47.752453,B0D22PKCGW,Alien Word Search Large Print,4105705,Word Search Games,18507
2026-05-06 06:48:04.010525,B0CTPR6KZ4,Alien Word Search,2050720,UFOs (Books),2030
2026-05-06 06:48:04.010527,B0CTPR6KZ4,Alien Word Search,2050720,Ancient & Controversial Knowledge,2384
2026-05-06 06:48:04.010528,B0CTPR6KZ4,Alien Word Search,2050720,Word Search Games,8878
2026-05-06 09:42:14.141155,B0D97NFBG2,Weather Word Search,,,
2026-05-06 09:42:30.973626,B0D9B6HKC8,Space Word Search,9068421,Solar System (Books),827
2026-05-06 09:42:30.973628,B0D9B6HKC8,Space Word Search,9068421,Astronomy (Books),10392
2026-05-06 09:42:30.973629,B0D9B6HKC8,Space Word Search,9068421,Word Search Games,45239
2026-05-06 09:42:47.494563,B0D986WRQY,Ocean Word Search,,,
2026-05-06 09:43:03.785652,B0D9D6QJKD,Earth Science Word Search,,,
2026-05-06 09:43:20.305325,B0D9DRYQSH,Animal Word Search,,,
2026-05-06 09:43:40.007846,B0FPDF7GQV,Halloween Word Search,7594527,Holidays (Books),887
2026-05-06 09:43:40.007848,B0FPDF7GQV,Halloween Word Search,7594527,Customs & Traditions Social Sciences,5700
2026-05-06 09:43:40.007849,B0FPDF7GQV,Halloween Word Search,7594527,Ghosts & Hauntings,5876
2026-05-06 09:43:56.463194,B0DXP99LNN,Spring Word Search,6086986,Gardening & Landscape Design,26946
2026-05-06 09:43:56.463197,B0DXP99LNN,Spring Word Search,6086986,Word Search Games,29351
2026-05-06 09:43:56.463198,B0DXP99LNN,Spring Word Search,6086986,Word Games (Books),31420
2026-05-06 09:44:12.776831,B0F61TRMXM,Summer Word Search,,,
2026-05-06 09:44:29.215673,B0DTKGRKC2,Romance Word Search,8169593,Humorous Erotica (Books),22447
2026-05-06 09:44:29.215675,B0DTKGRKC2,Romance Word Search,8169593,Romantic Erotica (Books),36608
2026-05-06 09:44:29.215676,B0DTKGRKC2,Romance Word Search,8169593,Word Search Games,40858
2026-05-06 09:44:45.769238,B0DS5HPJ1M,Alien Adult Activity Book,1924091,UFOs (Books),1912
2026-05-06 09:44:45.769240,B0DS5HPJ1M,Alien Adult Activity Book,1924091,Logic & Brain Teasers (Books),4466
2026-05-06 09:44:45.769241,B0DS5HPJ1M,Alien Adult Activity Book,1924091,Puzzles (Books),8863
2026-05-06 09:45:02.347059,B0FJ8TFSZ1,Fall Word Search,6551761,Holidays (Books),765
2026-05-06 09:45:02.347061,B0FJ8TFSZ1,Fall Word Search,6551761,Word Search Games,31947
2026-05-06 09:45:02.347062,B0FJ8TFSZ1,Fall Word Search,6551761,Word Games (Books),34126
2026-05-06 09:45:18.988350,B0G4GQL5TG,Winter Word Search,9368390,Holidays (Books),1070
2026-05-06 09:45:18.988353,B0G4GQL5TG,Winter Word Search,9368390,Word Search Games,47416
2026-05-06 09:45:18.988354,B0G4GQL5TG,Winter Word Search,9368390,Word Games (Books),50130
2026-05-06 09:45:35.581058,B0G5Z47WY7,Christmas Word Search,9365828,Holidays (Books),1069
2026-05-06 09:45:35.581060,B0G5Z47WY7,Christmas Word Search,9365828,Word Search Games,47446
2026-05-06 09:45:35.581061,B0G5Z47WY7,Christmas Word Search,9365828,Word Games (Books),50159
2026-05-06 09:45:52.148134,B0D2HQ2N8G,Cryptids Word Search Large Print,,,
2026-05-06 09:46:08.592973,B0CVNHV3CV,Cryptids Word Search,3814249,Ancient & Controversial Knowledge,3922
2026-05-06 09:46:08.592975,B0CVNHV3CV,Cryptids Word Search,3814249,Unexplained Mysteries (Books),5170
2026-05-06 09:46:08.592976,B0CVNHV3CV,Cryptids Word Search,3814249,Word Search Games,17120
2026-05-06 09:46:25.005353,B0D429W5H1,Sasquatch Word Search,3870927,Unexplained Mysteries (Books),5238
2026-05-06 09:46:25.005355,B0D429W5H1,Sasquatch Word Search,3870927,Word Search Games,17390
2026-05-06 09:46:25.005355,B0D429W5H1,Sasquatch Word Search,3870927,Word Games (Books),18910
2026-05-06 09:46:41.378664,B0D429WWSQ,Sasquatch Word Search,2473741,Unexplained Mysteries (Books),3709
2026-05-06 09:46:41.378666,B0D429WWSQ,Sasquatch Word Search,2473741,Word Search Games,10800
2026-05-06 09:46:41.378667,B0D429WWSQ,Sasquatch Word Search,2473741,Word Games (Books),11942
2026-05-06 09:46:57.925463,B0D22PKCGW,Alien Word Search Large Print,4116433,UFOs (Books),3437
2026-05-06 09:46:57.925466,B0D22PKCGW,Alien Word Search Large Print,4116433,Ancient & Controversial Knowledge,4175
2026-05-06 09:46:57.925466,B0D22PKCGW,Alien Word Search Large Print,4116433,Word Search Games,18523
2026-05-06 09:47:14.623299,B0CTPR6KZ4,Alien Word Search,2073150,UFOs (Books),2047
2026-05-06 09:47:14.623301,B0CTPR6KZ4,Alien Word Search,2073150,Ancient & Controversial Knowledge,2397
2026-05-06 09:47:14.623301,B0CTPR6KZ4,Alien Word Search,2073150,Word Search Games,8971
2026-05-06 12:02:43.715948,B0D3XXZRRC,Witches Word Search,,,
2026-05-06 12:03:00.531840,B0D3XXY1HV,Witches Word Search Large Print,,,
2026-05-06 12:03:16.816340,B0G43ZNNRX,Weather Word Search Large Print,,,
2026-05-06 12:03:33.380247,B0D97NFBG2,Weather Word Search,1961356,Natural Disasters (Books),655
2026-05-06 12:03:33.380253,B0D97NFBG2,Weather Word Search,1961356,Weather (Books),1094
2026-05-06 12:03:33.380254,B0D97NFBG2,Weather Word Search,1961356,Word Search Games,8465
2026-05-06 12:03:49.665809,B0D9B6HKC8,Space Word Search,9071580,Solar System (Books),827
2026-05-06 12:03:49.665811,B0D9B6HKC8,Space Word Search,9071580,Astronomy (Books),10394
2026-05-06 12:03:49.665811,B0D9B6HKC8,Space Word Search,9071580,Word Search Games,45147
2026-05-06 12:04:06.087630,B0D986WRQY,Ocean Word Search,,,
2026-05-06 12:04:22.636321,B0D9D6QJKD,Earth Science Word Search,,,
2026-05-06 12:04:39.016721,B0D9DRYQSH,Animal Word Search,,,
2026-05-06 12:04:55.455047,B0FPDF7GQV,Halloween Word Search,7599395,Holidays (Books),884
2026-05-06 12:04:55.455050,B0FPDF7GQV,Halloween Word Search,7599395,Customs & Traditions Social Sciences,5698
2026-05-06 12:04:55.455050,B0FPDF7GQV,Halloween Word Search,7599395,Ghosts & Hauntings,5876
2026-05-06 12:05:11.935901,B0DXP99LNN,Spring Word Search,6094484,Gardening & Landscape Design,26943
2026-05-06 12:05:11.935904,B0DXP99LNN,Spring Word Search,6094484,Word Search Games,29316
2026-05-06 12:05:11.935905,B0DXP99LNN,Spring Word Search,6094484,Word Games (Books),31384
2026-05-06 12:05:28.290946,B0F61TRMXM,Summer Word Search,,,
2026-05-06 12:05:44.600971,B0DTKGRKC2,Romance Word Search,8173811,Humorous Erotica (Books),22447
2026-05-06 12:05:44.600973,B0DTKGRKC2,Romance Word Search,8173811,Romantic Erotica (Books),36608
2026-05-06 12:05:44.600974,B0DTKGRKC2,Romance Word Search,8173811,Word Search Games,40774
2026-05-06 12:06:01.064868,B0DS5HPJ1M,Alien Adult Activity Book,1950520,UFOs (Books),1931
2026-05-06 12:06:01.064871,B0DS5HPJ1M,Alien Adult Activity Book,1950520,Logic & Brain Teasers (Books),4508
2026-05-06 12:06:01.064872,B0DS5HPJ1M,Alien Adult Activity Book,1950520,Puzzles (Books),8986
2026-05-06 12:06:17.605837,B0FJ8TFSZ1,Fall Word Search,6553066,Holidays (Books),763
2026-05-06 12:06:17.605840,B0FJ8TFSZ1,Fall Word Search,6553066,Word Search Games,31913
2026-05-06 12:06:17.605840,B0FJ8TFSZ1,Fall Word Search,6553066,Word Games (Books),34089
2026-05-06 12:06:34.156923,B0G4GQL5TG,Winter Word Search,9369114,Holidays (Books),1068
2026-05-06 12:06:34.156927,B0G4GQL5TG,Winter Word Search,9369114,Word Search Games,47370
2026-05-06 12:06:34.156929,B0G4GQL5TG,Winter Word Search,9369114,Word Games (Books),50082
2026-05-06 12:06:50.712419,B0G5Z47WY7,Christmas Word Search,9368642,Holidays (Books),1067
2026-05-06 12:06:50.712422,B0G5Z47WY7,Christmas Word Search,9368642,Word Search Games,47351
2026-05-06 12:06:50.712423,B0G5Z47WY7,Christmas Word Search,9368642,Word Games (Books),50062
2026-05-06 12:07:07.063417,B0D2HQ2N8G,Cryptids Word Search Large Print,,,
2026-05-06 12:07:23.686289,B0CVNHV3CV,Cryptids Word Search,3816164,Ancient & Controversial Knowledge,3922
2026-05-06 12:07:23.686292,B0CVNHV3CV,Cryptids Word Search,3816164,Unexplained Mysteries (Books),5170
2026-05-06 12:07:23.686293,B0CVNHV3CV,Cryptids Word Search,3816164,Word Search Games,17104
2026-05-06 12:07:39.925615,B0D429W5H1,Sasquatch Word Search,3884551,Unexplained Mysteries (Books),5248
2026-05-06 12:07:39.925617,B0D429W5H1,Sasquatch Word Search,3884551,Word Search Games,17393
2026-05-06 12:07:39.925618,B0D429W5H1,Sasquatch Word Search,3884551,Word Games (Books),18916
2026-05-06 12:07:56.377955,B0D429WWSQ,Sasquatch Word Search,2475950,Unexplained Mysteries (Books),3709
2026-05-06 12:07:56.377957,B0D429WWSQ,Sasquatch Word Search,2475950,Word Search Games,10790
2026-05-06 12:07:56.377958,B0D429WWSQ,Sasquatch Word Search,2475950,Word Games (Books),11930
2026-05-06 12:08:12.798537,B0D22PKCGW,Alien Word Search Large Print,4118279,UFOs (Books),3435
2026-05-06 12:08:12.798539,B0D22PKCGW,Alien Word Search Large Print,4118279,Ancient & Controversial Knowledge,4175
2026-05-06 12:08:12.798540,B0D22PKCGW,Alien Word Search Large Print,4118279,Word Search Games,18505
2026-05-06 12:08:29.284613,B0CTPR6KZ4,Alien Word Search,2075471,UFOs (Books),2047
2026-05-06 12:08:29.284616,B0CTPR6KZ4,Alien Word Search,2075471,Ancient & Controversial Knowledge,2397
2026-05-06 12:08:29.284616,B0CTPR6KZ4,Alien Word Search,2075471,Word Search Games,8962
2026-05-06 14:40:33.468789,B0CSZDC243,Haunted Word Search,,,
2026-05-06 14:40:50.248236,B0D3XXZRRC,Witches Word Search,5994847,Witchcraft Religion & Spirituality,7142
2026-05-06 14:40:50.248238,B0D3XXZRRC,Witches Word Search,5994847,Spiritualism,10214
2026-05-06 14:40:50.248239,B0D3XXZRRC,Witches Word Search,5994847,Word Search Games,28783
2026-05-06 14:41:06.581328,B0D3XXY1HV,Witches Word Search Large Print,,,
2026-05-06 14:41:22.794498,B0G43ZNNRX,Weather Word Search Large Print,,,
2026-05-06 14:41:39.075664,B0D97NFBG2,Weather Word Search,1961704,Natural Disasters (Books),655
2026-05-06 14:41:39.075666,B0D97NFBG2,Weather Word Search,1961704,Weather (Books),1094
2026-05-06 14:41:39.075667,B0D97NFBG2,Weather Word Search,1961704,Word Search Games,8473
2026-05-06 14:41:55.399881,B0D9B6HKC8,Space Word Search,9071751,Solar System (Books),827
2026-05-06 14:41:55.399883,B0D9B6HKC8,Space Word Search,9071751,Astronomy (Books),10393
2026-05-06 14:41:55.399883,B0D9B6HKC8,Space Word Search,9071751,Word Search Games,45170
2026-05-06 14:42:12.238988,B0D986WRQY,Ocean Word Search,,,
2026-05-06 14:42:28.446213,B0D9D6QJKD,Earth Science Word Search,,,
2026-05-06 14:42:44.485003,B0D9DRYQSH,Animal Word Search,,,
2026-05-06 14:43:00.600596,B0FPDF7GQV,Halloween Word Search,7599709,Holidays (Books),886
2026-05-06 14:43:00.600598,B0FPDF7GQV,Halloween Word Search,7599709,Customs & Traditions Social Sciences,5697
2026-05-06 14:43:00.600599,B0FPDF7GQV,Halloween Word Search,7599709,Ghosts & Hauntings,5875
2026-05-06 14:43:17.061607,B0DXP99LNN,Spring Word Search,6094904,Gardening & Landscape Design,26937
2026-05-06 14:43:17.061610,B0DXP99LNN,Spring Word Search,6094904,Word Search Games,29336
2026-05-06 14:43:17.061611,B0DXP99LNN,Spring Word Search,6094904,Word Games (Books),31404
2026-05-06 14:43:33.148517,B0F61TRMXM,Summer Word Search,,,
2026-05-06 14:43:49.323564,B0DTKGRKC2,Romance Word Search,8174078,Humorous Erotica (Books),22474
2026-05-06 14:43:49.323566,B0DTKGRKC2,Romance Word Search,8174078,Romantic Erotica (Books),36603
2026-05-06 14:43:49.323567,B0DTKGRKC2,Romance Word Search,8174078,Word Search Games,40797
2026-05-06 14:44:05.533877,B0DS5HPJ1M,Alien Adult Activity Book,1950865,UFOs (Books),1930
2026-05-06 14:44:05.533879,B0DS5HPJ1M,Alien Adult Activity Book,1950865,Logic & Brain Teasers (Books),4511
2026-05-06 14:44:05.533880,B0DS5HPJ1M,Alien Adult Activity Book,1950865,Puzzles (Books),8987
2026-05-06 14:44:21.784927,B0FJ8TFSZ1,Fall Word Search,6553447,Holidays (Books),765
2026-05-06 14:44:21.784930,B0FJ8TFSZ1,Fall Word Search,6553447,Word Search Games,31935
2026-05-06 14:44:21.784930,B0FJ8TFSZ1,Fall Word Search,6553447,Word Games (Books),34111
2026-05-06 14:44:38.512209,B0G4GQL5TG,Winter Word Search,9369225,Holidays (Books),1070
2026-05-06 14:44:38.512210,B0G4GQL5TG,Winter Word Search,9369225,Word Search Games,47393
2026-05-06 14:44:38.512211,B0G4GQL5TG,Winter Word Search,9369225,Word Games (Books),50105
2026-05-06 14:44:54.905246,B0G5Z47WY7,Christmas Word Search,9368753,Holidays (Books),1069
2026-05-06 14:44:54.905248,B0G5Z47WY7,Christmas Word Search,9368753,Word Search Games,47374
2026-05-06 14:44:54.905248,B0G5Z47WY7,Christmas Word Search,9368753,Word Games (Books),50085
2026-05-06 14:45:10.931472,B0D2HQ2N8G,Cryptids Word Search Large Print,,,
2026-05-06 14:45:27.191827,B0CVNHV3CV,Cryptids Word Search,3816612,Ancient & Controversial Knowledge,3921
2026-05-06 14:45:27.191828,B0CVNHV3CV,Cryptids Word Search,3816612,Unexplained Mysteries (Books),5171
2026-05-06 14:45:27.191829,B0CVNHV3CV,Cryptids Word Search,3816612,Word Search Games,17115
2026-05-06 14:45:43.464667,B0D429W5H1,Sasquatch Word Search,3884995,Unexplained Mysteries (Books),5249
2026-05-06 14:45:43.464669,B0D429W5H1,Sasquatch Word Search,3884995,Word Search Games,17405
2026-05-06 14:45:43.464670,B0D429W5H1,Sasquatch Word Search,3884995,Word Games (Books),18929
2026-05-06 14:45:59.772807,B0D429WWSQ,Sasquatch Word Search,2476354,Unexplained Mysteries (Books),3710
2026-05-06 14:45:59.772813,B0D429WWSQ,Sasquatch Word Search,2476354,Word Search Games,10798
2026-05-06 14:45:59.772813,B0D429WWSQ,Sasquatch Word Search,2476354,Word Games (Books),11939
2026-05-06 14:46:16.198872,B0D22PKCGW,Alien Word Search Large Print,4118740,UFOs (Books),3434
2026-05-06 14:46:16.198878,B0D22PKCGW,Alien Word Search Large Print,4118740,Ancient & Controversial Knowledge,4174
2026-05-06 14:46:16.198879,B0D22PKCGW,Alien Word Search Large Print,4118740,Word Search Games,18518
2026-05-06 14:46:32.773111,B0CTPR6KZ4,Alien Word Search,2075830,UFOs (Books),2046
2026-05-06 14:46:32.773115,B0CTPR6KZ4,Alien Word Search,2075830,Ancient & Controversial Knowledge,2396
2026-05-06 14:46:32.773115,B0CTPR6KZ4,Alien Word Search,2075830,Word Search Games,8971
2026-05-06 16:54:11.187363,B0CSZDC243,Haunted Word Search,,,
2026-05-06 16:54:28.087904,B0D3XXZRRC,Witches Word Search,5999012,Witchcraft Religion & Spirituality,7138
2026-05-06 16:54:28.087907,B0D3XXZRRC,Witches Word Search,5999012,Spiritualism,10223
2026-05-06 16:54:28.087908,B0D3XXZRRC,Witches Word Search,5999012,Word Search Games,28691
2026-05-06 16:54:44.582849,B0D3XXY1HV,Witches Word Search Large Print,,,
2026-05-06 16:55:00.831073,B0G43ZNNRX,Weather Word Search Large Print,,,
2026-05-06 16:55:17.203108,B0D97NFBG2,Weather Word Search,1978824,Natural Disasters (Books),661
2026-05-06 16:55:17.203111,B0D97NFBG2,Weather Word Search,1978824,Weather (Books),1115
2026-05-06 16:55:17.203112,B0D97NFBG2,Weather Word Search,1978824,Word Search Games,8517
2026-05-06 16:55:34.181382,B0D9B6HKC8,Space Word Search,9072776,Solar System (Books),829
2026-05-06 16:55:34.181385,B0D9B6HKC8,Space Word Search,9072776,Astronomy (Books),10381
2026-05-06 16:55:34.181386,B0D9B6HKC8,Space Word Search,9072776,Word Search Games,45043
2026-05-06 16:55:50.517167,B0D986WRQY,Ocean Word Search,,,
2026-05-06 16:56:06.848778,B0D9D6QJKD,Earth Science Word Search,,,
2026-05-06 16:56:23.185232,B0D9DRYQSH,Animal Word Search,,,
2026-05-06 16:56:39.518848,B0FPDF7GQV,Halloween Word Search,7601995,Holidays (Books),885
2026-05-06 16:56:39.518850,B0FPDF7GQV,Halloween Word Search,7601995,Customs & Traditions Social Sciences,5703
2026-05-06 16:56:39.518851,B0FPDF7GQV,Halloween Word Search,7601995,Ghosts & Hauntings,5871
2026-05-06 16:56:56.066750,B0DXP99LNN,Spring Word Search,6098927,Gardening & Landscape Design,26949
2026-05-06 16:56:56.066756,B0DXP99LNN,Spring Word Search,6098927,Word Search Games,29240
2026-05-06 16:56:56.066757,B0DXP99LNN,Spring Word Search,6098927,Word Games (Books),31295
2026-05-06 16:57:12.552820,B0F61TRMXM,Summer Word Search,,,
2026-05-06 16:57:28.695460,B0DTKGRKC2,Romance Word Search,8175829,Humorous Erotica (Books),22464
2026-05-06 16:57:28.695462,B0DTKGRKC2,Romance Word Search,8175829,Romantic Erotica (Books),36587
2026-05-06 16:57:28.695463,B0DTKGRKC2,Romance Word Search,8175829,Word Search Games,40681
2026-05-06 16:57:45.018253,B0DS5HPJ1M,Alien Adult Activity Book,1968095,UFOs (Books),1943
2026-05-06 16:57:45.018256,B0DS5HPJ1M,Alien Adult Activity Book,1968095,Logic & Brain Teasers (Books),4524
2026-05-06 16:57:45.018256,B0DS5HPJ1M,Alien Adult Activity Book,1968095,Puzzles (Books),9026
2026-05-06 16:58:01.394084,B0FJ8TFSZ1,Fall Word Search,6556883,Holidays (Books),764
2026-05-06 16:58:01.394086,B0FJ8TFSZ1,Fall Word Search,6556883,Word Search Games,31834
2026-05-06 16:58:01.394087,B0FJ8TFSZ1,Fall Word Search,6556883,Word Games (Books),33999
2026-05-06 16:58:17.846554,B0G4GQL5TG,Winter Word Search,9370045,Holidays (Books),1069
2026-05-06 16:58:17.846556,B0G4GQL5TG,Winter Word Search,9370045,Word Search Games,47262
2026-05-06 16:58:17.846557,B0G4GQL5TG,Winter Word Search,9370045,Word Games (Books),49962
2026-05-06 16:58:34.482966,B0G5Z47WY7,Christmas Word Search,9369573,Holidays (Books),1068
2026-05-06 16:58:34.482969,B0G5Z47WY7,Christmas Word Search,9369573,Word Search Games,47243
2026-05-06 16:58:34.482969,B0G5Z47WY7,Christmas Word Search,9369573,Word Games (Books),49942
2026-05-06 16:58:50.810873,B0D2HQ2N8G,Cryptids Word Search Large Print,,,
2026-05-06 16:59:07.191003,B0CVNHV3CV,Cryptids Word Search,3825271,Ancient & Controversial Knowledge,3925
2026-05-06 16:59:07.191005,B0CVNHV3CV,Cryptids Word Search,3825271,Unexplained Mysteries (Books),5178
2026-05-06 16:59:07.191005,B0CVNHV3CV,Cryptids Word Search,3825271,Word Search Games,17077
2026-05-06 16:59:23.543723,B0D429W5H1,Sasquatch Word Search,3893448,Unexplained Mysteries (Books),5256
2026-05-06 16:59:23.543725,B0D429W5H1,Sasquatch Word Search,3893448,Word Search Games,17364
2026-05-06 16:59:23.543726,B0D429W5H1,Sasquatch Word Search,3893448,Word Games (Books),18877
2026-05-06 16:59:40.088674,B0D429WWSQ,Sasquatch Word Search,2490034,Unexplained Mysteries (Books),3722
2026-05-06 16:59:40.088676,B0D429WWSQ,Sasquatch Word Search,2490034,Word Search Games,10813
2026-05-06 16:59:40.088677,B0D429WWSQ,Sasquatch Word Search,2490034,Word Games (Books),11945
2026-05-06 16:59:56.558847,B0D22PKCGW,Alien Word Search Large Print,4126586,UFOs (Books),3444
2026-05-06 16:59:56.558849,B0D22PKCGW,Alien Word Search Large Print,4126586,Ancient & Controversial Knowledge,4177
2026-05-06 16:59:56.558850,B0D22PKCGW,Alien Word Search Large Print,4126586,Word Search Games,18461
2026-05-06 17:00:12.941801,B0CTPR6KZ4,Alien Word Search,2091998,UFOs (Books),2059
2026-05-06 17:00:12.941803,B0CTPR6KZ4,Alien Word Search,2091998,Ancient & Controversial Knowledge,2404
2026-05-06 17:00:12.941804,B0CTPR6KZ4,Alien Word Search,2091998,Word Search Games,9006
2026-05-06 18:26:07.928939,B0D9JQ33BX,Paranormal Word Search,,,
2026-05-06 18:26:24.939262,B0D1MYMVCC,Haunted Word Search Large Print,,,
2026-05-06 18:26:41.300271,B0CSZDC243,Haunted Word Search,6799670,Ghosts & Hauntings,5513
2026-05-06 18:26:41.300273,B0CSZDC243,Haunted Word Search,6799670,Psychic Phenomena,7028
2026-05-06 18:26:41.300274,B0CSZDC243,Haunted Word Search,6799670,Supernaturalism (Books),8512
2026-05-06 18:26:57.684829,B0D3XXZRRC,Witches Word Search,6001780,Witchcraft Religion & Spirituality,7153
2026-05-06 18:26:57.684834,B0D3XXZRRC,Witches Word Search,6001780,Spiritualism,10224
2026-05-06 18:26:57.684835,B0D3XXZRRC,Witches Word Search,6001780,Word Search Games,28818
2026-05-06 18:27:13.821484,B0D3XXY1HV,Witches Word Search Large Print,,,
2026-05-06 18:27:30.135576,B0G43ZNNRX,Weather Word Search Large Print,,,
2026-05-06 18:27:46.503008,B0D97NFBG2,Weather Word Search,1980279,Natural Disasters (Books),661
2026-05-06 18:27:46.503010,B0D97NFBG2,Weather Word Search,1980279,Weather (Books),1115
2026-05-06 18:27:46.503011,B0D97NFBG2,Weather Word Search,1980279,Word Search Games,8570
2026-05-06 18:28:02.922150,B0D9B6HKC8,Space Word Search,9076255,Solar System (Books),829
2026-05-06 18:28:02.922153,B0D9B6HKC8,Space Word Search,9076255,Astronomy (Books),10391
2026-05-06 18:28:02.922154,B0D9B6HKC8,Space Word Search,9076255,Word Search Games,45195
2026-05-06 18:28:19.379840,B0D986WRQY,Ocean Word Search,,,
2026-05-06 18:28:35.755200,B0D9D6QJKD,Earth Science Word Search,,,
2026-05-06 18:28:52.053145,B0D9DRYQSH,Animal Word Search,,,
2026-05-06 18:29:08.268936,B0FPDF7GQV,Halloween Word Search,7605149,Holidays (Books),886
2026-05-06 18:29:08.268939,B0FPDF7GQV,Halloween Word Search,7605149,Customs & Traditions Social Sciences,5706
2026-05-06 18:29:08.268939,B0FPDF7GQV,Halloween Word Search,7605149,Ghosts & Hauntings,5871
2026-05-06 18:29:24.528429,B0DXP99LNN,Spring Word Search,6101719,Gardening & Landscape Design,26981
2026-05-06 18:29:24.528431,B0DXP99LNN,Spring Word Search,6101719,Word Search Games,29369
2026-05-06 18:29:24.528432,B0DXP99LNN,Spring Word Search,6101719,Word Games (Books),31436
2026-05-06 18:29:40.558656,B0F61TRMXM,Summer Word Search,,,
2026-05-06 18:29:56.682388,B0DTKGRKC2,Romance Word Search,8179118,Humorous Erotica (Books),22484
2026-05-06 18:29:56.682391,B0DTKGRKC2,Romance Word Search,8179118,Romantic Erotica (Books),36604
2026-05-06 18:29:56.682391,B0DTKGRKC2,Romance Word Search,8179118,Word Search Games,40825
2026-05-06 18:30:13.025323,B0DS5HPJ1M,Alien Adult Activity Book,1969540,UFOs (Books),1943
2026-05-06 18:30:13.025325,B0DS5HPJ1M,Alien Adult Activity Book,1969540,Logic & Brain Teasers (Books),4540
2026-05-06 18:30:13.025326,B0DS5HPJ1M,Alien Adult Activity Book,1969540,Puzzles (Books),9075
2026-05-06 18:30:29.356994,B0FJ8TFSZ1,Fall Word Search,6559792,Holidays (Books),765
2026-05-06 18:30:29.356996,B0FJ8TFSZ1,Fall Word Search,6559792,Word Search Games,31965
2026-05-06 18:30:29.356997,B0FJ8TFSZ1,Fall Word Search,6559792,Word Games (Books),34142
2026-05-06 18:30:45.754746,B0G4GQL5TG,Winter Word Search,9373664,Holidays (Books),1070
2026-05-06 18:30:45.754778,B0G4GQL5TG,Winter Word Search,9373664,Word Search Games,47418
2026-05-06 18:30:45.754779,B0G4GQL5TG,Winter Word Search,9373664,Word Games (Books),50130
2026-05-06 18:31:02.193583,B0G5Z47WY7,Christmas Word Search,9373192,Holidays (Books),1069
2026-05-06 18:31:02.193585,B0G5Z47WY7,Christmas Word Search,9373192,Word Search Games,47399
2026-05-06 18:31:02.193585,B0G5Z47WY7,Christmas Word Search,9373192,Word Games (Books),50110
2026-05-06 18:31:18.344564,B0D2HQ2N8G,Cryptids Word Search Large Print,,,
2026-05-06 18:31:34.703383,B0CVNHV3CV,Cryptids Word Search,3827352,Ancient & Controversial Knowledge,3928
2026-05-06 18:31:34.703385,B0CVNHV3CV,Cryptids Word Search,3827352,Unexplained Mysteries (Books),5179
2026-05-06 18:31:34.703385,B0CVNHV3CV,Cryptids Word Search,3827352,Word Search Games,17172
2026-05-06 18:31:50.838378,B0D429W5H1,Sasquatch Word Search,3895552,Unexplained Mysteries (Books),5257
2026-05-06 18:31:50.838380,B0D429W5H1,Sasquatch Word Search,3895552,Word Search Games,17462
2026-05-06 18:31:50.838381,B0D429W5H1,Sasquatch Word Search,3895552,Word Games (Books),18987
2026-05-06 18:32:07.126527,B0D429WWSQ,Sasquatch Word Search,2491661,Unexplained Mysteries (Books),3723
2026-05-06 18:32:07.126529,B0D429WWSQ,Sasquatch Word Search,2491661,Word Search Games,10877
2026-05-06 18:32:07.126530,B0D429WWSQ,Sasquatch Word Search,2491661,Word Games (Books),12020
2026-05-06 18:32:23.522903,B0D22PKCGW,Alien Word Search Large Print,4128764,UFOs (Books),3444
2026-05-06 18:32:23.522905,B0D22PKCGW,Alien Word Search Large Print,4128764,Ancient & Controversial Knowledge,4180
2026-05-06 18:32:23.522905,B0D22PKCGW,Alien Word Search Large Print,4128764,Word Search Games,18566
2026-05-06 18:32:39.770576,B0CTPR6KZ4,Alien Word Search,2093496,UFOs (Books),2059
2026-05-06 18:32:39.770578,B0CTPR6KZ4,Alien Word Search,2093496,Ancient & Controversial Knowledge,2405
2026-05-06 18:32:39.770579,B0CTPR6KZ4,Alien Word Search,2093496,Word Search Games,9061
2026-05-06 20:58:25.545000,B0FPDF7GQV,Halloween Word Search,7605139,Holidays (Books),886
2026-05-06 20:58:25.545005,B0FPDF7GQV,Halloween Word Search,7605139,Customs & Traditions Social Sciences,5710
2026-05-06 20:58:25.545006,B0FPDF7GQV,Halloween Word Search,7605139,Ghosts & Hauntings,5873
2026-05-06 20:58:41.723917,B0DXP99LNN,Spring Word Search,6101687,Gardening & Landscape Design,27025
2026-05-06 20:58:41.723919,B0DXP99LNN,Spring Word Search,6101687,Word Search Games,29398
2026-05-06 20:58:41.723920,B0DXP99LNN,Spring Word Search,6101687,Word Games (Books),31467
2026-05-06 20:58:57.796081,B0F61TRMXM,Summer Word Search,,,
2026-05-06 20:59:14.107137,B0DTKGRKC2,Romance Word Search,8179110,Humorous Erotica (Books),22489
2026-05-06 20:59:14.107139,B0DTKGRKC2,Romance Word Search,8179110,Romantic Erotica (Books),36619
2026-05-06 20:59:14.107140,B0DTKGRKC2,Romance Word Search,8179110,Word Search Games,40856
2026-05-06 20:59:30.234860,B0DS5HPJ1M,Alien Adult Activity Book,1969521,UFOs (Books),1945
2026-05-06 20:59:30.234862,B0DS5HPJ1M,Alien Adult Activity Book,1969521,Logic & Brain Teasers (Books),4553
2026-05-06 20:59:30.234863,B0DS5HPJ1M,Alien Adult Activity Book,1969521,Puzzles (Books),9102
2026-05-06 20:59:46.543008,B0FJ8TFSZ1,Fall Word Search,6559759,Holidays (Books),765
2026-05-06 20:59:46.543010,B0FJ8TFSZ1,Fall Word Search,6559759,Word Search Games,31996
2026-05-06 20:59:46.543011,B0FJ8TFSZ1,Fall Word Search,6559759,Word Games (Books),34175
2026-05-06 21:00:02.782381,B0G4GQL5TG,Winter Word Search,9373672,Holidays (Books),1070
2026-05-06 21:00:02.782383,B0G4GQL5TG,Winter Word Search,9373672,Word Search Games,47453
2026-05-06 21:00:02.782384,B0G4GQL5TG,Winter Word Search,9373672,Word Games (Books),50167
2026-05-06 21:00:19.014618,B0G5Z47WY7,Christmas Word Search,9373200,Holidays (Books),1069
2026-05-06 21:00:19.014621,B0G5Z47WY7,Christmas Word Search,9373200,Word Search Games,47434
2026-05-06 21:00:19.014622,B0G5Z47WY7,Christmas Word Search,9373200,Word Games (Books),50147
2026-05-06 21:00:35.210849,B0D2HQ2N8G,Cryptids Word Search Large Print,,,
2026-05-06 21:00:51.437531,B0CVNHV3CV,Cryptids Word Search,3827317,Ancient & Controversial Knowledge,3932
2026-05-06 21:00:51.437533,B0CVNHV3CV,Cryptids Word Search,3827317,Unexplained Mysteries (Books),5179
2026-05-06 21:00:51.437534,B0CVNHV3CV,Cryptids Word Search,3827317,Word Search Games,17200
2026-05-06 21:01:07.581428,B0D429W5H1,Sasquatch Word Search,3895517,Unexplained Mysteries (Books),5257
2026-05-06 21:01:07.581430,B0D429W5H1,Sasquatch Word Search,3895517,Word Search Games,17490
2026-05-06 21:01:07.581430,B0D429W5H1,Sasquatch Word Search,3895517,Word Games (Books),19017
2026-05-06 21:01:23.833703,B0D429WWSQ,Sasquatch Word Search,2491643,Unexplained Mysteries (Books),3723
2026-05-06 21:01:23.833705,B0D429WWSQ,Sasquatch Word Search,2491643,Word Search Games,10905
2026-05-06 21:01:23.833706,B0D429WWSQ,Sasquatch Word Search,2491643,Word Games (Books),12050
2026-05-06 21:01:40.089478,B0D22PKCGW,Alien Word Search Large Print,4128730,UFOs (Books),3446
2026-05-06 21:01:40.089480,B0D22PKCGW,Alien Word Search Large Print,4128730,Ancient & Controversial Knowledge,4184
2026-05-06 21:01:40.089480,B0D22PKCGW,Alien Word Search Large Print,4128730,Word Search Games,18595
2026-05-06 21:01:56.253424,B0CTPR6KZ4,Alien Word Search,2093481,UFOs (Books),2061
2026-05-06 21:01:56.253426,B0CTPR6KZ4,Alien Word Search,2093481,Ancient & Controversial Knowledge,2409
2026-05-06 21:01:56.253427,B0CTPR6KZ4,Alien Word Search,2093481,Word Search Games,9089
2026-05-06 22:09:25.809199,B0D3XXZRRC,Witches Word Search,6006705,Witchcraft Religion & Spirituality,7157
2026-05-06 22:09:25.809202,B0D3XXZRRC,Witches Word Search,6006705,Spiritualism,10232
2026-05-06 22:09:25.809203,B0D3XXZRRC,Witches Word Search,6006705,Word Search Games,28854
2026-05-06 22:09:42.131359,B0D3XXY1HV,Witches Word Search Large Print,,,
2026-05-06 22:09:58.324435,B0G43ZNNRX,Weather Word Search Large Print,,,
2026-05-06 22:10:14.685421,B0D97NFBG2,Weather Word Search,1995918,Natural Disasters (Books),668
2026-05-06 22:10:14.685424,B0D97NFBG2,Weather Word Search,1995918,Weather (Books),1136
2026-05-06 22:10:14.685425,B0D97NFBG2,Weather Word Search,1995918,Word Search Games,8640
2026-05-06 22:10:31.116770,B0D9B6HKC8,Space Word Search,9079301,Solar System (Books),825
2026-05-06 22:10:31.116772,B0D9B6HKC8,Space Word Search,9079301,Astronomy (Books),10408
2026-05-06 22:10:31.116773,B0D9B6HKC8,Space Word Search,9079301,Word Search Games,45236
2026-05-06 22:10:47.600540,B0D986WRQY,Ocean Word Search,,,
2026-05-06 22:11:04.120443,B0D9D6QJKD,Earth Science Word Search,,,
2026-05-06 22:11:20.442271,B0D9DRYQSH,Animal Word Search,,,
2026-05-06 22:11:36.622277,B0FPDF7GQV,Halloween Word Search,7608837,Holidays (Books),886
2026-05-06 22:11:36.622280,B0FPDF7GQV,Halloween Word Search,7608837,Customs & Traditions Social Sciences,5711
2026-05-06 22:11:36.622281,B0FPDF7GQV,Halloween Word Search,7608837,Ghosts & Hauntings,5873
2026-05-06 22:11:53.001922,B0DXP99LNN,Spring Word Search,6106544,Gardening & Landscape Design,27041
2026-05-06 22:11:53.001925,B0DXP99LNN,Spring Word Search,6106544,Word Search Games,29405
2026-05-06 22:11:53.001926,B0DXP99LNN,Spring Word Search,6106544,Word Games (Books),31475
2026-05-06 22:12:09.236331,B0F61TRMXM,Summer Word Search,,,
2026-05-06 22:12:25.662148,B0DTKGRKC2,Romance Word Search,8182522,Humorous Erotica (Books),22488
2026-05-06 22:12:25.662150,B0DTKGRKC2,Romance Word Search,8182522,Romantic Erotica (Books),36627
2026-05-06 22:12:25.662151,B0DTKGRKC2,Romance Word Search,8182522,Word Search Games,40862
2026-05-06 22:12:41.950933,B0DS5HPJ1M,Alien Adult Activity Book,1985287,UFOs (Books),1954
2026-05-06 22:12:41.950936,B0DS5HPJ1M,Alien Adult Activity Book,1985287,Logic & Brain Teasers (Books),4572
2026-05-06 22:12:41.950937,B0DS5HPJ1M,Alien Adult Activity Book,1985287,Puzzles (Books),9146
2026-05-06 22:12:58.388811,B0FJ8TFSZ1,Fall Word Search,6564212,Holidays (Books),765
2026-05-06 22:12:58.388813,B0FJ8TFSZ1,Fall Word Search,6564212,Word Search Games,32001
2026-05-06 22:12:58.388814,B0FJ8TFSZ1,Fall Word Search,6564212,Word Games (Books),34181
2026-05-06 22:13:14.736074,B0G4GQL5TG,Winter Word Search,9376623,Holidays (Books),1070
2026-05-06 22:13:14.736076,B0G4GQL5TG,Winter Word Search,9376623,Word Search Games,47461
2026-05-06 22:13:14.736077,B0G4GQL5TG,Winter Word Search,9376623,Word Games (Books),50175
2026-05-06 22:13:31.038704,B0G5Z47WY7,Christmas Word Search,9376151,Holidays (Books),1069
2026-05-06 22:13:31.038707,B0G5Z47WY7,Christmas Word Search,9376151,Word Search Games,47442
2026-05-06 22:13:31.038708,B0G5Z47WY7,Christmas Word Search,9376151,Word Games (Books),50155
2026-05-06 22:13:47.279313,B0D2HQ2N8G,Cryptids Word Search Large Print,,,
2026-05-06 22:14:03.549772,B0CVNHV3CV,Cryptids Word Search,3835553,Ancient & Controversial Knowledge,3938
2026-05-06 22:14:03.549774,B0CVNHV3CV,Cryptids Word Search,3835553,Unexplained Mysteries (Books),5185
2026-05-06 22:14:03.549775,B0CVNHV3CV,Cryptids Word Search,3835553,Word Search Games,17216
2026-05-06 22:14:19.874777,B0D429W5H1,Sasquatch Word Search,3903565,Unexplained Mysteries (Books),5263
2026-05-06 22:14:19.874780,B0D429W5H1,Sasquatch Word Search,3903565,Word Search Games,17506
2026-05-06 22:14:19.874780,B0D429W5H1,Sasquatch Word Search,3903565,Word Games (Books),19035
2026-05-06 22:14:36.145525,B0D429WWSQ,Sasquatch Word Search,2504170,Unexplained Mysteries (Books),3737
2026-05-06 22:14:36.145527,B0D429WWSQ,Sasquatch Word Search,2504170,Word Search Games,10939
2026-05-06 22:14:36.145528,B0D429WWSQ,Sasquatch Word Search,2504170,Word Games (Books),12088
2026-05-06 22:14:52.455778,B0D22PKCGW,Alien Word Search Large Print,4136301,UFOs (Books),3447
2026-05-06 22:14:52.455781,B0D22PKCGW,Alien Word Search Large Print,4136301,Ancient & Controversial Knowledge,4189
2026-05-06 22:14:52.455781,B0D22PKCGW,Alien Word Search Large Print,4136301,Word Search Games,18609
2026-05-06 22:15:08.710252,B0CTPR6KZ4,Alien Word Search,2108253,UFOs (Books),2068
2026-05-06 22:15:08.710254,B0CTPR6KZ4,Alien Word Search,2108253,Ancient & Controversial Knowledge,2423
2026-05-06 22:15:08.710255,B0CTPR6KZ4,Alien Word Search,2108253,Word Search Games,9127
2026-05-07 00:01:06.659880,B0D1MYMVCC,Haunted Word Search Large Print,,,
2026-05-07 00:01:23.520914,B0CSZDC243,Haunted Word Search,6804694,Ghosts & Hauntings,5515
2026-05-07 00:01:23.520916,B0CSZDC243,Haunted Word Search,6804694,Psychic Phenomena,7033
2026-05-07 00:01:23.520917,B0CSZDC243,Haunted Word Search,6804694,Supernaturalism (Books),8515
2026-05-07 00:01:40.310453,B0D3XXZRRC,Witches Word Search,6007492,Witchcraft Religion & Spirituality,7157
2026-05-07 00:01:40.310459,B0D3XXZRRC,Witches Word Search,6007492,Spiritualism,10232
2026-05-07 00:01:40.310460,B0D3XXZRRC,Witches Word Search,6007492,Word Search Games,28863
2026-05-07 00:01:56.804377,B0D3XXY1HV,Witches Word Search Large Print,,,
2026-05-07 00:02:13.405699,B0G43ZNNRX,Weather Word Search Large Print,,,
2026-05-07 00:02:30.093607,B0D97NFBG2,Weather Word Search,1996648,Natural Disasters (Books),668
2026-05-07 00:02:30.093611,B0D97NFBG2,Weather Word Search,1996648,Weather (Books),1136
2026-05-07 00:02:30.093612,B0D97NFBG2,Weather Word Search,1996648,Word Search Games,8645
2026-05-07 00:02:47.701578,B0D9B6HKC8,Space Word Search,9080113,Solar System (Books),825
2026-05-07 00:02:47.701580,B0D9B6HKC8,Space Word Search,9080113,Astronomy (Books),10408
2026-05-07 00:02:47.701581,B0D9B6HKC8,Space Word Search,9080113,Word Search Games,45248
2026-05-07 00:03:04.579093,B0D986WRQY,Ocean Word Search,,,
2026-05-07 00:03:21.236405,B0D9D6QJKD,Earth Science Word Search,,,
2026-05-07 00:03:37.673191,B0D9DRYQSH,Animal Word Search,,,
2026-05-07 00:03:54.359241,B0FPDF7GQV,Halloween Word Search,7609645,Holidays (Books),887
2026-05-07 00:03:54.359243,B0FPDF7GQV,Halloween Word Search,7609645,Customs & Traditions Social Sciences,5711
2026-05-07 00:03:54.359244,B0FPDF7GQV,Halloween Word Search,7609645,Ghosts & Hauntings,5873
2026-05-07 00:04:10.311541,B0DXP99LNN,Spring Word Search,6107331,Gardening & Landscape Design,27043
2026-05-07 00:04:10.311543,B0DXP99LNN,Spring Word Search,6107331,Word Search Games,29414
2026-05-07 00:04:10.311544,B0DXP99LNN,Spring Word Search,6107331,Word Games (Books),31484
2026-05-07 00:04:27.093354,B0F61TRMXM,Summer Word Search,,,
2026-05-07 00:04:43.722498,B0DTKGRKC2,Romance Word Search,8183332,Humorous Erotica (Books),22494
2026-05-07 00:04:43.722501,B0DTKGRKC2,Romance Word Search,8183332,Romantic Erotica (Books),36626
2026-05-07 00:04:43.722502,B0DTKGRKC2,Romance Word Search,8183332,Word Search Games,40874
2026-05-07 00:05:00.235823,B0DS5HPJ1M,Alien Adult Activity Book,1986017,UFOs (Books),1954
2026-05-07 00:05:00.235827,B0DS5HPJ1M,Alien Adult Activity Book,1986017,Logic & Brain Teasers (Books),4572
2026-05-07 00:05:00.235827,B0DS5HPJ1M,Alien Adult Activity Book,1986017,Puzzles (Books),9147
2026-05-07 00:05:16.846760,B0FJ8TFSZ1,Fall Word Search,6565009,Holidays (Books),766
2026-05-07 00:05:16.846762,B0FJ8TFSZ1,Fall Word Search,6565009,Word Search Games,32012
2026-05-07 00:05:16.846763,B0FJ8TFSZ1,Fall Word Search,6565009,Word Games (Books),34192
2026-05-07 00:05:33.426899,B0G4GQL5TG,Winter Word Search,9377438,Holidays (Books),1071
2026-05-07 00:05:33.426902,B0G4GQL5TG,Winter Word Search,9377438,Word Search Games,47473
2026-05-07 00:05:33.426902,B0G4GQL5TG,Winter Word Search,9377438,Word Games (Books),50187
2026-05-07 00:05:50.367965,B0G5Z47WY7,Christmas Word Search,9376966,Holidays (Books),1070
2026-05-07 00:05:50.367968,B0G5Z47WY7,Christmas Word Search,9376966,Word Search Games,47454
2026-05-07 00:05:50.367969,B0G5Z47WY7,Christmas Word Search,9376966,Word Games (Books),50167
2026-05-07 00:06:06.732037,B0D2HQ2N8G,Cryptids Word Search Large Print,,,
2026-05-07 00:06:23.314717,B0CVNHV3CV,Cryptids Word Search,3836292,Ancient & Controversial Knowledge,3938
2026-05-07 00:06:23.314720,B0CVNHV3CV,Cryptids Word Search,3836292,Unexplained Mysteries (Books),5186
2026-05-07 00:06:23.314721,B0CVNHV3CV,Cryptids Word Search,3836292,Word Search Games,17221
2026-05-07 00:06:39.602616,B0D429W5H1,Sasquatch Word Search,3904305,Unexplained Mysteries (Books),5264
2026-05-07 00:06:39.602618,B0D429W5H1,Sasquatch Word Search,3904305,Word Search Games,17511
2026-05-07 00:06:39.602618,B0D429W5H1,Sasquatch Word Search,3904305,Word Games (Books),19040
2026-05-07 00:06:56.050435,B0D429WWSQ,Sasquatch Word Search,2504906,Unexplained Mysteries (Books),3738
2026-05-07 00:06:56.050437,B0D429WWSQ,Sasquatch Word Search,2504906,Word Search Games,10944
2026-05-07 00:06:56.050438,B0D429WWSQ,Sasquatch Word Search,2504906,Word Games (Books),12093
2026-05-07 00:07:12.227825,B0D22PKCGW,Alien Word Search Large Print,4137042,UFOs (Books),3447
2026-05-07 00:07:12.227827,B0D22PKCGW,Alien Word Search Large Print,4137042,Ancient & Controversial Knowledge,4189
2026-05-07 00:07:12.227827,B0D22PKCGW,Alien Word Search Large Print,4137042,Word Search Games,18614
2026-05-07 00:07:28.784763,B0CTPR6KZ4,Alien Word Search,2108986,UFOs (Books),2068
2026-05-07 00:07:28.784765,B0CTPR6KZ4,Alien Word Search,2108986,Ancient & Controversial Knowledge,2423
2026-05-07 00:07:28.784766,B0CTPR6KZ4,Alien Word Search,2108986,Word Search Games,9132
2026-05-07 03:58:53.966169,B0D9JQ33BX,Paranormal Word Search,,,
2026-05-07 03:59:10.785787,B0D1MYMVCC,Haunted Word Search Large Print,,,
2026-05-07 04:00:27.316555,B0D3XXZRRC,Witches Word Search,6044925,Witchcraft Religion & Spirituality,7159
2026-05-07 04:00:27.316558,B0D3XXZRRC,Witches Word Search,6044925,Spiritualism,10284
2026-05-07 04:00:27.316559,B0D3XXZRRC,Witches Word Search,6044925,Word Search Games,29070
2026-05-07 04:00:43.729372,B0D3XXY1HV,Witches Word Search Large Print,,,
2026-05-07 04:01:00.103485,B0G43ZNNRX,Weather Word Search Large Print,,,
2026-05-07 04:01:16.478687,B0D97NFBG2,Weather Word Search,1960942,Natural Disasters (Books),662
2026-05-07 04:01:16.478690,B0D97NFBG2,Weather Word Search,1960942,Weather (Books),1104
2026-05-07 04:01:16.478691,B0D97NFBG2,Weather Word Search,1960942,Word Search Games,8539
2026-05-07 04:01:32.737243,B0D9B6HKC8,Space Word Search,9083697,Solar System (Books),817
2026-05-07 04:01:32.737245,B0D9B6HKC8,Space Word Search,9083697,Astronomy (Books),10400
2026-05-07 04:01:32.737246,B0D9B6HKC8,Space Word Search,9083697,Word Search Games,45261
2026-05-07 04:01:49.256590,B0D986WRQY,Ocean Word Search,,,
2026-05-07 04:02:05.653548,B0D9D6QJKD,Earth Science Word Search,,,
2026-05-07 04:02:22.100148,B0D9DRYQSH,Animal Word Search,,,
2026-05-07 04:02:38.502638,B0FPDF7GQV,Halloween Word Search,7605752,Holidays (Books),888
2026-05-07 04:02:38.502640,B0FPDF7GQV,Halloween Word Search,7605752,Customs & Traditions Social Sciences,5709
2026-05-07 04:02:38.502641,B0FPDF7GQV,Halloween Word Search,7605752,Ghosts & Hauntings,5874
2026-05-07 04:02:54.885270,B0DXP99LNN,Spring Word Search,6096332,Gardening & Landscape Design,27004
2026-05-07 04:02:54.885272,B0DXP99LNN,Spring Word Search,6096332,Word Search Games,29371
2026-05-07 04:02:54.885273,B0DXP99LNN,Spring Word Search,6096332,Word Games (Books),31439
2026-05-07 04:03:11.333237,B0F61TRMXM,Summer Word Search,,,
2026-05-07 04:03:27.833664,B0DTKGRKC2,Romance Word Search,8180770,Humorous Erotica (Books),22500
2026-05-07 04:03:27.833667,B0DTKGRKC2,Romance Word Search,8180770,Romantic Erotica (Books),36634
2026-05-07 04:03:27.833668,B0DTKGRKC2,Romance Word Search,8180770,Word Search Games,40858
2026-05-07 04:03:44.325901,B0DS5HPJ1M,Alien Adult Activity Book,2028762,UFOs (Books),2000
2026-05-07 04:03:44.325903,B0DS5HPJ1M,Alien Adult Activity Book,2028762,Logic & Brain Teasers (Books),4706
2026-05-07 04:03:44.325903,B0DS5HPJ1M,Alien Adult Activity Book,2028762,Puzzles (Books),9388
2026-05-07 04:04:00.782979,B0FJ8TFSZ1,Fall Word Search,6558251,Holidays (Books),766
2026-05-07 04:04:00.782982,B0FJ8TFSZ1,Fall Word Search,6558251,Word Search Games,31968
2026-05-07 04:04:00.782982,B0FJ8TFSZ1,Fall Word Search,6558251,Word Games (Books),34146
2026-05-07 04:04:17.243619,B0G4GQL5TG,Winter Word Search,9380857,Holidays (Books),1072
2026-05-07 04:04:17.243621,B0G4GQL5TG,Winter Word Search,9380857,Word Search Games,47485
2026-05-07 04:04:17.243622,B0G4GQL5TG,Winter Word Search,9380857,Word Games (Books),50199
2026-05-07 04:04:33.626276,B0G5Z47WY7,Christmas Word Search,9380385,Holidays (Books),1071
2026-05-07 04:04:33.626278,B0G5Z47WY7,Christmas Word Search,9380385,Word Search Games,47466
2026-05-07 04:04:33.626278,B0G5Z47WY7,Christmas Word Search,9380385,Word Games (Books),50179
2026-05-07 04:04:49.908577,B0D2HQ2N8G,Cryptids Word Search Large Print,,,
2026-05-07 04:05:06.473210,B0CVNHV3CV,Cryptids Word Search,3814118,Ancient & Controversial Knowledge,3889
2026-05-07 04:05:06.473213,B0CVNHV3CV,Cryptids Word Search,3814118,Unexplained Mysteries (Books),5157
2026-05-07 04:05:06.473214,B0CVNHV3CV,Cryptids Word Search,3814118,Word Search Games,17080
2026-05-07 04:05:22.910835,B0D429W5H1,Sasquatch Word Search,3880864,Unexplained Mysteries (Books),5235
2026-05-07 04:05:22.910837,B0D429W5H1,Sasquatch Word Search,3880864,Word Search Games,17390
2026-05-07 04:05:22.910837,B0D429W5H1,Sasquatch Word Search,3880864,Word Games (Books),18915
2026-05-07 04:05:39.279317,B0D429WWSQ,Sasquatch Word Search,2532049,Unexplained Mysteries (Books),3757
2026-05-07 04:05:39.279319,B0D429WWSQ,Sasquatch Word Search,2532049,Word Search Games,11076
2026-05-07 04:05:39.279320,B0D429WWSQ,Sasquatch Word Search,2532049,Word Games (Books),12232
2026-05-07 04:05:55.751304,B0D22PKCGW,Alien Word Search Large Print,4134347,UFOs (Books),3438
2026-05-07 04:05:55.751306,B0D22PKCGW,Alien Word Search Large Print,4134347,Ancient & Controversial Knowledge,4145
2026-05-07 04:05:55.751307,B0D22PKCGW,Alien Word Search Large Print,4134347,Word Search Games,18617
2026-05-07 04:06:12.430987,B0CTPR6KZ4,Alien Word Search,2117539,UFOs (Books),2072
2026-05-07 04:06:12.430989,B0CTPR6KZ4,Alien Word Search,2117539,Ancient & Controversial Knowledge,2416
2026-05-07 04:06:12.430990,B0CTPR6KZ4,Alien Word Search,2117539,Word Search Games,9186
2026-05-07 06:52:40.613135,B0D3XXZRRC,Witches Word Search,,,
2026-05-07 06:52:57.354965,B0D3XXY1HV,Witches Word Search Large Print,,,
2026-05-07 06:53:13.591725,B0G43ZNNRX,Weather Word Search Large Print,,,
2026-05-07 06:53:29.802586,B0D97NFBG2,Weather Word Search,1960872,Natural Disasters (Books),662
2026-05-07 06:53:29.802593,B0D97NFBG2,Weather Word Search,1960872,Weather (Books),1104
2026-05-07 06:53:29.802594,B0D97NFBG2,Weather Word Search,1960872,Word Search Games,8539
2026-05-07 06:53:45.968033,B0D9B6HKC8,Space Word Search,9082932,Solar System (Books),817
2026-05-07 06:53:45.968035,B0D9B6HKC8,Space Word Search,9082932,Astronomy (Books),10400
2026-05-07 06:53:45.968036,B0D9B6HKC8,Space Word Search,9082932,Word Search Games,45263
2026-05-07 06:54:02.335803,B0D986WRQY,Ocean Word Search,,,
2026-05-07 06:54:18.483051,B0D9D6QJKD,Earth Science Word Search,,,
2026-05-07 06:54:34.523933,B0D9DRYQSH,Animal Word Search,,,
2026-05-07 06:54:50.761608,B0FPDF7GQV,Halloween Word Search,7605114,Holidays (Books),888
2026-05-07 06:54:50.761611,B0FPDF7GQV,Halloween Word Search,7605114,Customs & Traditions Social Sciences,5709
2026-05-07 06:54:50.761611,B0FPDF7GQV,Halloween Word Search,7605114,Ghosts & Hauntings,5872
2026-05-07 06:55:07.230742,B0DXP99LNN,Spring Word Search,6095827,Gardening & Landscape Design,27005
2026-05-07 06:55:07.230745,B0DXP99LNN,Spring Word Search,6095827,Word Search Games,29373
2026-05-07 06:55:07.230746,B0DXP99LNN,Spring Word Search,6095827,Word Games (Books),31441
2026-05-07 06:55:23.347224,B0F61TRMXM,Summer Word Search,,,
2026-05-07 06:55:39.666300,B0DTKGRKC2,Romance Word Search,8180063,Humorous Erotica (Books),22503
2026-05-07 06:55:39.666303,B0DTKGRKC2,Romance Word Search,8180063,Romantic Erotica (Books),36648
2026-05-07 06:55:39.666304,B0DTKGRKC2,Romance Word Search,8180063,Word Search Games,40860
2026-05-07 06:55:55.891776,B0DS5HPJ1M,Alien Adult Activity Book,2028688,UFOs (Books),2000
2026-05-07 06:55:55.891778,B0DS5HPJ1M,Alien Adult Activity Book,2028688,Logic & Brain Teasers (Books),4706
2026-05-07 06:55:55.891779,B0DS5HPJ1M,Alien Adult Activity Book,2028688,Puzzles (Books),9389
2026-05-07 06:56:12.187328,B0FJ8TFSZ1,Fall Word Search,6557714,Holidays (Books),766
2026-05-07 06:56:12.187331,B0FJ8TFSZ1,Fall Word Search,6557714,Word Search Games,31970
2026-05-07 06:56:12.187331,B0FJ8TFSZ1,Fall Word Search,6557714,Word Games (Books),34148
2026-05-07 06:56:28.484269,B0G4GQL5TG,Winter Word Search,9380074,Holidays (Books),1072
2026-05-07 06:56:28.484271,B0G4GQL5TG,Winter Word Search,9380074,Word Search Games,47487
2026-05-07 06:56:28.484271,B0G4GQL5TG,Winter Word Search,9380074,Word Games (Books),50201
2026-05-07 06:56:44.618889,B0G5Z47WY7,Christmas Word Search,9379602,Holidays (Books),1071
2026-05-07 06:56:44.618891,B0G5Z47WY7,Christmas Word Search,9379602,Word Search Games,47468
2026-05-07 06:56:44.618892,B0G5Z47WY7,Christmas Word Search,9379602,Word Games (Books),50181
2026-05-07 06:57:00.686213,B0D2HQ2N8G,Cryptids Word Search Large Print,,,
2026-05-07 06:57:16.974474,B0CVNHV3CV,Cryptids Word Search,3813848,Ancient & Controversial Knowledge,3889
2026-05-07 06:57:16.974477,B0CVNHV3CV,Cryptids Word Search,3813848,Unexplained Mysteries (Books),5156
2026-05-07 06:57:16.974478,B0CVNHV3CV,Cryptids Word Search,3813848,Word Search Games,17082
2026-05-07 06:57:33.069306,B0D429W5H1,Sasquatch Word Search,3880580,Unexplained Mysteries (Books),5234
2026-05-07 06:57:33.069308,B0D429W5H1,Sasquatch Word Search,3880580,Word Search Games,17392
2026-05-07 06:57:33.069309,B0D429W5H1,Sasquatch Word Search,3880580,Word Games (Books),18917
2026-05-07 06:57:49.247855,B0D429WWSQ,Sasquatch Word Search,2531911,Unexplained Mysteries (Books),3756
2026-05-07 06:57:49.247857,B0D429WWSQ,Sasquatch Word Search,2531911,Word Search Games,11076
2026-05-07 06:57:49.247858,B0D429WWSQ,Sasquatch Word Search,2531911,Word Games (Books),12232
2026-05-07 06:58:05.703080,B0D22PKCGW,Alien Word Search Large Print,4134037,UFOs (Books),3438
2026-05-07 06:58:05.703082,B0D22PKCGW,Alien Word Search Large Print,4134037,Ancient & Controversial Knowledge,4145
2026-05-07 06:58:05.703083,B0D22PKCGW,Alien Word Search Large Print,4134037,Word Search Games,18619
2026-05-07 06:58:21.902498,B0CTPR6KZ4,Alien Word Search,2117454,UFOs (Books),2072
2026-05-07 06:58:21.902501,B0CTPR6KZ4,Alien Word Search,2117454,Ancient & Controversial Knowledge,2416
2026-05-07 06:58:21.902501,B0CTPR6KZ4,Alien Word Search,2117454,Word Search Games,9186
2026-05-07 09:45:42.998408,B0CSZDC243,Haunted Word Search,6802481,Ghosts & Hauntings,5511
2026-05-07 09:45:42.998410,B0CSZDC243,Haunted Word Search,6802481,Psychic Phenomena,7027
2026-05-07 09:45:42.998410,B0CSZDC243,Haunted Word Search,6802481,Supernaturalism (Books),8500
2026-05-07 09:45:59.317112,B0D3XXZRRC,Witches Word Search,6052896,Witchcraft Religion & Spirituality,7154
2026-05-07 09:45:59.317116,B0D3XXZRRC,Witches Word Search,6052896,Spiritualism,10288
2026-05-07 09:45:59.317117,B0D3XXZRRC,Witches Word Search,6052896,Word Search Games,29077
2026-05-07 09:46:15.603737,B0D3XXY1HV,Witches Word Search Large Print,,,
2026-05-07 09:46:31.662893,B0G43ZNNRX,Weather Word Search Large Print,,,
2026-05-07 09:46:47.932359,B0D97NFBG2,Weather Word Search,1992168,Natural Disasters (Books),668
2026-05-07 09:46:47.932361,B0D97NFBG2,Weather Word Search,1992168,Weather (Books),1116
2026-05-07 09:46:47.932362,B0D97NFBG2,Weather Word Search,1992168,Word Search Games,8666
2026-05-07 09:47:04.932340,B0D9B6HKC8,Space Word Search,9086668,Solar System (Books),817
2026-05-07 09:47:04.932342,B0D9B6HKC8,Space Word Search,9086668,Astronomy (Books),10405
2026-05-07 09:47:04.932343,B0D9B6HKC8,Space Word Search,9086668,Word Search Games,45248
2026-05-07 09:47:21.072360,B0D986WRQY,Ocean Word Search,,,
2026-05-07 09:47:37.301297,B0D9D6QJKD,Earth Science Word Search,,,
2026-05-07 09:47:53.432984,B0D9DRYQSH,Animal Word Search,,,
2026-05-07 09:48:09.780348,B0FPDF7GQV,Halloween Word Search,7610801,Holidays (Books),888
2026-05-07 09:48:09.780350,B0FPDF7GQV,Halloween Word Search,7610801,Customs & Traditions Social Sciences,5709
2026-05-07 09:48:09.780350,B0FPDF7GQV,Halloween Word Search,7610801,Ghosts & Hauntings,5871
2026-05-07 09:48:25.849006,B0DXP99LNN,Spring Word Search,6104191,Gardening & Landscape Design,27026
2026-05-07 09:48:25.849008,B0DXP99LNN,Spring Word Search,6104191,Word Search Games,29381
2026-05-07 09:48:25.849009,B0DXP99LNN,Spring Word Search,6104191,Word Games (Books),31452
2026-05-07 09:48:42.227948,B0F61TRMXM,Summer Word Search,,,
2026-05-07 09:48:58.529240,B0DTKGRKC2,Romance Word Search,8185073,Humorous Erotica (Books),22504
2026-05-07 09:48:58.529242,B0DTKGRKC2,Romance Word Search,8185073,Romantic Erotica (Books),36651
2026-05-07 09:48:58.529243,B0DTKGRKC2,Romance Word Search,8185073,Word Search Games,40859
2026-05-07 09:49:14.712412,B0DS5HPJ1M,Alien Adult Activity Book,2058894,UFOs (Books),2016
2026-05-07 09:49:14.712414,B0DS5HPJ1M,Alien Adult Activity Book,2058894,Logic & Brain Teasers (Books),4752
2026-05-07 09:49:14.712415,B0DS5HPJ1M,Alien Adult Activity Book,2058894,Puzzles (Books),9510
2026-05-07 09:49:30.988372,B0FJ8TFSZ1,Fall Word Search,6565038,Holidays (Books),766
2026-05-07 09:49:30.988376,B0FJ8TFSZ1,Fall Word Search,6565038,Word Search Games,31980
2026-05-07 09:49:30.988376,B0FJ8TFSZ1,Fall Word Search,6565038,Word Games (Books),34161
2026-05-07 09:49:47.243566,B0G4GQL5TG,Winter Word Search,9383553,Holidays (Books),1072
2026-05-07 09:49:47.243591,B0G4GQL5TG,Winter Word Search,9383553,Word Search Games,47471
2026-05-07 09:49:47.243592,B0G4GQL5TG,Winter Word Search,9383553,Word Games (Books),50188
2026-05-07 09:50:03.556040,B0G5Z47WY7,Christmas Word Search,9383081,Holidays (Books),1071
2026-05-07 09:50:03.556042,B0G5Z47WY7,Christmas Word Search,9383081,Word Search Games,47452
2026-05-07 09:50:03.556042,B0G5Z47WY7,Christmas Word Search,9383081,Word Games (Books),50168
2026-05-07 09:50:19.583668,B0D2HQ2N8G,Cryptids Word Search Large Print,,,
2026-05-07 09:50:35.973841,B0CVNHV3CV,Cryptids Word Search,3859122,Ancient & Controversial Knowledge,3926
2026-05-07 09:50:35.973843,B0CVNHV3CV,Cryptids Word Search,3859122,Unexplained Mysteries (Books),5193
2026-05-07 09:50:35.973844,B0CVNHV3CV,Cryptids Word Search,3859122,Word Search Games,17272
2026-05-07 09:50:52.028145,B0D429W5H1,Sasquatch Word Search,3896021,Unexplained Mysteries (Books),5236
2026-05-07 09:50:52.028147,B0D429W5H1,Sasquatch Word Search,3896021,Word Search Games,17442
2026-05-07 09:50:52.028147,B0D429W5H1,Sasquatch Word Search,3896021,Word Games (Books),18972
2026-05-07 09:51:08.127724,B0D429WWSQ,Sasquatch Word Search,2556173,Unexplained Mysteries (Books),3767
2026-05-07 09:51:08.127726,B0D429WWSQ,Sasquatch Word Search,2556173,Word Search Games,11173
2026-05-07 09:51:08.127726,B0D429WWSQ,Sasquatch Word Search,2556173,Word Games (Books),12340
2026-05-07 09:51:24.336827,B0D22PKCGW,Alien Word Search Large Print,4148347,UFOs (Books),3439
2026-05-07 09:51:24.336829,B0D22PKCGW,Alien Word Search Large Print,4148347,Ancient & Controversial Knowledge,4158
2026-05-07 09:51:24.336830,B0D22PKCGW,Alien Word Search Large Print,4148347,Word Search Games,18660
2026-05-07 09:51:40.529076,B0CTPR6KZ4,Alien Word Search,2146528,UFOs (Books),2088
2026-05-07 09:51:40.529078,B0CTPR6KZ4,Alien Word Search,2146528,Ancient & Controversial Knowledge,2440
2026-05-07 09:51:40.529078,B0CTPR6KZ4,Alien Word Search,2146528,Word Search Games,9299
2026-05-07 12:02:13.643842,B0D3XXZRRC,Witches Word Search,,,
2026-05-07 12:02:30.340578,B0D3XXY1HV,Witches Word Search Large Print,,,
2026-05-07 12:02:46.437165,B0G43ZNNRX,Weather Word Search Large Print,,,
2026-05-07 12:03:02.716724,B0D97NFBG2,Weather Word Search,1992191,Natural Disasters (Books),668
2026-05-07 12:03:02.716729,B0D97NFBG2,Weather Word Search,1992191,Weather (Books),1116
2026-05-07 12:03:02.716730,B0D97NFBG2,Weather Word Search,1992191,Word Search Games,8666
2026-05-07 12:03:18.906315,B0D9B6HKC8,Space Word Search,9086733,Solar System (Books),817
2026-05-07 12:03:18.906317,B0D9B6HKC8,Space Word Search,9086733,Astronomy (Books),10404
2026-05-07 12:03:18.906318,B0D9B6HKC8,Space Word Search,9086733,Word Search Games,45248
2026-05-07 12:03:35.333876,B0D986WRQY,Ocean Word Search,,,
2026-05-07 12:03:51.521910,B0D9D6QJKD,Earth Science Word Search,,,
2026-05-07 12:04:07.829521,B0D9DRYQSH,Animal Word Search,,,
2026-05-07 12:04:24.029753,B0FPDF7GQV,Halloween Word Search,7610850,Holidays (Books),888
2026-05-07 12:04:24.029755,B0FPDF7GQV,Halloween Word Search,7610850,Customs & Traditions Social Sciences,5710
2026-05-07 12:04:24.029756,B0FPDF7GQV,Halloween Word Search,7610850,Ghosts & Hauntings,5871
2026-05-07 12:04:40.205118,B0DXP99LNN,Spring Word Search,6104223,Gardening & Landscape Design,27025
2026-05-07 12:04:40.205120,B0DXP99LNN,Spring Word Search,6104223,Word Search Games,29381
2026-05-07 12:04:40.205121,B0DXP99LNN,Spring Word Search,6104223,Word Games (Books),31452
2026-05-07 12:04:56.360149,B0F61TRMXM,Summer Word Search,,,
2026-05-07 12:05:12.500595,B0DTKGRKC2,Romance Word Search,8185130,Humorous Erotica (Books),22503
2026-05-07 12:05:12.500597,B0DTKGRKC2,Romance Word Search,8185130,Romantic Erotica (Books),36648
2026-05-07 12:05:12.500598,B0DTKGRKC2,Romance Word Search,8185130,Word Search Games,40859
2026-05-07 12:05:28.922399,B0DS5HPJ1M,Alien Adult Activity Book,2058917,UFOs (Books),2016
2026-05-07 12:05:28.922401,B0DS5HPJ1M,Alien Adult Activity Book,2058917,Logic & Brain Teasers (Books),4752
2026-05-07 12:05:28.922402,B0DS5HPJ1M,Alien Adult Activity Book,2058917,Puzzles (Books),9510
2026-05-07 12:05:45.140838,B0FJ8TFSZ1,Fall Word Search,6565077,Holidays (Books),766
2026-05-07 12:05:45.140840,B0FJ8TFSZ1,Fall Word Search,6565077,Word Search Games,31980
2026-05-07 12:05:45.140840,B0FJ8TFSZ1,Fall Word Search,6565077,Word Games (Books),34161
2026-05-07 12:06:01.378581,B0G4GQL5TG,Winter Word Search,9383623,Holidays (Books),1072
2026-05-07 12:06:01.378583,B0G4GQL5TG,Winter Word Search,9383623,Word Search Games,47471
2026-05-07 12:06:01.378583,B0G4GQL5TG,Winter Word Search,9383623,Word Games (Books),50188
2026-05-07 12:06:17.623997,B0G5Z47WY7,Christmas Word Search,9383151,Holidays (Books),1071
2026-05-07 12:06:17.624000,B0G5Z47WY7,Christmas Word Search,9383151,Word Search Games,47452
2026-05-07 12:06:17.624003,B0G5Z47WY7,Christmas Word Search,9383151,Word Games (Books),50168
2026-05-07 12:06:33.806541,B0D2HQ2N8G,Cryptids Word Search Large Print,,,
2026-05-07 12:06:50.037611,B0CVNHV3CV,Cryptids Word Search,3859147,Ancient & Controversial Knowledge,3926
2026-05-07 12:06:50.037614,B0CVNHV3CV,Cryptids Word Search,3859147,Unexplained Mysteries (Books),5193
2026-05-07 12:06:50.037614,B0CVNHV3CV,Cryptids Word Search,3859147,Word Search Games,17272
2026-05-07 12:07:06.264856,B0D429W5H1,Sasquatch Word Search,3896047,Unexplained Mysteries (Books),5236
2026-05-07 12:07:06.264858,B0D429W5H1,Sasquatch Word Search,3896047,Word Search Games,17442
2026-05-07 12:07:06.264858,B0D429W5H1,Sasquatch Word Search,3896047,Word Games (Books),18972
2026-05-07 12:07:22.535793,B0D429WWSQ,Sasquatch Word Search,2556206,Unexplained Mysteries (Books),3767
2026-05-07 12:07:22.535795,B0D429WWSQ,Sasquatch Word Search,2556206,Word Search Games,11173
2026-05-07 12:07:22.535796,B0D429WWSQ,Sasquatch Word Search,2556206,Word Games (Books),12340
2026-05-07 12:07:38.773364,B0D22PKCGW,Alien Word Search Large Print,4148374,UFOs (Books),3438
2026-05-07 12:07:38.773366,B0D22PKCGW,Alien Word Search Large Print,4148374,Ancient & Controversial Knowledge,4158
2026-05-07 12:07:38.773366,B0D22PKCGW,Alien Word Search Large Print,4148374,Word Search Games,18660
2026-05-07 12:07:55.051215,B0CTPR6KZ4,Alien Word Search,2146553,UFOs (Books),2088
2026-05-07 12:07:55.051218,B0CTPR6KZ4,Alien Word Search,2146553,Ancient & Controversial Knowledge,2440
2026-05-07 12:07:55.051219,B0CTPR6KZ4,Alien Word Search,2146553,Word Search Games,9299
2026-05-07 14:51:40.583535,B0D9B6HKC8,Space Word Search,9086609,Solar System (Books),817
2026-05-07 14:51:40.583539,B0D9B6HKC8,Space Word Search,9086609,Astronomy (Books),10404
2026-05-07 14:51:40.583539,B0D9B6HKC8,Space Word Search,9086609,Word Search Games,45250
2026-05-07 14:51:57.061889,B0D986WRQY,Ocean Word Search,,,
2026-05-07 14:52:13.256149,B0D9D6QJKD,Earth Science Word Search,,,
2026-05-07 14:52:29.596152,B0D9DRYQSH,Animal Word Search,,,
2026-05-07 14:52:45.881713,B0FPDF7GQV,Halloween Word Search,7619330,Holidays (Books),888
2026-05-07 14:52:45.881716,B0FPDF7GQV,Halloween Word Search,7619330,Customs & Traditions Social Sciences,5710
2026-05-07 14:52:45.881716,B0FPDF7GQV,Halloween Word Search,7619330,Ghosts & Hauntings,5870
2026-05-07 14:53:02.019208,B0DXP99LNN,Spring Word Search,6112704,Gardening & Landscape Design,27027
2026-05-07 14:53:02.019213,B0DXP99LNN,Spring Word Search,6112704,Word Search Games,29331
2026-05-07 14:53:02.019214,B0DXP99LNN,Spring Word Search,6112704,Word Games (Books),31397
2026-05-07 14:53:18.303696,B0F61TRMXM,Summer Word Search,,,
2026-05-07 14:53:34.831872,B0DTKGRKC2,Romance Word Search,8185006,Humorous Erotica (Books),22503
2026-05-07 14:53:34.831875,B0DTKGRKC2,Romance Word Search,8185006,Romantic Erotica (Books),36647
2026-05-07 14:53:34.831876,B0DTKGRKC2,Romance Word Search,8185006,Word Search Games,40861
2026-05-07 14:53:51.160698,B0DS5HPJ1M,Alien Adult Activity Book,2058845,UFOs (Books),2016
2026-05-07 14:53:51.160701,B0DS5HPJ1M,Alien Adult Activity Book,2058845,Logic & Brain Teasers (Books),4752
2026-05-07 14:53:51.160701,B0DS5HPJ1M,Alien Adult Activity Book,2058845,Puzzles (Books),9510
2026-05-07 14:54:07.754742,B0FJ8TFSZ1,Fall Word Search,6573558,Holidays (Books),766
2026-05-07 14:54:07.754744,B0FJ8TFSZ1,Fall Word Search,6573558,Word Search Games,31918
2026-05-07 14:54:07.754745,B0FJ8TFSZ1,Fall Word Search,6573558,Word Games (Books),34094
2026-05-07 14:54:24.246577,B0G4GQL5TG,Winter Word Search,9383502,Holidays (Books),1072
2026-05-07 14:54:24.246580,B0G4GQL5TG,Winter Word Search,9383502,Word Search Games,47473
2026-05-07 14:54:24.246581,B0G4GQL5TG,Winter Word Search,9383502,Word Games (Books),50190
2026-05-07 14:54:41.132426,B0G5Z47WY7,Christmas Word Search,9391633,Holidays (Books),1071
2026-05-07 14:54:41.132431,B0G5Z47WY7,Christmas Word Search,9391633,Word Search Games,47329
2026-05-07 14:54:41.132432,B0G5Z47WY7,Christmas Word Search,9391633,Word Games (Books),50040
2026-05-07 14:54:57.392827,B0D2HQ2N8G,Cryptids Word Search Large Print,,,
2026-05-07 14:55:13.831290,B0CVNHV3CV,Cryptids Word Search,3867638,Ancient & Controversial Knowledge,3926
2026-05-07 14:55:13.831294,B0CVNHV3CV,Cryptids Word Search,3867638,Unexplained Mysteries (Books),5192
2026-05-07 14:55:13.831295,B0CVNHV3CV,Cryptids Word Search,3867638,Word Search Games,17253
2026-05-07 14:55:30.160693,B0D429W5H1,Sasquatch Word Search,3904537,Unexplained Mysteries (Books),5235
2026-05-07 14:55:30.160697,B0D429W5H1,Sasquatch Word Search,3904537,Word Search Games,17423
2026-05-07 14:55:30.160697,B0D429W5H1,Sasquatch Word Search,3904537,Word Games (Books),18950
2026-05-07 14:55:46.465323,B0D429WWSQ,Sasquatch Word Search,2564732,Unexplained Mysteries (Books),3766
2026-05-07 14:55:46.465327,B0D429WWSQ,Sasquatch Word Search,2564732,Word Search Games,11162
2026-05-07 14:55:46.465328,B0D429WWSQ,Sasquatch Word Search,2564732,Word Games (Books),12328
2026-05-07 14:56:02.735897,B0D22PKCGW,Alien Word Search Large Print,4156862,UFOs (Books),3438
2026-05-07 14:56:02.735899,B0D22PKCGW,Alien Word Search Large Print,4156862,Ancient & Controversial Knowledge,4158
2026-05-07 14:56:02.735900,B0D22PKCGW,Alien Word Search Large Print,4156862,Word Search Games,18640
2026-05-07 14:56:19.162991,B0CTPR6KZ4,Alien Word Search,2155091,UFOs (Books),2088
2026-05-07 14:56:19.162994,B0CTPR6KZ4,Alien Word Search,2155091,Ancient & Controversial Knowledge,2440
2026-05-07 14:56:19.162995,B0CTPR6KZ4,Alien Word Search,2155091,Word Search Games,9288
2026-05-07 16:59:44.237696,B0D9JQ33BX,Paranormal Word Search,,,
2026-05-07 17:00:01.409422,B0D1MYMVCC,Haunted Word Search Large Print,,,
2026-05-07 17:00:17.891016,B0CSZDC243,Haunted Word Search,6809728,Ghosts & Hauntings,5518
2026-05-07 17:00:17.891019,B0CSZDC243,Haunted Word Search,6809728,Psychic Phenomena,7029
2026-05-07 17:00:17.891019,B0CSZDC243,Haunted Word Search,6809728,Supernaturalism (Books),8501
2026-05-07 17:00:34.353261,B0D3XXZRRC,Witches Word Search,6060523,Witchcraft Religion & Spirituality,7156
2026-05-07 17:00:34.353267,B0D3XXZRRC,Witches Word Search,6060523,Spiritualism,10283
2026-05-07 17:00:34.353268,B0D3XXZRRC,Witches Word Search,6060523,Word Search Games,29035
2026-05-07 17:00:50.741350,B0D3XXY1HV,Witches Word Search Large Print,,,
2026-05-07 17:01:07.100997,B0G43ZNNRX,Weather Word Search Large Print,,,
2026-05-07 17:01:23.460025,B0D97NFBG2,Weather Word Search,2007259,Natural Disasters (Books),668
2026-05-07 17:01:23.460028,B0D97NFBG2,Weather Word Search,2007259,Weather (Books),1121
2026-05-07 17:01:23.460029,B0D97NFBG2,Weather Word Search,2007259,Word Search Games,8693
2026-05-07 17:01:40.041958,B0D9B6HKC8,Space Word Search,9093114,Solar System (Books),817
2026-05-07 17:01:40.041961,B0D9B6HKC8,Space Word Search,9093114,Astronomy (Books),10410
2026-05-07 17:01:40.041961,B0D9B6HKC8,Space Word Search,9093114,Word Search Games,45145
2026-05-07 17:01:56.467878,B0D986WRQY,Ocean Word Search,,,
2026-05-07 17:02:12.796629,B0D9D6QJKD,Earth Science Word Search,,,
2026-05-07 17:02:29.154646,B0D9DRYQSH,Animal Word Search,,,
2026-05-07 17:02:45.482004,B0FPDF7GQV,Halloween Word Search,7617719,Holidays (Books),888
2026-05-07 17:02:45.482007,B0FPDF7GQV,Halloween Word Search,7617719,Customs & Traditions Social Sciences,5710
2026-05-07 17:02:45.482007,B0FPDF7GQV,Halloween Word Search,7617719,Ghosts & Hauntings,5879
2026-05-07 17:03:01.976627,B0DXP99LNN,Spring Word Search,6111783,Gardening & Landscape Design,27041
2026-05-07 17:03:01.976629,B0DXP99LNN,Spring Word Search,6111783,Word Search Games,29338
2026-05-07 17:03:01.976629,B0DXP99LNN,Spring Word Search,6111783,Word Games (Books),31407
2026-05-07 17:03:18.515902,B0F61TRMXM,Summer Word Search,,,
2026-05-07 17:03:34.760693,B0DTKGRKC2,Romance Word Search,8191780,Humorous Erotica (Books),22497
2026-05-07 17:03:34.760695,B0DTKGRKC2,Romance Word Search,8191780,Romantic Erotica (Books),36639
2026-05-07 17:03:34.760696,B0DTKGRKC2,Romance Word Search,8191780,Word Search Games,40771
2026-05-07 17:03:51.424182,B0DS5HPJ1M,Alien Adult Activity Book,2073608,UFOs (Books),2028
2026-05-07 17:03:51.424184,B0DS5HPJ1M,Alien Adult Activity Book,2073608,Logic & Brain Teasers (Books),4783
2026-05-07 17:03:51.424184,B0DS5HPJ1M,Alien Adult Activity Book,2073608,Puzzles (Books),9544
2026-05-07 17:04:08.057256,B0FJ8TFSZ1,Fall Word Search,6572405,Holidays (Books),766
2026-05-07 17:04:08.057260,B0FJ8TFSZ1,Fall Word Search,6572405,Word Search Games,31924
2026-05-07 17:04:08.057260,B0FJ8TFSZ1,Fall Word Search,6572405,Word Games (Books),34103
2026-05-07 17:04:24.809277,B0G4GQL5TG,Winter Word Search,9389941,Holidays (Books),1072
2026-05-07 17:04:24.809281,B0G4GQL5TG,Winter Word Search,9389941,Word Search Games,47352
2026-05-07 17:04:24.809282,B0G4GQL5TG,Winter Word Search,9389941,Word Games (Books),50066
2026-05-07 17:04:41.362320,B0G5Z47WY7,Christmas Word Search,9389469,Holidays (Books),1071
2026-05-07 17:04:41.362322,B0G5Z47WY7,Christmas Word Search,9389469,Word Search Games,47333
2026-05-07 17:04:41.362322,B0G5Z47WY7,Christmas Word Search,9389469,Word Games (Books),50046
2026-05-07 17:04:57.693902,B0D2HQ2N8G,Cryptids Word Search Large Print,,,
2026-05-07 17:05:14.171118,B0CVNHV3CV,Cryptids Word Search,3868987,Ancient & Controversial Knowledge,3928
2026-05-07 17:05:14.171121,B0CVNHV3CV,Cryptids Word Search,3868987,Unexplained Mysteries (Books),5206
2026-05-07 17:05:14.171121,B0CVNHV3CV,Cryptids Word Search,3868987,Word Search Games,17273
2026-05-07 17:05:30.378529,B0D429W5H1,Sasquatch Word Search,3905825,Unexplained Mysteries (Books),5250
2026-05-07 17:05:30.378533,B0D429W5H1,Sasquatch Word Search,3905825,Word Search Games,17443
2026-05-07 17:05:30.378533,B0D429W5H1,Sasquatch Word Search,3905825,Word Games (Books),18974
2026-05-07 17:05:46.666242,B0D429WWSQ,Sasquatch Word Search,2568867,Unexplained Mysteries (Books),3788
2026-05-07 17:05:46.666246,B0D429WWSQ,Sasquatch Word Search,2568867,Word Search Games,11190
2026-05-07 17:05:46.666246,B0D429WWSQ,Sasquatch Word Search,2568867,Word Games (Books),12363
2026-05-07 17:06:03.105811,B0D22PKCGW,Alien Word Search Large Print,4157802,UFOs (Books),3442
2026-05-07 17:06:03.105815,B0D22PKCGW,Alien Word Search Large Print,4157802,Ancient & Controversial Knowledge,4159
2026-05-07 17:06:03.105816,B0D22PKCGW,Alien Word Search Large Print,4157802,Word Search Games,18660
2026-05-07 17:06:19.612800,B0CTPR6KZ4,Alien Word Search,2160863,UFOs (Books),2099
2026-05-07 17:06:19.612804,B0CTPR6KZ4,Alien Word Search,2160863,Ancient & Controversial Knowledge,2446
2026-05-07 17:06:19.612805,B0CTPR6KZ4,Alien Word Search,2160863,Word Search Games,9321
2026-05-07 18:56:04.621540,B0D9JQ33BX,Paranormal Word Search,,,
2026-05-07 18:56:21.546904,B0D1MYMVCC,Haunted Word Search Large Print,,,
2026-05-07 18:56:37.827190,B0CSZDC243,Haunted Word Search,6815302,Ghosts & Hauntings,5518
2026-05-07 18:56:37.827193,B0CSZDC243,Haunted Word Search,6815302,Psychic Phenomena,7031
2026-05-07 18:56:37.827194,B0CSZDC243,Haunted Word Search,6815302,Supernaturalism (Books),8507
2026-05-07 18:56:53.967441,B0D3XXZRRC,Witches Word Search,6066116,Witchcraft Religion & Spirituality,7153
2026-05-07 18:56:53.967446,B0D3XXZRRC,Witches Word Search,6066116,Spiritualism,10286
2026-05-07 18:56:53.967446,B0D3XXZRRC,Witches Word Search,6066116,Word Search Games,29091
2026-05-07 18:57:10.688801,B0D3XXY1HV,Witches Word Search Large Print,,,
2026-05-07 18:57:27.175985,B0G43ZNNRX,Weather Word Search Large Print,,,
2026-05-07 18:57:43.411503,B0D97NFBG2,Weather Word Search,2012943,Natural Disasters (Books),671
2026-05-07 18:57:43.411505,B0D97NFBG2,Weather Word Search,2012943,Weather (Books),1132
2026-05-07 18:57:43.411506,B0D97NFBG2,Weather Word Search,2012943,Word Search Games,8751
2026-05-07 18:57:59.529920,B0D9B6HKC8,Space Word Search,9098616,Solar System (Books),818
2026-05-07 18:57:59.529922,B0D9B6HKC8,Space Word Search,9098616,Astronomy (Books),10428
2026-05-07 18:57:59.529923,B0D9B6HKC8,Space Word Search,9098616,Word Search Games,45201
2026-05-07 18:58:15.688713,B0D986WRQY,Ocean Word Search,,,
2026-05-07 18:58:31.958416,B0D9D6QJKD,Earth Science Word Search,,,
2026-05-07 18:58:48.315834,B0D9DRYQSH,Animal Word Search,,,
2026-05-07 18:59:04.506828,B0FPDF7GQV,Halloween Word Search,7623254,Holidays (Books),889
2026-05-07 18:59:04.506830,B0FPDF7GQV,Halloween Word Search,7623254,Customs & Traditions Social Sciences,5716
2026-05-07 18:59:04.506831,B0FPDF7GQV,Halloween Word Search,7623254,Ghosts & Hauntings,5879
2026-05-07 18:59:20.707709,B0DXP99LNN,Spring Word Search,6117372,Gardening & Landscape Design,27075
2026-05-07 18:59:20.707711,B0DXP99LNN,Spring Word Search,6117372,Word Search Games,29394
2026-05-07 18:59:20.707712,B0DXP99LNN,Spring Word Search,6117372,Word Games (Books),31465
2026-05-07 18:59:36.694307,B0F61TRMXM,Summer Word Search,,,
2026-05-07 18:59:52.888320,B0DTKGRKC2,Romance Word Search,8197308,Humorous Erotica (Books),22504
2026-05-07 18:59:52.888322,B0DTKGRKC2,Romance Word Search,8197308,Romantic Erotica (Books),36658
2026-05-07 18:59:52.888323,B0DTKGRKC2,Romance Word Search,8197308,Word Search Games,40827
2026-05-07 19:00:09.225248,B0DS5HPJ1M,Alien Adult Activity Book,2079291,UFOs (Books),2032
2026-05-07 19:00:09.225250,B0DS5HPJ1M,Alien Adult Activity Book,2079291,Logic & Brain Teasers (Books),4801
2026-05-07 19:00:09.225251,B0DS5HPJ1M,Alien Adult Activity Book,2079291,Puzzles (Books),9610
2026-05-07 19:00:25.599845,B0FJ8TFSZ1,Fall Word Search,6577983,Holidays (Books),767
2026-05-07 19:00:25.599847,B0FJ8TFSZ1,Fall Word Search,6577983,Word Search Games,31980
2026-05-07 19:00:25.599847,B0FJ8TFSZ1,Fall Word Search,6577983,Word Games (Books),34161
2026-05-07 19:00:41.867191,B0G4GQL5TG,Winter Word Search,9395408,Holidays (Books),1073
2026-05-07 19:00:41.867193,B0G4GQL5TG,Winter Word Search,9395408,Word Search Games,47409
2026-05-07 19:00:41.867194,B0G4GQL5TG,Winter Word Search,9395408,Word Games (Books),50125
2026-05-07 19:00:58.179344,B0G5Z47WY7,Christmas Word Search,9394936,Holidays (Books),1072
2026-05-07 19:00:58.179346,B0G5Z47WY7,Christmas Word Search,9394936,Word Search Games,47390
2026-05-07 19:00:58.179347,B0G5Z47WY7,Christmas Word Search,9394936,Word Games (Books),50105
2026-05-07 19:01:14.340654,B0D2HQ2N8G,Cryptids Word Search Large Print,,,
2026-05-07 19:01:30.702236,B0CVNHV3CV,Cryptids Word Search,3874630,Ancient & Controversial Knowledge,3922
2026-05-07 19:01:30.702238,B0CVNHV3CV,Cryptids Word Search,3874630,Unexplained Mysteries (Books),5210
2026-05-07 19:01:30.702239,B0CVNHV3CV,Cryptids Word Search,3874630,Word Search Games,17329
2026-05-07 19:01:46.804660,B0D429W5H1,Sasquatch Word Search,3911469,Unexplained Mysteries (Books),5254
2026-05-07 19:01:46.804662,B0D429W5H1,Sasquatch Word Search,3911469,Word Search Games,17499
2026-05-07 19:01:46.804663,B0D429W5H1,Sasquatch Word Search,3911469,Word Games (Books),19032
2026-05-07 19:02:02.946173,B0D429WWSQ,Sasquatch Word Search,2574542,Unexplained Mysteries (Books),3791
2026-05-07 19:02:02.946176,B0D429WWSQ,Sasquatch Word Search,2574542,Word Search Games,11247
2026-05-07 19:02:02.946176,B0D429WWSQ,Sasquatch Word Search,2574542,Word Games (Books),12422
2026-05-07 19:02:19.270459,B0D22PKCGW,Alien Word Search Large Print,4163439,UFOs (Books),3446
2026-05-07 19:02:19.270461,B0D22PKCGW,Alien Word Search Large Print,4163439,Ancient & Controversial Knowledge,4153
2026-05-07 19:02:19.270462,B0D22PKCGW,Alien Word Search Large Print,4163439,Word Search Games,18716
2026-05-07 19:02:35.492893,B0CTPR6KZ4,Alien Word Search,2166545,UFOs (Books),2103
2026-05-07 19:02:35.492895,B0CTPR6KZ4,Alien Word Search,2166545,Ancient & Controversial Knowledge,2443
2026-05-07 19:02:35.492895,B0CTPR6KZ4,Alien Word Search,2166545,Word Search Games,9378
2026-05-07 20:23:49.796561,B0D1MYMVCC,Haunted Word Search Large Print,,,
2026-05-07 20:24:06.836620,B0CSZDC243,Haunted Word Search,6815115,Ghosts & Hauntings,5518
2026-05-07 20:24:06.836624,B0CSZDC243,Haunted Word Search,6815115,Psychic Phenomena,7031
2026-05-07 20:24:06.836625,B0CSZDC243,Haunted Word Search,6815115,Supernaturalism (Books),8507
2026-05-07 20:24:23.480706,B0D3XXZRRC,Witches Word Search,6065941,Witchcraft Religion & Spirituality,7153
2026-05-07 20:24:23.480713,B0D3XXZRRC,Witches Word Search,6065941,Spiritualism,10286
2026-05-07 20:24:23.480714,B0D3XXZRRC,Witches Word Search,6065941,Word Search Games,29091
2026-05-07 20:24:40.054108,B0D3XXY1HV,Witches Word Search Large Print,,,
2026-05-07 20:24:56.606134,B0G43ZNNRX,Weather Word Search Large Print,,,
2026-05-07 20:25:13.187238,B0D97NFBG2,Weather Word Search,2012882,Natural Disasters (Books),671
2026-05-07 20:25:13.187242,B0D97NFBG2,Weather Word Search,2012882,Weather (Books),1132
2026-05-07 20:25:13.187243,B0D97NFBG2,Weather Word Search,2012882,Word Search Games,8751
2026-05-07 20:25:29.667389,B0D9B6HKC8,Space Word Search,9098401,Solar System (Books),818
2026-05-07 20:25:29.667392,B0D9B6HKC8,Space Word Search,9098401,Astronomy (Books),10428
2026-05-07 20:25:29.667393,B0D9B6HKC8,Space Word Search,9098401,Word Search Games,45201
2026-05-07 20:25:48.662831,B0D986WRQY,Ocean Word Search,,,
2026-05-07 20:26:07.693036,B0D9D6QJKD,Earth Science Word Search,,,
2026-05-07 20:26:24.455698,B0D9DRYQSH,Animal Word Search,,,
2026-05-07 20:26:42.378794,B0FPDF7GQV,Halloween Word Search,7623052,Holidays (Books),889
2026-05-07 20:26:42.378797,B0FPDF7GQV,Halloween Word Search,7623052,Customs & Traditions Social Sciences,5716
2026-05-07 20:26:42.378797,B0FPDF7GQV,Halloween Word Search,7623052,Ghosts & Hauntings,5879
2026-05-07 20:27:00.853346,B0DXP99LNN,Spring Word Search,6117196,Gardening & Landscape Design,27074
2026-05-07 20:27:00.853350,B0DXP99LNN,Spring Word Search,6117196,Word Search Games,29394
2026-05-07 20:27:00.853350,B0DXP99LNN,Spring Word Search,6117196,Word Games (Books),31465
2026-05-07 20:27:20.053981,B0F61TRMXM,Summer Word Search,,,
2026-05-07 20:27:38.937204,B0DTKGRKC2,Romance Word Search,8197102,Humorous Erotica (Books),22504
2026-05-07 20:27:38.937206,B0DTKGRKC2,Romance Word Search,8197102,Romantic Erotica (Books),36658
2026-05-07 20:27:38.937207,B0DTKGRKC2,Romance Word Search,8197102,Word Search Games,40827
2026-05-07 20:27:59.030670,B0DS5HPJ1M,Alien Adult Activity Book,2079229,UFOs (Books),2032
2026-05-07 20:27:59.030673,B0DS5HPJ1M,Alien Adult Activity Book,2079229,Logic & Brain Teasers (Books),4801
2026-05-07 20:27:59.030674,B0DS5HPJ1M,Alien Adult Activity Book,2079229,Puzzles (Books),9610
2026-05-07 20:28:18.262778,B0FJ8TFSZ1,Fall Word Search,6577800,Holidays (Books),767
2026-05-07 20:28:18.262781,B0FJ8TFSZ1,Fall Word Search,6577800,Word Search Games,31980
2026-05-07 20:28:18.262782,B0FJ8TFSZ1,Fall Word Search,6577800,Word Games (Books),34161
2026-05-07 20:28:36.373338,B0G4GQL5TG,Winter Word Search,9395186,Holidays (Books),1073
2026-05-07 20:28:36.373341,B0G4GQL5TG,Winter Word Search,9395186,Word Search Games,47409
2026-05-07 20:28:36.373341,B0G4GQL5TG,Winter Word Search,9395186,Word Games (Books),50125
2026-05-07 20:28:54.794510,B0G5Z47WY7,Christmas Word Search,9394714,Holidays (Books),1072
2026-05-07 20:28:54.794514,B0G5Z47WY7,Christmas Word Search,9394714,Word Search Games,47390
2026-05-07 20:28:54.794515,B0G5Z47WY7,Christmas Word Search,9394714,Word Games (Books),50105
2026-05-07 20:29:12.655421,B0D2HQ2N8G,Cryptids Word Search Large Print,,,
2026-05-07 20:29:30.611173,B0CVNHV3CV,Cryptids Word Search,3874512,Ancient & Controversial Knowledge,3922
2026-05-07 20:29:30.611177,B0CVNHV3CV,Cryptids Word Search,3874512,Unexplained Mysteries (Books),5210
2026-05-07 20:29:30.611178,B0CVNHV3CV,Cryptids Word Search,3874512,Word Search Games,17329
2026-05-07 20:29:49.748844,B0D429W5H1,Sasquatch Word Search,3911350,Unexplained Mysteries (Books),5254
2026-05-07 20:29:49.748847,B0D429W5H1,Sasquatch Word Search,3911350,Word Search Games,17499
2026-05-07 20:29:49.748848,B0D429W5H1,Sasquatch Word Search,3911350,Word Games (Books),19032
2026-05-07 20:30:08.755086,B0D429WWSQ,Sasquatch Word Search,2574464,Unexplained Mysteries (Books),3791
2026-05-07 20:30:08.755091,B0D429WWSQ,Sasquatch Word Search,2574464,Word Search Games,11247
2026-05-07 20:30:08.755092,B0D429WWSQ,Sasquatch Word Search,2574464,Word Games (Books),12422
2026-05-07 20:30:28.635525,B0D22PKCGW,Alien Word Search Large Print,4163316,UFOs (Books),3446
2026-05-07 20:30:28.635529,B0D22PKCGW,Alien Word Search Large Print,4163316,Ancient & Controversial Knowledge,4153
2026-05-07 20:30:28.635530,B0D22PKCGW,Alien Word Search Large Print,4163316,Word Search Games,18716
2026-05-07 20:30:47.363418,B0CTPR6KZ4,Alien Word Search,2166482,UFOs (Books),2103
2026-05-07 20:30:47.363422,B0CTPR6KZ4,Alien Word Search,2166482,Ancient & Controversial Knowledge,2443
2026-05-07 20:30:47.363423,B0CTPR6KZ4,Alien Word Search,2166482,Word Search Games,9378
2026-05-07 22:14:56.659171,B0CSZDC243,Haunted Word Search,,,
2026-05-07 22:22:46.426463,B0D9B6HKC8,Space Word Search,,,
2026-05-07 22:25:56.877634,B0D9D6QJKD,Earth Science Word Search,,,
2026-05-07 22:27:08.188101,B0D9DRYQSH,Animal Word Search,,,
2026-05-07 22:27:53.354991,B0FPDF7GQV,Halloween Word Search,,,
2026-05-07 22:30:11.244479,B0F61TRMXM,Summer Word Search,,,
2026-05-07 22:36:27.672753,B0G4GQL5TG,Winter Word Search,,,
2026-05-07 22:41:25.407106,B0D429W5H1,Sasquatch Word Search,3918415,Unexplained Mysteries (Books),5257
2026-05-07 22:41:25.407108,B0D429W5H1,Sasquatch Word Search,3918415,Word Search Games,17522
2026-05-07 22:41:25.407109,B0D429W5H1,Sasquatch Word Search,3918415,Word Games (Books),19058
2026-05-07 22:41:41.821448,B0D429WWSQ,Sasquatch Word Search,2585863,Unexplained Mysteries (Books),3799
2026-05-07 22:41:41.821450,B0D429WWSQ,Sasquatch Word Search,2585863,Word Search Games,11293
2026-05-07 22:41:41.821451,B0D429WWSQ,Sasquatch Word Search,2585863,Word Games (Books),12473
2026-05-07 22:41:58.138478,B0D22PKCGW,Alien Word Search Large Print,4169895,UFOs (Books),3450
2026-05-07 22:41:58.138483,B0D22PKCGW,Alien Word Search Large Print,4169895,Ancient & Controversial Knowledge,4160
2026-05-07 22:41:58.138484,B0D22PKCGW,Alien Word Search Large Print,4169895,Word Search Games,18737
2026-05-07 22:42:14.850146,B0CTPR6KZ4,Alien Word Search,2180160,UFOs (Books),2110
2026-05-07 22:42:14.850148,B0CTPR6KZ4,Alien Word Search,2180160,Ancient & Controversial Knowledge,2462
2026-05-07 22:42:14.850149,B0CTPR6KZ4,Alien Word Search,2180160,Word Search Games,9436
2026-05-08 00:07:44.474919,B0D3XXY1HV,Witches Word Search Large Print,,,
2026-05-08 00:08:00.806467,B0G43ZNNRX,Weather Word Search Large Print,,,
2026-05-08 00:08:17.298254,B0D97NFBG2,Weather Word Search,2027637,Natural Disasters (Books),673
2026-05-08 00:08:17.298261,B0D97NFBG2,Weather Word Search,2027637,Weather (Books),1138
2026-05-08 00:08:17.298262,B0D97NFBG2,Weather Word Search,2027637,Word Search Games,8808
2026-05-08 00:08:33.646236,B0D9B6HKC8,Space Word Search,9101081,Solar System (Books),818
2026-05-08 00:08:33.646238,B0D9B6HKC8,Space Word Search,9101081,Astronomy (Books),10428
2026-05-08 00:08:33.646239,B0D9B6HKC8,Space Word Search,9101081,Word Search Games,45206
2026-05-08 00:08:50.214312,B0D986WRQY,Ocean Word Search,,,
2026-05-08 00:09:06.355608,B0D9D6QJKD,Earth Science Word Search,,,
2026-05-08 00:09:22.608125,B0D9DRYQSH,Animal Word Search,,,
2026-05-08 00:09:39.146575,B0FPDF7GQV,Halloween Word Search,7626274,Holidays (Books),889
2026-05-08 00:09:39.146579,B0FPDF7GQV,Halloween Word Search,7626274,Customs & Traditions Social Sciences,5718
2026-05-08 00:09:39.146579,B0FPDF7GQV,Halloween Word Search,7626274,Ghosts & Hauntings,5879
2026-05-08 00:09:55.458813,B0DXP99LNN,Spring Word Search,6121338,Gardening & Landscape Design,27080
2026-05-08 00:09:55.458828,B0DXP99LNN,Spring Word Search,6121338,Word Search Games,29403
2026-05-08 00:09:55.458831,B0DXP99LNN,Spring Word Search,6121338,Word Games (Books),31478
2026-05-08 00:10:11.838729,B0F61TRMXM,Summer Word Search,,,
2026-05-08 00:10:28.361031,B0DTKGRKC2,Romance Word Search,8199556,Humorous Erotica (Books),22507
2026-05-08 00:10:28.361034,B0DTKGRKC2,Romance Word Search,8199556,Romantic Erotica (Books),36663
2026-05-08 00:10:28.361035,B0DTKGRKC2,Romance Word Search,8199556,Word Search Games,40831
2026-05-08 00:10:45.106350,B0DS5HPJ1M,Alien Adult Activity Book,2093493,UFOs (Books),2040
2026-05-08 00:10:45.106355,B0DS5HPJ1M,Alien Adult Activity Book,2093493,Logic & Brain Teasers (Books),4814
2026-05-08 00:10:45.106356,B0DS5HPJ1M,Alien Adult Activity Book,2093493,Puzzles (Books),9663
2026-05-08 00:11:01.614670,B0FJ8TFSZ1,Fall Word Search,6581614,Holidays (Books),767
2026-05-08 00:11:01.614673,B0FJ8TFSZ1,Fall Word Search,6581614,Word Search Games,31990
2026-05-08 00:11:01.614674,B0FJ8TFSZ1,Fall Word Search,6581614,Word Games (Books),34175
2026-05-08 00:11:18.185579,B0G4GQL5TG,Winter Word Search,9397764,Holidays (Books),1073
2026-05-08 00:11:18.185584,B0G4GQL5TG,Winter Word Search,9397764,Word Search Games,47413
2026-05-08 00:11:18.185584,B0G4GQL5TG,Winter Word Search,9397764,Word Games (Books),50132
2026-05-08 00:11:34.880700,B0G5Z47WY7,Christmas Word Search,9396717,Holidays (Books),1072
2026-05-08 00:11:34.880704,B0G5Z47WY7,Christmas Word Search,9396717,Word Search Games,47393
2026-05-08 00:11:34.880705,B0G5Z47WY7,Christmas Word Search,9396717,Word Games (Books),50112
2026-05-08 00:11:51.193441,B0D2HQ2N8G,Cryptids Word Search Large Print,,,
2026-05-08 00:12:07.926818,B0CVNHV3CV,Cryptids Word Search,3881339,Ancient & Controversial Knowledge,3928
2026-05-08 00:12:07.926823,B0CVNHV3CV,Cryptids Word Search,3881339,Unexplained Mysteries (Books),5213
2026-05-08 00:12:07.926824,B0CVNHV3CV,Cryptids Word Search,3881339,Word Search Games,17349
2026-05-08 00:12:24.457474,B0D429W5H1,Sasquatch Word Search,3918087,Unexplained Mysteries (Books),5257
2026-05-08 00:12:24.457478,B0D429W5H1,Sasquatch Word Search,3918087,Word Search Games,17519
2026-05-08 00:12:24.457479,B0D429W5H1,Sasquatch Word Search,3918087,Word Games (Books),19058
2026-05-08 00:12:40.759671,B0D429WWSQ,Sasquatch Word Search,2585887,Unexplained Mysteries (Books),3799
2026-05-08 00:12:40.759674,B0D429WWSQ,Sasquatch Word Search,2585887,Word Search Games,11290
2026-05-08 00:12:40.759674,B0D429WWSQ,Sasquatch Word Search,2585887,Word Games (Books),12473
2026-05-08 00:12:57.336961,B0D22PKCGW,Alien Word Search Large Print,4169551,UFOs (Books),3448
2026-05-08 00:12:57.336963,B0D22PKCGW,Alien Word Search Large Print,4169551,Ancient & Controversial Knowledge,4159
2026-05-08 00:12:57.336964,B0D22PKCGW,Alien Word Search Large Print,4169551,Word Search Games,18734
2026-05-08 00:13:13.640264,B0CTPR6KZ4,Alien Word Search,2180183,UFOs (Books),2110
2026-05-08 00:13:13.640267,B0CTPR6KZ4,Alien Word Search,2180183,Ancient & Controversial Knowledge,2462
2026-05-08 00:13:13.640267,B0CTPR6KZ4,Alien Word Search,2180183,Word Search Games,9433
2026-05-08 04:20:13.989473,B0D9JQ33BX,Paranormal Word Search,,,
2026-05-08 04:20:30.905879,B0D1MYMVCC,Haunted Word Search Large Print,,,
2026-05-08 04:20:47.072407,B0CSZDC243,Haunted Word Search,6813723,Ghosts & Hauntings,5517
2026-05-08 04:20:47.072409,B0CSZDC243,Haunted Word Search,6813723,Psychic Phenomena,7031
2026-05-08 04:20:47.072410,B0CSZDC243,Haunted Word Search,6813723,Supernaturalism (Books),8503
2026-05-08 04:21:03.362904,B0D3XXZRRC,Witches Word Search,6097852,Witchcraft Religion & Spirituality,7180
2026-05-08 04:21:03.362909,B0D3XXZRRC,Witches Word Search,6097852,Spiritualism,10339
2026-05-08 04:21:03.362910,B0D3XXZRRC,Witches Word Search,6097852,Word Search Games,29248
2026-05-08 04:21:19.697127,B0D3XXY1HV,Witches Word Search Large Print,,,
2026-05-08 04:21:35.937842,B0G43ZNNRX,Weather Word Search Large Print,,,
2026-05-08 04:21:52.139343,B0D97NFBG2,Weather Word Search,1991457,Natural Disasters (Books),668
2026-05-08 04:21:52.139346,B0D97NFBG2,Weather Word Search,1991457,Weather (Books),1113
2026-05-08 04:21:52.139346,B0D97NFBG2,Weather Word Search,1991457,Word Search Games,8719
2026-05-08 04:22:08.373625,B0D9B6HKC8,Space Word Search,9106730,Solar System (Books),817
2026-05-08 04:22:08.373627,B0D9B6HKC8,Space Word Search,9106730,Astronomy (Books),10428
2026-05-08 04:22:08.373628,B0D9B6HKC8,Space Word Search,9106730,Word Search Games,45218
2026-05-08 04:22:24.873937,B0D986WRQY,Ocean Word Search,,,
2026-05-08 04:22:41.104664,B0D9D6QJKD,Earth Science Word Search,,,
2026-05-08 04:22:57.340527,B0D9DRYQSH,Animal Word Search,,,
2026-05-08 04:23:13.538826,B0FPDF7GQV,Halloween Word Search,7623824,Holidays (Books),890
2026-05-08 04:23:13.538829,B0FPDF7GQV,Halloween Word Search,7623824,Customs & Traditions Social Sciences,5715
2026-05-08 04:23:13.538829,B0FPDF7GQV,Halloween Word Search,7623824,Ghosts & Hauntings,5878
2026-05-08 04:23:31.098678,B0DXP99LNN,Spring Word Search,6113191,Gardening & Landscape Design,27028
2026-05-08 04:23:31.098680,B0DXP99LNN,Spring Word Search,6113191,Word Search Games,29353
2026-05-08 04:23:31.098680,B0DXP99LNN,Spring Word Search,6113191,Word Games (Books),31425
2026-05-08 04:23:47.296822,B0F61TRMXM,Summer Word Search,,,
2026-05-08 04:24:04.461816,B0DTKGRKC2,Romance Word Search,8198899,Humorous Erotica (Books),22513
2026-05-08 04:24:04.461818,B0DTKGRKC2,Romance Word Search,8198899,Romantic Erotica (Books),36669
2026-05-08 04:24:04.461819,B0DTKGRKC2,Romance Word Search,8198899,Word Search Games,40814
2026-05-08 04:24:20.727830,B0DS5HPJ1M,Alien Adult Activity Book,2139520,UFOs (Books),2081
2026-05-08 04:24:20.727832,B0DS5HPJ1M,Alien Adult Activity Book,2139520,Logic & Brain Teasers (Books),4937
2026-05-08 04:24:20.727833,B0DS5HPJ1M,Alien Adult Activity Book,2139520,Puzzles (Books),9880
2026-05-08 04:24:37.114696,B0FJ8TFSZ1,Fall Word Search,6575075,Holidays (Books),766
2026-05-08 04:24:37.114698,B0FJ8TFSZ1,Fall Word Search,6575075,Word Search Games,31958
2026-05-08 04:24:37.114699,B0FJ8TFSZ1,Fall Word Search,6575075,Word Games (Books),34139
2026-05-08 04:24:53.481398,B0G4GQL5TG,Winter Word Search,9403326,Holidays (Books),1073
2026-05-08 04:24:53.481401,B0G4GQL5TG,Winter Word Search,9403326,Word Search Games,47425
2026-05-08 04:24:53.481402,B0G4GQL5TG,Winter Word Search,9403326,Word Games (Books),50145
2026-05-08 04:25:09.710114,B0G5Z47WY7,Christmas Word Search,9402854,Holidays (Books),1072
2026-05-08 04:25:09.710116,B0G5Z47WY7,Christmas Word Search,9402854,Word Search Games,47406
2026-05-08 04:25:09.710117,B0G5Z47WY7,Christmas Word Search,9402854,Word Games (Books),50125
2026-05-08 04:25:25.924763,B0D2HQ2N8G,Cryptids Word Search Large Print,,,
2026-05-08 04:25:42.125947,B0CVNHV3CV,Cryptids Word Search,3859117,Ancient & Controversial Knowledge,3910
2026-05-08 04:25:42.125950,B0CVNHV3CV,Cryptids Word Search,3859117,Unexplained Mysteries (Books),5188
2026-05-08 04:25:42.125950,B0CVNHV3CV,Cryptids Word Search,3859117,Word Search Games,17205
2026-05-08 04:25:58.109892,B0D429W5H1,Sasquatch Word Search,3895604,Unexplained Mysteries (Books),5233
2026-05-08 04:25:58.109894,B0D429W5H1,Sasquatch Word Search,3895604,Word Search Games,17367
2026-05-08 04:25:58.109895,B0D429W5H1,Sasquatch Word Search,3895604,Word Games (Books),18901
2026-05-08 04:26:14.418949,B0D429WWSQ,Sasquatch Word Search,2620076,Unexplained Mysteries (Books),3846
2026-05-08 04:26:14.418951,B0D429WWSQ,Sasquatch Word Search,2620076,Word Search Games,11461
2026-05-08 04:26:14.418951,B0D429WWSQ,Sasquatch Word Search,2620076,Word Games (Books),12660
2026-05-08 04:26:30.678345,B0D22PKCGW,Alien Word Search Large Print,4153444,UFOs (Books),3447
2026-05-08 04:26:30.678347,B0D22PKCGW,Alien Word Search Large Print,4153444,Ancient & Controversial Knowledge,4151
2026-05-08 04:26:30.678348,B0D22PKCGW,Alien Word Search Large Print,4153444,Word Search Games,18676
2026-05-08 04:26:46.939970,B0CTPR6KZ4,Alien Word Search,2175647,UFOs (Books),2112
2026-05-08 04:26:46.939972,B0CTPR6KZ4,Alien Word Search,2175647,Ancient & Controversial Knowledge,2465
2026-05-08 04:26:46.939973,B0CTPR6KZ4,Alien Word Search,2175647,Word Search Games,9481
2026-05-08 07:03:47.621825,B0D3XXY1HV,Witches Word Search Large Print,,,
2026-05-08 07:04:04.016691,B0G43ZNNRX,Weather Word Search Large Print,,,
2026-05-08 07:04:20.330026,B0D97NFBG2,Weather Word Search,1991528,Natural Disasters (Books),667
2026-05-08 07:04:20.330034,B0D97NFBG2,Weather Word Search,1991528,Weather (Books),1113
2026-05-08 07:04:20.330035,B0D97NFBG2,Weather Word Search,1991528,Word Search Games,8726
2026-05-08 07:04:36.564892,B0D9B6HKC8,Space Word Search,9106904,Solar System (Books),817
2026-05-08 07:04:36.564896,B0D9B6HKC8,Space Word Search,9106904,Astronomy (Books),10427
2026-05-08 07:04:36.564897,B0D9B6HKC8,Space Word Search,9106904,Word Search Games,45319
2026-05-08 07:04:52.881574,B0D986WRQY,Ocean Word Search,,,
2026-05-08 07:05:09.041056,B0D9D6QJKD,Earth Science Word Search,,,
2026-05-08 07:05:25.488810,B0D9DRYQSH,Animal Word Search,,,
2026-05-08 07:05:41.689105,B0FPDF7GQV,Halloween Word Search,7623978,Holidays (Books),890
2026-05-08 07:05:41.689108,B0FPDF7GQV,Halloween Word Search,7623978,Customs & Traditions Social Sciences,5715
2026-05-08 07:05:41.689109,B0FPDF7GQV,Halloween Word Search,7623978,Ghosts & Hauntings,5878
2026-05-08 07:05:57.953650,B0DXP99LNN,Spring Word Search,6113317,Gardening & Landscape Design,27027
2026-05-08 07:05:57.953656,B0DXP99LNN,Spring Word Search,6113317,Word Search Games,29398
2026-05-08 07:05:57.953657,B0DXP99LNN,Spring Word Search,6113317,Word Games (Books),31476
2026-05-08 07:06:13.993332,B0F61TRMXM,Summer Word Search,,,
2026-05-08 07:06:30.137831,B0DTKGRKC2,Romance Word Search,8199059,Humorous Erotica (Books),22512
2026-05-08 07:06:30.137834,B0DTKGRKC2,Romance Word Search,8199059,Romantic Erotica (Books),36669
2026-05-08 07:06:30.137835,B0DTKGRKC2,Romance Word Search,8199059,Word Search Games,40900
2026-05-08 07:06:46.510133,B0DS5HPJ1M,Alien Adult Activity Book,2139596,UFOs (Books),2081
2026-05-08 07:06:46.510137,B0DS5HPJ1M,Alien Adult Activity Book,2139596,Logic & Brain Teasers (Books),4937
2026-05-08 07:06:46.510138,B0DS5HPJ1M,Alien Adult Activity Book,2139596,Puzzles (Books),9890
2026-05-08 07:07:02.692496,B0FJ8TFSZ1,Fall Word Search,6575214,Holidays (Books),766
2026-05-08 07:07:02.692499,B0FJ8TFSZ1,Fall Word Search,6575214,Word Search Games,32014
2026-05-08 07:07:02.692500,B0FJ8TFSZ1,Fall Word Search,6575214,Word Games (Books),34202
2026-05-08 07:07:18.942186,B0G4GQL5TG,Winter Word Search,9403515,Holidays (Books),1073
2026-05-08 07:07:18.942189,B0G4GQL5TG,Winter Word Search,9403515,Word Search Games,47541
2026-05-08 07:07:18.942190,B0G4GQL5TG,Winter Word Search,9403515,Word Games (Books),50268
2026-05-08 07:07:35.268652,B0G5Z47WY7,Christmas Word Search,9403043,Holidays (Books),1072
2026-05-08 07:07:35.268655,B0G5Z47WY7,Christmas Word Search,9403043,Word Search Games,47522
2026-05-08 07:07:35.268656,B0G5Z47WY7,Christmas Word Search,9403043,Word Games (Books),50248
2026-05-08 07:07:51.520650,B0D2HQ2N8G,Cryptids Word Search Large Print,,,
2026-05-08 07:08:07.768106,B0CVNHV3CV,Cryptids Word Search,3859229,Ancient & Controversial Knowledge,3910
2026-05-08 07:08:07.768109,B0CVNHV3CV,Cryptids Word Search,3859229,Unexplained Mysteries (Books),5188
2026-05-08 07:08:07.768109,B0CVNHV3CV,Cryptids Word Search,3859229,Word Search Games,17216
2026-05-08 07:08:23.957179,B0D429W5H1,Sasquatch Word Search,3895717,Unexplained Mysteries (Books),5233
2026-05-08 07:08:23.957181,B0D429W5H1,Sasquatch Word Search,3895717,Word Search Games,17379
2026-05-08 07:08:23.957182,B0D429W5H1,Sasquatch Word Search,3895717,Word Games (Books),18918
2026-05-08 07:08:40.290341,B0D429WWSQ,Sasquatch Word Search,2620170,Unexplained Mysteries (Books),3846
2026-05-08 07:08:40.290344,B0D429WWSQ,Sasquatch Word Search,2620170,Word Search Games,11470
2026-05-08 07:08:40.290345,B0D429WWSQ,Sasquatch Word Search,2620170,Word Games (Books),12672
2026-05-08 07:08:56.516939,B0D22PKCGW,Alien Word Search Large Print,4153560,UFOs (Books),3447
2026-05-08 07:08:56.516941,B0D22PKCGW,Alien Word Search Large Print,4153560,Ancient & Controversial Knowledge,4151
2026-05-08 07:08:56.516942,B0D22PKCGW,Alien Word Search Large Print,4153560,Word Search Games,18691
2026-05-08 07:09:12.762646,B0CTPR6KZ4,Alien Word Search,2175724,UFOs (Books),2112
2026-05-08 07:09:12.762648,B0CTPR6KZ4,Alien Word Search,2175724,Ancient & Controversial Knowledge,2465
2026-05-08 07:09:12.762649,B0CTPR6KZ4,Alien Word Search,2175724,Word Search Games,9489
2026-05-08 08:29:08.352536,B0D1MYMVCC,Haunted Word Search Large Print,,,
2026-05-08 08:29:25.275206,B0CSZDC243,Haunted Word Search,6815227,Ghosts & Hauntings,5516
2026-05-08 08:29:25.275209,B0CSZDC243,Haunted Word Search,6815227,Psychic Phenomena,7030
2026-05-08 08:29:25.275209,B0CSZDC243,Haunted Word Search,6815227,Supernaturalism (Books),8503
2026-05-08 08:29:41.433950,B0D3XXZRRC,Witches Word Search,6099355,Witchcraft Religion & Spirituality,7180
2026-05-08 08:29:41.433956,B0D3XXZRRC,Witches Word Search,6099355,Spiritualism,10340
2026-05-08 08:29:41.433957,B0D3XXZRRC,Witches Word Search,6099355,Word Search Games,29288
2026-05-08 08:29:57.634912,B0D3XXY1HV,Witches Word Search Large Print,,,
2026-05-08 08:30:13.802204,B0G43ZNNRX,Weather Word Search Large Print,,,
2026-05-08 08:30:30.056170,B0D97NFBG2,Weather Word Search,1993013,Natural Disasters (Books),667
2026-05-08 08:30:30.056173,B0D97NFBG2,Weather Word Search,1993013,Weather (Books),1105
2026-05-08 08:30:30.056173,B0D97NFBG2,Weather Word Search,1993013,Word Search Games,8726
2026-05-08 08:30:46.181752,B0D9B6HKC8,Space Word Search,9108224,Solar System (Books),817
2026-05-08 08:30:46.181754,B0D9B6HKC8,Space Word Search,9108224,Astronomy (Books),10428
2026-05-08 08:30:46.181755,B0D9B6HKC8,Space Word Search,9108224,Word Search Games,45306
2026-05-08 08:31:02.439541,B0D986WRQY,Ocean Word Search,,,
2026-05-08 08:31:18.601514,B0D9D6QJKD,Earth Science Word Search,,,
2026-05-08 08:31:34.750940,B0D9DRYQSH,Animal Word Search,,,
2026-05-08 08:31:50.827252,B0FPDF7GQV,Halloween Word Search,7625327,Holidays (Books),890
2026-05-08 08:31:50.827255,B0FPDF7GQV,Halloween Word Search,7625327,Customs & Traditions Social Sciences,5714
2026-05-08 08:31:50.827256,B0FPDF7GQV,Halloween Word Search,7625327,Ghosts & Hauntings,5875
2026-05-08 08:32:06.963778,B0DXP99LNN,Spring Word Search,6114694,Gardening & Landscape Design,27024
2026-05-08 08:32:06.963780,B0DXP99LNN,Spring Word Search,6114694,Word Search Games,29393
2026-05-08 08:32:06.963781,B0DXP99LNN,Spring Word Search,6114694,Word Games (Books),31473
2026-05-08 08:32:23.152780,B0F61TRMXM,Summer Word Search,,,
2026-05-08 08:32:39.382008,B0DTKGRKC2,Romance Word Search,8200397,Humorous Erotica (Books),22511
2026-05-08 08:32:39.382011,B0DTKGRKC2,Romance Word Search,8200397,Romantic Erotica (Books),36664
2026-05-08 08:32:39.382011,B0DTKGRKC2,Romance Word Search,8200397,Word Search Games,40889
2026-05-08 08:32:55.582508,B0DS5HPJ1M,Alien Adult Activity Book,2141079,UFOs (Books),2082
2026-05-08 08:32:55.582511,B0DS5HPJ1M,Alien Adult Activity Book,2141079,Logic & Brain Teasers (Books),4936
2026-05-08 08:32:55.582512,B0DS5HPJ1M,Alien Adult Activity Book,2141079,Puzzles (Books),9889
2026-05-08 08:33:11.808927,B0FJ8TFSZ1,Fall Word Search,6576580,Holidays (Books),766
2026-05-08 08:33:11.808929,B0FJ8TFSZ1,Fall Word Search,6576580,Word Search Games,32009
2026-05-08 08:33:11.808930,B0FJ8TFSZ1,Fall Word Search,6576580,Word Games (Books),34199
2026-05-08 08:33:28.227351,B0G4GQL5TG,Winter Word Search,9404829,Holidays (Books),1073
2026-05-08 08:33:28.227353,B0G4GQL5TG,Winter Word Search,9404829,Word Search Games,47527
2026-05-08 08:33:28.227354,B0G4GQL5TG,Winter Word Search,9404829,Word Games (Books),50256
2026-05-08 08:33:44.558403,B0G5Z47WY7,Christmas Word Search,9404357,Holidays (Books),1072
2026-05-08 08:33:44.558406,B0G5Z47WY7,Christmas Word Search,9404357,Word Search Games,47508
2026-05-08 08:33:44.558407,B0G5Z47WY7,Christmas Word Search,9404357,Word Games (Books),50236
2026-05-08 08:34:00.659807,B0D2HQ2N8G,Cryptids Word Search Large Print,,,
2026-05-08 08:34:16.838688,B0CVNHV3CV,Cryptids Word Search,3860663,Ancient & Controversial Knowledge,3908
2026-05-08 08:34:16.838691,B0CVNHV3CV,Cryptids Word Search,3860663,Unexplained Mysteries (Books),5188
2026-05-08 08:34:16.838691,B0CVNHV3CV,Cryptids Word Search,3860663,Word Search Games,17215
2026-05-08 08:34:32.921891,B0D429W5H1,Sasquatch Word Search,3897149,Unexplained Mysteries (Books),5233
2026-05-08 08:34:32.921895,B0D429W5H1,Sasquatch Word Search,3897149,Word Search Games,17378
2026-05-08 08:34:32.921895,B0D429W5H1,Sasquatch Word Search,3897149,Word Games (Books),18919
2026-05-08 08:34:49.169585,B0D429WWSQ,Sasquatch Word Search,2621634,Unexplained Mysteries (Books),3846
2026-05-08 08:34:49.169587,B0D429WWSQ,Sasquatch Word Search,2621634,Word Search Games,11469
2026-05-08 08:34:49.169588,B0D429WWSQ,Sasquatch Word Search,2621634,Word Games (Books),12673
2026-05-08 08:35:05.441351,B0D22PKCGW,Alien Word Search Large Print,4154988,UFOs (Books),3448
2026-05-08 08:35:05.441354,B0D22PKCGW,Alien Word Search Large Print,4154988,Ancient & Controversial Knowledge,4149
2026-05-08 08:35:05.441355,B0D22PKCGW,Alien Word Search Large Print,4154988,Word Search Games,18690
2026-05-08 08:35:21.916951,B0CTPR6KZ4,Alien Word Search,2177205,UFOs (Books),2113
2026-05-08 08:35:21.916954,B0CTPR6KZ4,Alien Word Search,2177205,Ancient & Controversial Knowledge,2463
2026-05-08 08:35:21.916954,B0CTPR6KZ4,Alien Word Search,2177205,Word Search Games,9488
2026-05-08 10:50:46.489418,B0D3XXZRRC,Witches Word Search,,,
2026-05-08 10:51:03.214762,B0D3XXY1HV,Witches Word Search Large Print,,,
2026-05-08 10:51:19.501649,B0G43ZNNRX,Weather Word Search Large Print,,,
2026-05-08 10:51:36.020981,B0D97NFBG2,Weather Word Search,242657,Weather (Books),96
2026-05-08 10:51:36.020987,B0D97NFBG2,Weather Word Search,242657,Natural Disasters (Books),105
2026-05-08 10:51:36.020988,B0D97NFBG2,Weather Word Search,242657,Word Search Games,1330
2026-05-08 10:51:52.482806,B0D9B6HKC8,Space Word Search,9113354,Solar System (Books),818
2026-05-08 10:51:52.482808,B0D9B6HKC8,Space Word Search,9113354,Astronomy (Books),10436
2026-05-08 10:51:52.482809,B0D9B6HKC8,Space Word Search,9113354,Word Search Games,45281
2026-05-08 10:52:08.969779,B0D986WRQY,Ocean Word Search,,,
2026-05-08 10:52:25.309029,B0D9D6QJKD,Earth Science Word Search,,,
2026-05-08 10:52:41.543716,B0D9DRYQSH,Animal Word Search,,,
2026-05-08 10:52:57.801197,B0FPDF7GQV,Halloween Word Search,7631034,Holidays (Books),889
2026-05-08 10:52:57.801199,B0FPDF7GQV,Halloween Word Search,7631034,Customs & Traditions Social Sciences,5717
2026-05-08 10:52:57.801200,B0FPDF7GQV,Halloween Word Search,7631034,Ghosts & Hauntings,5877
2026-05-08 10:53:14.185386,B0DXP99LNN,Spring Word Search,6122352,Gardening & Landscape Design,27043
2026-05-08 10:53:14.185388,B0DXP99LNN,Spring Word Search,6122352,Word Search Games,29381
2026-05-08 10:53:14.185389,B0DXP99LNN,Spring Word Search,6122352,Word Games (Books),31464
2026-05-08 10:53:30.542489,B0F61TRMXM,Summer Word Search,,,
2026-05-08 10:53:46.844343,B0DTKGRKC2,Romance Word Search,8205787,Humorous Erotica (Books),22515
2026-05-08 10:53:46.844345,B0DTKGRKC2,Romance Word Search,8205787,Romantic Erotica (Books),36677
2026-05-08 10:53:46.844346,B0DTKGRKC2,Romance Word Search,8205787,Word Search Games,40873
2026-05-08 10:54:03.360393,B0DS5HPJ1M,Alien Adult Activity Book,2168874,UFOs (Books),2101
2026-05-08 10:54:03.360395,B0DS5HPJ1M,Alien Adult Activity Book,2168874,Logic & Brain Teasers (Books),4981
2026-05-08 10:54:03.360395,B0DS5HPJ1M,Alien Adult Activity Book,2168874,Puzzles (Books),10000
2026-05-08 10:54:19.861487,B0FJ8TFSZ1,Fall Word Search,6583530,Holidays (Books),766
2026-05-08 10:54:19.861490,B0FJ8TFSZ1,Fall Word Search,6583530,Word Search Games,31996
2026-05-08 10:54:19.861491,B0FJ8TFSZ1,Fall Word Search,6583530,Word Games (Books),34186
2026-05-08 10:54:36.267870,B0G4GQL5TG,Winter Word Search,9409742,Holidays (Books),1072
2026-05-08 10:54:36.267872,B0G4GQL5TG,Winter Word Search,9409742,Word Search Games,47489
2026-05-08 10:54:36.267873,B0G4GQL5TG,Winter Word Search,9409742,Word Games (Books),50219
2026-05-08 10:54:52.638038,B0G5Z47WY7,Christmas Word Search,9409271,Holidays (Books),1071
2026-05-08 10:54:52.638040,B0G5Z47WY7,Christmas Word Search,9409271,Word Search Games,47470
2026-05-08 10:54:52.638041,B0G5Z47WY7,Christmas Word Search,9409271,Word Games (Books),50199
2026-05-08 10:55:08.869154,B0D2HQ2N8G,Cryptids Word Search Large Print,,,
2026-05-08 10:55:25.189259,B0CVNHV3CV,Cryptids Word Search,3875553,Ancient & Controversial Knowledge,3908
2026-05-08 10:55:25.189261,B0CVNHV3CV,Cryptids Word Search,3875553,Unexplained Mysteries (Books),5193
2026-05-08 10:55:25.189261,B0CVNHV3CV,Cryptids Word Search,3875553,Word Search Games,17236
2026-05-08 10:55:41.357050,B0D429W5H1,Sasquatch Word Search,3911834,Unexplained Mysteries (Books),5238
2026-05-08 10:55:41.357052,B0D429W5H1,Sasquatch Word Search,3911834,Word Search Games,17396
2026-05-08 10:55:41.357053,B0D429W5H1,Sasquatch Word Search,3911834,Word Games (Books),18941
2026-05-08 10:55:57.731311,B0D429WWSQ,Sasquatch Word Search,2644178,Unexplained Mysteries (Books),3859
2026-05-08 10:55:57.731313,B0D429WWSQ,Sasquatch Word Search,2644178,Word Search Games,11538
2026-05-08 10:55:57.731314,B0D429WWSQ,Sasquatch Word Search,2644178,Word Games (Books),12753
2026-05-08 10:56:14.138127,B0D22PKCGW,Alien Word Search Large Print,4168666,UFOs (Books),3451
2026-05-08 10:56:14.138130,B0D22PKCGW,Alien Word Search Large Print,4168666,Ancient & Controversial Knowledge,4149
2026-05-08 10:56:14.138130,B0D22PKCGW,Alien Word Search Large Print,4168666,Word Search Games,18711
2026-05-08 10:56:30.669349,B0CTPR6KZ4,Alien Word Search,2204441,UFOs (Books),2132
2026-05-08 10:56:30.669351,B0CTPR6KZ4,Alien Word Search,2204441,Ancient & Controversial Knowledge,2484
2026-05-08 10:56:30.669352,B0CTPR6KZ4,Alien Word Search,2204441,Word Search Games,9569
2026-05-08 12:19:45.627977,B0CSZDC243,Haunted Word Search,,,
2026-05-08 12:20:02.572863,B0D3XXZRRC,Witches Word Search,6107439,Witchcraft Religion & Spirituality,7182
2026-05-08 12:20:02.572866,B0D3XXZRRC,Witches Word Search,6107439,Spiritualism,10331
2026-05-08 12:20:02.572867,B0D3XXZRRC,Witches Word Search,6107439,Word Search Games,29277
2026-05-08 12:20:18.968965,B0D3XXY1HV,Witches Word Search Large Print,,,
2026-05-08 12:20:35.291124,B0G43ZNNRX,Weather Word Search Large Print,,,
2026-05-08 12:20:51.872587,B0D97NFBG2,Weather Word Search,242657,Weather (Books),96
2026-05-08 12:20:51.872589,B0D97NFBG2,Weather Word Search,242657,Natural Disasters (Books),105
2026-05-08 12:20:51.872590,B0D97NFBG2,Weather Word Search,242657,Word Search Games,1330
2026-05-08 12:21:08.297021,B0D9B6HKC8,Space Word Search,9113317,Solar System (Books),818
2026-05-08 12:21:08.297023,B0D9B6HKC8,Space Word Search,9113317,Astronomy (Books),10436
2026-05-08 12:21:08.297024,B0D9B6HKC8,Space Word Search,9113317,Word Search Games,45281
2026-05-08 12:21:24.788423,B0D986WRQY,Ocean Word Search,,,
2026-05-08 12:21:41.048452,B0D9D6QJKD,Earth Science Word Search,,,
2026-05-08 12:21:57.479612,B0D9DRYQSH,Animal Word Search,,,
2026-05-08 12:22:13.908039,B0FPDF7GQV,Halloween Word Search,7631218,Holidays (Books),889
2026-05-08 12:22:13.908041,B0FPDF7GQV,Halloween Word Search,7631218,Customs & Traditions Social Sciences,5717
2026-05-08 12:22:13.908042,B0FPDF7GQV,Halloween Word Search,7631218,Ghosts & Hauntings,5878
2026-05-08 12:22:30.262400,B0DXP99LNN,Spring Word Search,6122719,Gardening & Landscape Design,27038
2026-05-08 12:22:30.262402,B0DXP99LNN,Spring Word Search,6122719,Word Search Games,29382
2026-05-08 12:22:30.262403,B0DXP99LNN,Spring Word Search,6122719,Word Games (Books),31465
2026-05-08 12:22:46.617064,B0F61TRMXM,Summer Word Search,,,
2026-05-08 12:23:03.099548,B0DTKGRKC2,Romance Word Search,8205886,Humorous Erotica (Books),22514
2026-05-08 12:23:03.099551,B0DTKGRKC2,Romance Word Search,8205886,Romantic Erotica (Books),36678
2026-05-08 12:23:03.099552,B0DTKGRKC2,Romance Word Search,8205886,Word Search Games,40873
2026-05-08 12:23:19.594305,B0DS5HPJ1M,Alien Adult Activity Book,2169673,UFOs (Books),2101
2026-05-08 12:23:19.594307,B0DS5HPJ1M,Alien Adult Activity Book,2169673,Logic & Brain Teasers (Books),4981
2026-05-08 12:23:19.594308,B0DS5HPJ1M,Alien Adult Activity Book,2169673,Puzzles (Books),10000
2026-05-08 12:23:36.079895,B0FJ8TFSZ1,Fall Word Search,6583825,Holidays (Books),766
2026-05-08 12:23:36.079897,B0FJ8TFSZ1,Fall Word Search,6583825,Word Search Games,31997
2026-05-08 12:23:36.079898,B0FJ8TFSZ1,Fall Word Search,6583825,Word Games (Books),34187
2026-05-08 12:23:52.671708,B0G4GQL5TG,Winter Word Search,9409644,Holidays (Books),1072
2026-05-08 12:23:52.671712,B0G4GQL5TG,Winter Word Search,9409644,Word Search Games,47489
2026-05-08 12:23:52.671714,B0G4GQL5TG,Winter Word Search,9409644,Word Games (Books),50218
2026-05-08 12:24:09.154386,B0G5Z47WY7,Christmas Word Search,9409173,Holidays (Books),1071
2026-05-08 12:24:09.154389,B0G5Z47WY7,Christmas Word Search,9409173,Word Search Games,47470
2026-05-08 12:24:09.154390,B0G5Z47WY7,Christmas Word Search,9409173,Word Games (Books),50198
2026-05-08 12:24:25.404929,B0D2HQ2N8G,Cryptids Word Search Large Print,,,
2026-05-08 12:24:41.751882,B0CVNHV3CV,Cryptids Word Search,3876173,Ancient & Controversial Knowledge,3908
2026-05-08 12:24:41.751884,B0CVNHV3CV,Cryptids Word Search,3876173,Unexplained Mysteries (Books),5193
2026-05-08 12:24:41.751885,B0CVNHV3CV,Cryptids Word Search,3876173,Word Search Games,17237
2026-05-08 12:24:58.033153,B0D429W5H1,Sasquatch Word Search,3912449,Unexplained Mysteries (Books),5238
2026-05-08 12:24:58.033155,B0D429W5H1,Sasquatch Word Search,3912449,Word Search Games,17397
2026-05-08 12:24:58.033156,B0D429W5H1,Sasquatch Word Search,3912449,Word Games (Books),18942
2026-05-08 12:25:14.522810,B0D429WWSQ,Sasquatch Word Search,2644948,Unexplained Mysteries (Books),3859
2026-05-08 12:25:14.522812,B0D429WWSQ,Sasquatch Word Search,2644948,Word Search Games,11539
2026-05-08 12:25:14.522812,B0D429WWSQ,Sasquatch Word Search,2644948,Word Games (Books),12754
2026-05-08 12:25:30.952361,B0D22PKCGW,Alien Word Search Large Print,4169258,UFOs (Books),3451
2026-05-08 12:25:30.952364,B0D22PKCGW,Alien Word Search Large Print,4169258,Ancient & Controversial Knowledge,4149
2026-05-08 12:25:30.952364,B0D22PKCGW,Alien Word Search Large Print,4169258,Word Search Games,18712
2026-05-08 12:25:47.398783,B0CTPR6KZ4,Alien Word Search,2205240,UFOs (Books),2132
2026-05-08 12:25:47.398785,B0CTPR6KZ4,Alien Word Search,2205240,Ancient & Controversial Knowledge,2484
2026-05-08 12:25:47.398786,B0CTPR6KZ4,Alien Word Search,2205240,Word Search Games,9570
2026-05-08 15:03:02.926283,B0CSZDC243,Haunted Word Search,,,
2026-05-08 15:03:19.768539,B0D3XXZRRC,Witches Word Search,6106915,Witchcraft Religion & Spirituality,7183
2026-05-08 15:03:19.768541,B0D3XXZRRC,Witches Word Search,6106915,Spiritualism,10329
2026-05-08 15:03:19.768542,B0D3XXZRRC,Witches Word Search,6106915,Word Search Games,29274
2026-05-08 15:03:35.971026,B0D3XXY1HV,Witches Word Search Large Print,,,
2026-05-08 15:03:52.257917,B0G43ZNNRX,Weather Word Search Large Print,,,
2026-05-08 15:04:08.755375,B0D97NFBG2,Weather Word Search,242671,Weather (Books),96
2026-05-08 15:04:08.755378,B0D97NFBG2,Weather Word Search,242671,Natural Disasters (Books),105
2026-05-08 15:04:08.755379,B0D97NFBG2,Weather Word Search,242671,Word Search Games,1330
2026-05-08 15:04:25.350308,B0D9B6HKC8,Space Word Search,9112243,Solar System (Books),818
2026-05-08 15:04:25.350311,B0D9B6HKC8,Space Word Search,9112243,Astronomy (Books),10437
2026-05-08 15:04:25.350311,B0D9B6HKC8,Space Word Search,9112243,Word Search Games,45276
2026-05-08 15:04:41.713723,B0D986WRQY,Ocean Word Search,,,
2026-05-08 15:04:58.021003,B0D9D6QJKD,Earth Science Word Search,,,
2026-05-08 15:05:14.410159,B0D9DRYQSH,Animal Word Search,,,
2026-05-08 15:05:30.863328,B0FPDF7GQV,Halloween Word Search,7630418,Holidays (Books),889
2026-05-08 15:05:30.863330,B0FPDF7GQV,Halloween Word Search,7630418,Customs & Traditions Social Sciences,5717
2026-05-08 15:05:30.863331,B0FPDF7GQV,Halloween Word Search,7630418,Ghosts & Hauntings,5878
2026-05-08 15:05:47.201796,B0DXP99LNN,Spring Word Search,6122195,Gardening & Landscape Design,27035
2026-05-08 15:05:47.201798,B0DXP99LNN,Spring Word Search,6122195,Word Search Games,29379
2026-05-08 15:05:47.201799,B0DXP99LNN,Spring Word Search,6122195,Word Games (Books),31461
2026-05-08 15:06:03.729429,B0F61TRMXM,Summer Word Search,,,
2026-05-08 15:06:20.122863,B0DTKGRKC2,Romance Word Search,8205000,Humorous Erotica (Books),22509
2026-05-08 15:06:20.122865,B0DTKGRKC2,Romance Word Search,8205000,Romantic Erotica (Books),36676
2026-05-08 15:06:20.122866,B0DTKGRKC2,Romance Word Search,8205000,Word Search Games,40868
2026-05-08 15:06:36.521998,B0DS5HPJ1M,Alien Adult Activity Book,2169670,UFOs (Books),2101
2026-05-08 15:06:36.522003,B0DS5HPJ1M,Alien Adult Activity Book,2169670,Logic & Brain Teasers (Books),4981
2026-05-08 15:06:36.522004,B0DS5HPJ1M,Alien Adult Activity Book,2169670,Puzzles (Books),10000
2026-05-08 15:06:52.933275,B0FJ8TFSZ1,Fall Word Search,6583235,Holidays (Books),766
2026-05-08 15:06:52.933278,B0FJ8TFSZ1,Fall Word Search,6583235,Word Search Games,31993
2026-05-08 15:06:52.933278,B0FJ8TFSZ1,Fall Word Search,6583235,Word Games (Books),34182
2026-05-08 15:07:09.402776,B0G4GQL5TG,Winter Word Search,9408494,Holidays (Books),1072
2026-05-08 15:07:09.402778,B0G4GQL5TG,Winter Word Search,9408494,Word Search Games,47484
2026-05-08 15:07:09.402779,B0G4GQL5TG,Winter Word Search,9408494,Word Games (Books),50212
2026-05-08 15:07:25.942967,B0G5Z47WY7,Christmas Word Search,9408024,Holidays (Books),1071
2026-05-08 15:07:25.942971,B0G5Z47WY7,Christmas Word Search,9408024,Word Search Games,47465
2026-05-08 15:07:25.942972,B0G5Z47WY7,Christmas Word Search,9408024,Word Games (Books),50192
2026-05-08 15:07:42.126248,B0D2HQ2N8G,Cryptids Word Search Large Print,,,
2026-05-08 15:07:58.418026,B0CVNHV3CV,Cryptids Word Search,3875953,Ancient & Controversial Knowledge,3904
2026-05-08 15:07:58.418028,B0CVNHV3CV,Cryptids Word Search,3875953,Unexplained Mysteries (Books),5189
2026-05-08 15:07:58.418028,B0CVNHV3CV,Cryptids Word Search,3875953,Word Search Games,17237
2026-05-08 15:08:14.596275,B0D429W5H1,Sasquatch Word Search,3912226,Unexplained Mysteries (Books),5234
2026-05-08 15:08:14.596277,B0D429W5H1,Sasquatch Word Search,3912226,Word Search Games,17397
2026-05-08 15:08:14.596278,B0D429W5H1,Sasquatch Word Search,3912226,Word Games (Books),18941
2026-05-08 15:08:30.983380,B0D429WWSQ,Sasquatch Word Search,2644883,Unexplained Mysteries (Books),3854
2026-05-08 15:08:30.983382,B0D429WWSQ,Sasquatch Word Search,2644883,Word Search Games,11539
2026-05-08 15:08:30.983383,B0D429WWSQ,Sasquatch Word Search,2644883,Word Games (Books),12754
2026-05-08 15:08:47.423620,B0D22PKCGW,Alien Word Search Large Print,4169755,UFOs (Books),3451
2026-05-08 15:08:47.423622,B0D22PKCGW,Alien Word Search Large Print,4169755,Ancient & Controversial Knowledge,4145
2026-05-08 15:08:47.423623,B0D22PKCGW,Alien Word Search Large Print,4169755,Word Search Games,18709
2026-05-08 15:09:03.778217,B0CTPR6KZ4,Alien Word Search,2205231,UFOs (Books),2132
2026-05-08 15:09:03.778220,B0CTPR6KZ4,Alien Word Search,2205231,Ancient & Controversial Knowledge,2482
2026-05-08 15:09:03.778221,B0CTPR6KZ4,Alien Word Search,2205231,Word Search Games,9570
2026-05-08 16:42:14.892404,B0D9DRYQSH,Animal Word Search,,,
2026-05-08 16:42:31.814323,B0FPDF7GQV,Halloween Word Search,7637232,Holidays (Books),889
2026-05-08 16:42:31.814325,B0FPDF7GQV,Halloween Word Search,7637232,Customs & Traditions Social Sciences,5716
2026-05-08 16:42:31.814326,B0FPDF7GQV,Halloween Word Search,7637232,Ghosts & Hauntings,5876
2026-05-08 16:42:48.248581,B0DXP99LNN,Spring Word Search,6129904,Gardening & Landscape Design,27049
2026-05-08 16:42:48.248584,B0DXP99LNN,Spring Word Search,6129904,Word Search Games,29385
2026-05-08 16:42:48.248584,B0DXP99LNN,Spring Word Search,6129904,Word Games (Books),31466
2026-05-08 16:43:04.499088,B0F61TRMXM,Summer Word Search,,,
2026-05-08 16:43:20.729108,B0DTKGRKC2,Romance Word Search,8211581,Humorous Erotica (Books),22509
2026-05-08 16:43:20.729111,B0DTKGRKC2,Romance Word Search,8211581,Romantic Erotica (Books),36665
2026-05-08 16:43:20.729111,B0DTKGRKC2,Romance Word Search,8211581,Word Search Games,40874
2026-05-08 16:43:37.016631,B0DS5HPJ1M,Alien Adult Activity Book,2184682,UFOs (Books),2119
2026-05-08 16:43:37.016634,B0DS5HPJ1M,Alien Adult Activity Book,2184682,Logic & Brain Teasers (Books),5004
2026-05-08 16:43:37.016634,B0DS5HPJ1M,Alien Adult Activity Book,2184682,Puzzles (Books),10041
2026-05-08 16:43:53.852053,B0FJ8TFSZ1,Fall Word Search,6590629,Holidays (Books),766
2026-05-08 16:43:53.852055,B0FJ8TFSZ1,Fall Word Search,6590629,Word Search Games,31999
2026-05-08 16:43:53.852056,B0FJ8TFSZ1,Fall Word Search,6590629,Word Games (Books),34187
2026-05-08 16:44:10.322916,B0G4GQL5TG,Winter Word Search,9414921,Holidays (Books),1072
2026-05-08 16:44:10.322919,B0G4GQL5TG,Winter Word Search,9414921,Word Search Games,47490
2026-05-08 16:44:10.322919,B0G4GQL5TG,Winter Word Search,9414921,Word Games (Books),50217
2026-05-08 16:44:26.950447,B0G5Z47WY7,Christmas Word Search,9414451,Holidays (Books),1071
2026-05-08 16:44:26.950449,B0G5Z47WY7,Christmas Word Search,9414451,Word Search Games,47471
2026-05-08 16:44:26.950450,B0G5Z47WY7,Christmas Word Search,9414451,Word Games (Books),50197
2026-05-08 16:44:43.439020,B0D2HQ2N8G,Cryptids Word Search Large Print,,,
2026-05-08 16:44:59.851076,B0CVNHV3CV,Cryptids Word Search,3886420,Ancient & Controversial Knowledge,3908
2026-05-08 16:44:59.851078,B0CVNHV3CV,Cryptids Word Search,3886420,Unexplained Mysteries (Books),5198
2026-05-08 16:44:59.851079,B0CVNHV3CV,Cryptids Word Search,3886420,Word Search Games,17252
2026-05-08 16:45:16.469326,B0D429W5H1,Sasquatch Word Search,3922617,Unexplained Mysteries (Books),5242
2026-05-08 16:45:16.469328,B0D429W5H1,Sasquatch Word Search,3922617,Word Search Games,17412
2026-05-08 16:45:16.469329,B0D429W5H1,Sasquatch Word Search,3922617,Word Games (Books),18956
2026-05-08 16:45:32.939943,B0D429WWSQ,Sasquatch Word Search,2658037,Unexplained Mysteries (Books),3869
2026-05-08 16:45:32.939945,B0D429WWSQ,Sasquatch Word Search,2658037,Word Search Games,11566
2026-05-08 16:45:32.939946,B0D429WWSQ,Sasquatch Word Search,2658037,Word Games (Books),12781
2026-05-08 16:45:49.489428,B0D22PKCGW,Alien Word Search Large Print,4179001,UFOs (Books),3454
2026-05-08 16:45:49.489430,B0D22PKCGW,Alien Word Search Large Print,4179001,Ancient & Controversial Knowledge,4149
2026-05-08 16:45:49.489431,B0D22PKCGW,Alien Word Search Large Print,4179001,Word Search Games,18725
2026-05-08 16:46:05.837598,B0CTPR6KZ4,Alien Word Search,2220071,UFOs (Books),2146
2026-05-08 16:46:05.837602,B0CTPR6KZ4,Alien Word Search,2220071,Ancient & Controversial Knowledge,2491
2026-05-08 16:46:05.837603,B0CTPR6KZ4,Alien Word Search,2220071,Word Search Games,9604
2026-05-08 18:17:55.490219,B0D9JQ33BX,Paranormal Word Search,,,
2026-05-08 18:18:12.342220,B0D1MYMVCC,Haunted Word Search Large Print,,,
2026-05-08 18:18:28.580000,B0CSZDC243,Haunted Word Search,6828341,Ghosts & Hauntings,5522
2026-05-08 18:18:28.580002,B0CSZDC243,Haunted Word Search,6828341,Psychic Phenomena,7034
2026-05-08 18:18:28.580003,B0CSZDC243,Haunted Word Search,6828341,Supernaturalism (Books),8513
2026-05-08 18:18:44.815919,B0D3XXZRRC,Witches Word Search,6114371,Witchcraft Religion & Spirituality,7186
2026-05-08 18:18:44.815924,B0D3XXZRRC,Witches Word Search,6114371,Spiritualism,10330
2026-05-08 18:18:44.815925,B0D3XXZRRC,Witches Word Search,6114371,Word Search Games,29317
2026-05-08 18:19:01.021732,B0D3XXY1HV,Witches Word Search Large Print,,,
2026-05-08 18:19:17.110020,B0G43ZNNRX,Weather Word Search Large Print,,,
2026-05-08 18:19:33.448934,B0D97NFBG2,Weather Word Search,269401,Weather (Books),105
2026-05-08 18:19:33.448936,B0D97NFBG2,Weather Word Search,269401,Natural Disasters (Books),118
2026-05-08 18:19:33.448937,B0D97NFBG2,Weather Word Search,269401,Word Search Games,1467
2026-05-08 18:19:49.783812,B0D9B6HKC8,Space Word Search,9118309,Solar System (Books),818
2026-05-08 18:19:49.783814,B0D9B6HKC8,Space Word Search,9118309,Astronomy (Books),10438
2026-05-08 18:19:49.783815,B0D9B6HKC8,Space Word Search,9118309,Word Search Games,45321
2026-05-08 18:20:06.216449,B0D986WRQY,Ocean Word Search,,,
2026-05-08 18:20:22.390022,B0D9D6QJKD,Earth Science Word Search,,,
2026-05-08 18:20:38.614092,B0D9DRYQSH,Animal Word Search,,,
2026-05-08 18:20:54.982542,B0FPDF7GQV,Halloween Word Search,7636932,Holidays (Books),889
2026-05-08 18:20:54.982544,B0FPDF7GQV,Halloween Word Search,7636932,Customs & Traditions Social Sciences,5717
2026-05-08 18:20:54.982545,B0FPDF7GQV,Halloween Word Search,7636932,Ghosts & Hauntings,5879
2026-05-08 18:21:11.239419,B0DXP99LNN,Spring Word Search,6129639,Gardening & Landscape Design,27060
2026-05-08 18:21:11.239421,B0DXP99LNN,Spring Word Search,6129639,Word Search Games,29422
2026-05-08 18:21:11.239422,B0DXP99LNN,Spring Word Search,6129639,Word Games (Books),31505
2026-05-08 18:21:27.388724,B0F61TRMXM,Summer Word Search,,,
2026-05-08 18:21:43.746931,B0DTKGRKC2,Romance Word Search,8211252,Humorous Erotica (Books),22509
2026-05-08 18:21:43.746934,B0DTKGRKC2,Romance Word Search,8211252,Romantic Erotica (Books),36668
2026-05-08 18:21:43.746935,B0DTKGRKC2,Romance Word Search,8211252,Word Search Games,40911
2026-05-08 18:21:59.922840,B0DS5HPJ1M,Alien Adult Activity Book,2184550,UFOs (Books),2119
2026-05-08 18:21:59.922843,B0DS5HPJ1M,Alien Adult Activity Book,2184550,Logic & Brain Teasers (Books),5013
2026-05-08 18:21:59.922844,B0DS5HPJ1M,Alien Adult Activity Book,2184550,Puzzles (Books),10066
2026-05-08 18:22:16.342553,B0FJ8TFSZ1,Fall Word Search,6590351,Holidays (Books),766
2026-05-08 18:22:16.342555,B0FJ8TFSZ1,Fall Word Search,6590351,Word Search Games,32036
2026-05-08 18:22:16.342556,B0FJ8TFSZ1,Fall Word Search,6590351,Word Games (Books),34226
2026-05-08 18:22:32.604609,B0G4GQL5TG,Winter Word Search,9414571,Holidays (Books),1072
2026-05-08 18:22:32.604611,B0G4GQL5TG,Winter Word Search,9414571,Word Search Games,47529
2026-05-08 18:22:32.604612,B0G4GQL5TG,Winter Word Search,9414571,Word Games (Books),50258
2026-05-08 18:22:48.935930,B0G5Z47WY7,Christmas Word Search,9414101,Holidays (Books),1071
2026-05-08 18:22:48.935933,B0G5Z47WY7,Christmas Word Search,9414101,Word Search Games,47510
2026-05-08 18:22:48.935934,B0G5Z47WY7,Christmas Word Search,9414101,Word Games (Books),50238
2026-05-08 18:23:05.057804,B0D2HQ2N8G,Cryptids Word Search Large Print,,,
2026-05-08 18:23:21.102114,B0CVNHV3CV,Cryptids Word Search,3886210,Ancient & Controversial Knowledge,3909
2026-05-08 18:23:21.102116,B0CVNHV3CV,Cryptids Word Search,3886210,Unexplained Mysteries (Books),5199
2026-05-08 18:23:21.102116,B0CVNHV3CV,Cryptids Word Search,3886210,Word Search Games,17288
2026-05-08 18:23:37.353916,B0D429W5H1,Sasquatch Word Search,3922406,Unexplained Mysteries (Books),5243
2026-05-08 18:23:37.353918,B0D429W5H1,Sasquatch Word Search,3922406,Word Search Games,17448
2026-05-08 18:23:37.353918,B0D429W5H1,Sasquatch Word Search,3922406,Word Games (Books),18994
2026-05-08 18:23:53.667726,B0D429WWSQ,Sasquatch Word Search,2657875,Unexplained Mysteries (Books),3870
2026-05-08 18:23:53.667729,B0D429WWSQ,Sasquatch Word Search,2657875,Word Search Games,11602
2026-05-08 18:23:53.667730,B0D429WWSQ,Sasquatch Word Search,2657875,Word Games (Books),12819
2026-05-08 18:24:10.084720,B0D22PKCGW,Alien Word Search Large Print,4178784,UFOs (Books),3454
2026-05-08 18:24:10.084722,B0D22PKCGW,Alien Word Search Large Print,4178784,Ancient & Controversial Knowledge,4150
2026-05-08 18:24:10.084723,B0D22PKCGW,Alien Word Search Large Print,4178784,Word Search Games,18761
2026-05-08 18:24:26.370123,B0CTPR6KZ4,Alien Word Search,2219935,UFOs (Books),2146
2026-05-08 18:24:26.370125,B0CTPR6KZ4,Alien Word Search,2219935,Ancient & Controversial Knowledge,2492
2026-05-08 18:24:26.370125,B0CTPR6KZ4,Alien Word Search,2219935,Word Search Games,9640
2026-05-08 20:18:03.697952,B0D3XXZRRC,Witches Word Search,,,
2026-05-08 20:18:20.687347,B0D3XXY1HV,Witches Word Search Large Print,,,
2026-05-08 20:18:36.915850,B0G43ZNNRX,Weather Word Search Large Print,,,
2026-05-08 20:18:53.304113,B0D97NFBG2,Weather Word Search,269409,Weather (Books),105
2026-05-08 20:18:53.304118,B0D97NFBG2,Weather Word Search,269409,Natural Disasters (Books),118
2026-05-08 20:18:53.304119,B0D97NFBG2,Weather Word Search,269409,Word Search Games,1469
2026-05-08 20:19:09.678793,B0D9B6HKC8,Space Word Search,9118805,Solar System (Books),819
2026-05-08 20:19:09.678796,B0D9B6HKC8,Space Word Search,9118805,Astronomy (Books),10455
2026-05-08 20:19:09.678796,B0D9B6HKC8,Space Word Search,9118805,Word Search Games,45345
2026-05-08 20:19:26.073210,B0D986WRQY,Ocean Word Search,,,
2026-05-08 20:19:42.182768,B0D9D6QJKD,Earth Science Word Search,,,
2026-05-08 20:19:58.866794,B0D9DRYQSH,Animal Word Search,,,
2026-05-08 20:20:15.124187,B0FPDF7GQV,Halloween Word Search,7637353,Holidays (Books),889
2026-05-08 20:20:15.124189,B0FPDF7GQV,Halloween Word Search,7637353,Customs & Traditions Social Sciences,5721
2026-05-08 20:20:15.124190,B0FPDF7GQV,Halloween Word Search,7637353,Ghosts & Hauntings,5885
2026-05-08 20:20:31.400329,B0DXP99LNN,Spring Word Search,6129975,Gardening & Landscape Design,27087
2026-05-08 20:20:31.400331,B0DXP99LNN,Spring Word Search,6129975,Word Search Games,29445
2026-05-08 20:20:31.400332,B0DXP99LNN,Spring Word Search,6129975,Word Games (Books),31529
2026-05-08 20:20:47.559845,B0F61TRMXM,Summer Word Search,,,
2026-05-08 20:21:03.977933,B0DTKGRKC2,Romance Word Search,8211710,Humorous Erotica (Books),22515
2026-05-08 20:21:03.977936,B0DTKGRKC2,Romance Word Search,8211710,Romantic Erotica (Books),36683
2026-05-08 20:21:03.977936,B0DTKGRKC2,Romance Word Search,8211710,Word Search Games,40931
2026-05-08 20:21:20.424319,B0DS5HPJ1M,Alien Adult Activity Book,2184671,UFOs (Books),2124
2026-05-08 20:21:20.424322,B0DS5HPJ1M,Alien Adult Activity Book,2184671,Logic & Brain Teasers (Books),5023
2026-05-08 20:21:20.424322,B0DS5HPJ1M,Alien Adult Activity Book,2184671,Puzzles (Books),10090
2026-05-08 20:21:36.928289,B0FJ8TFSZ1,Fall Word Search,6590715,Holidays (Books),766
2026-05-08 20:21:36.928291,B0FJ8TFSZ1,Fall Word Search,6590715,Word Search Games,32058
2026-05-08 20:21:36.928292,B0FJ8TFSZ1,Fall Word Search,6590715,Word Games (Books),34249
2026-05-08 20:21:53.299410,B0G4GQL5TG,Winter Word Search,9415082,Holidays (Books),1072
2026-05-08 20:21:53.299413,B0G4GQL5TG,Winter Word Search,9415082,Word Search Games,47553
2026-05-08 20:21:53.299413,B0G4GQL5TG,Winter Word Search,9415082,Word Games (Books),50283
2026-05-08 20:22:09.813295,B0G5Z47WY7,Christmas Word Search,9414612,Holidays (Books),1071
2026-05-08 20:22:09.813297,B0G5Z47WY7,Christmas Word Search,9414612,Word Search Games,47534
2026-05-08 20:22:09.813298,B0G5Z47WY7,Christmas Word Search,9414612,Word Games (Books),50263
2026-05-08 20:22:26.267605,B0D2HQ2N8G,Cryptids Word Search Large Print,,,
2026-05-08 20:22:42.606159,B0CVNHV3CV,Cryptids Word Search,3886443,Ancient & Controversial Knowledge,3911
2026-05-08 20:22:42.606161,B0CVNHV3CV,Cryptids Word Search,3886443,Unexplained Mysteries (Books),5204
2026-05-08 20:22:42.606162,B0CVNHV3CV,Cryptids Word Search,3886443,Word Search Games,17313
2026-05-08 20:22:58.768361,B0D429W5H1,Sasquatch Word Search,3922641,Unexplained Mysteries (Books),5248
2026-05-08 20:22:58.768363,B0D429W5H1,Sasquatch Word Search,3922641,Word Search Games,17473
2026-05-08 20:22:58.768364,B0D429W5H1,Sasquatch Word Search,3922641,Word Games (Books),19020
2026-05-08 20:23:15.154527,B0D429WWSQ,Sasquatch Word Search,2658032,Unexplained Mysteries (Books),3875
2026-05-08 20:23:15.154529,B0D429WWSQ,Sasquatch Word Search,2658032,Word Search Games,11630
2026-05-08 20:23:15.154529,B0D429WWSQ,Sasquatch Word Search,2658032,Word Games (Books),12848
2026-05-08 20:23:31.712490,B0D22PKCGW,Alien Word Search Large Print,4179026,UFOs (Books),3459
2026-05-08 20:23:31.712492,B0D22PKCGW,Alien Word Search Large Print,4179026,Ancient & Controversial Knowledge,4152
2026-05-08 20:23:31.712492,B0D22PKCGW,Alien Word Search Large Print,4179026,Word Search Games,18786
2026-05-08 20:23:48.316722,B0CTPR6KZ4,Alien Word Search,2220059,UFOs (Books),2151
2026-05-08 20:23:48.316724,B0CTPR6KZ4,Alien Word Search,2220059,Ancient & Controversial Knowledge,2494
2026-05-08 20:23:48.316725,B0CTPR6KZ4,Alien Word Search,2220059,Word Search Games,9669
2026-05-08 22:09:14.577929,B0CSZDC243,Haunted Word Search,,,
2026-05-08 22:09:31.568864,B0D3XXZRRC,Witches Word Search,6120996,Witchcraft Religion & Spirituality,7192
2026-05-08 22:09:31.568866,B0D3XXZRRC,Witches Word Search,6120996,Spiritualism,10343
2026-05-08 22:09:31.568867,B0D3XXZRRC,Witches Word Search,6120996,Word Search Games,29346
2026-05-08 22:09:47.830847,B0D3XXY1HV,Witches Word Search Large Print,,,
2026-05-08 22:10:04.028870,B0G43ZNNRX,Weather Word Search Large Print,,,
2026-05-08 22:10:20.418459,B0D97NFBG2,Weather Word Search,306230,Weather (Books),117
2026-05-08 22:10:20.418463,B0D97NFBG2,Weather Word Search,306230,Natural Disasters (Books),131
2026-05-08 22:10:20.418465,B0D97NFBG2,Weather Word Search,306230,Word Search Games,1648
2026-05-08 22:10:36.614998,B0D9B6HKC8,Space Word Search,9122809,Solar System (Books),818
2026-05-08 22:10:36.615002,B0D9B6HKC8,Space Word Search,9122809,Astronomy (Books),10456
2026-05-08 22:10:36.615002,B0D9B6HKC8,Space Word Search,9122809,Word Search Games,45347
2026-05-08 22:10:53.624055,B0D986WRQY,Ocean Word Search,,,
2026-05-08 22:11:09.901398,B0D9D6QJKD,Earth Science Word Search,,,
2026-05-08 22:11:26.553617,B0D9DRYQSH,Animal Word Search,,,
2026-05-08 22:11:43.040434,B0FPDF7GQV,Halloween Word Search,7642317,Holidays (Books),888
2026-05-08 22:11:43.040436,B0FPDF7GQV,Halloween Word Search,7642317,Customs & Traditions Social Sciences,5720
2026-05-08 22:11:43.040437,B0FPDF7GQV,Halloween Word Search,7642317,Ghosts & Hauntings,5885
2026-05-08 22:11:59.396426,B0DXP99LNN,Spring Word Search,6136246,Gardening & Landscape Design,27105
2026-05-08 22:11:59.396428,B0DXP99LNN,Spring Word Search,6136246,Word Search Games,29451
2026-05-08 22:11:59.396429,B0DXP99LNN,Spring Word Search,6136246,Word Games (Books),31536
2026-05-08 22:12:15.683047,B0F61TRMXM,Summer Word Search,,,
2026-05-08 22:12:31.985757,B0DTKGRKC2,Romance Word Search,8216298,Humorous Erotica (Books),22513
2026-05-08 22:12:31.985759,B0DTKGRKC2,Romance Word Search,8216298,Romantic Erotica (Books),36690
2026-05-08 22:12:31.985760,B0DTKGRKC2,Romance Word Search,8216298,Word Search Games,40932
2026-05-08 22:12:48.279334,B0DS5HPJ1M,Alien Adult Activity Book,2201506,UFOs (Books),2131
2026-05-08 22:12:48.279338,B0DS5HPJ1M,Alien Adult Activity Book,2201506,Logic & Brain Teasers (Books),5027
2026-05-08 22:12:48.279339,B0DS5HPJ1M,Alien Adult Activity Book,2201506,Puzzles (Books),10113
2026-05-08 22:13:04.626389,B0FJ8TFSZ1,Fall Word Search,6596508,Holidays (Books),766
2026-05-08 22:13:04.626391,B0FJ8TFSZ1,Fall Word Search,6596508,Word Search Games,32061
2026-05-08 22:13:04.626392,B0FJ8TFSZ1,Fall Word Search,6596508,Word Games (Books),34253
2026-05-08 22:13:20.898246,B0G4GQL5TG,Winter Word Search,9418967,Holidays (Books),1071
2026-05-08 22:13:20.898249,B0G4GQL5TG,Winter Word Search,9418967,Word Search Games,47555
2026-05-08 22:13:20.898249,B0G4GQL5TG,Winter Word Search,9418967,Word Games (Books),50285
2026-05-08 22:13:37.618500,B0G5Z47WY7,Christmas Word Search,9418497,Holidays (Books),1070
2026-05-08 22:13:37.618504,B0G5Z47WY7,Christmas Word Search,9418497,Word Search Games,47536
2026-05-08 22:13:37.618505,B0G5Z47WY7,Christmas Word Search,9418497,Word Games (Books),50265
2026-05-08 22:13:53.787292,B0D2HQ2N8G,Cryptids Word Search Large Print,,,
2026-05-08 22:14:10.108136,B0CVNHV3CV,Cryptids Word Search,3896798,Ancient & Controversial Knowledge,3918
2026-05-08 22:14:10.108138,B0CVNHV3CV,Cryptids Word Search,3896798,Unexplained Mysteries (Books),5209
2026-05-08 22:14:10.108139,B0CVNHV3CV,Cryptids Word Search,3896798,Word Search Games,17334
2026-05-08 22:14:26.334700,B0D429W5H1,Sasquatch Word Search,3932885,Unexplained Mysteries (Books),5253
2026-05-08 22:14:26.334703,B0D429W5H1,Sasquatch Word Search,3932885,Word Search Games,17493
2026-05-08 22:14:26.334703,B0D429W5H1,Sasquatch Word Search,3932885,Word Games (Books),19041
2026-05-08 22:14:42.552670,B0D429WWSQ,Sasquatch Word Search,2672317,Unexplained Mysteries (Books),3882
2026-05-08 22:14:42.552673,B0D429WWSQ,Sasquatch Word Search,2672317,Word Search Games,11660
2026-05-08 22:14:42.552673,B0D429WWSQ,Sasquatch Word Search,2672317,Word Games (Books),12880
2026-05-08 22:14:58.941886,B0D22PKCGW,Alien Word Search Large Print,4188668,UFOs (Books),3462
2026-05-08 22:14:58.941888,B0D22PKCGW,Alien Word Search Large Print,4188668,Ancient & Controversial Knowledge,4158
2026-05-08 22:14:58.941889,B0D22PKCGW,Alien Word Search Large Print,4188668,Word Search Games,18802
2026-05-08 22:15:15.447554,B0CTPR6KZ4,Alien Word Search,2236654,UFOs (Books),2158
2026-05-08 22:15:15.447556,B0CTPR6KZ4,Alien Word Search,2236654,Ancient & Controversial Knowledge,2508
2026-05-08 22:15:15.447557,B0CTPR6KZ4,Alien Word Search,2236654,Word Search Games,9705
2026-05-09 00:14:25.451357,B0D9B6HKC8,Space Word Search,9124070,Solar System (Books),818
2026-05-09 00:14:25.451359,B0D9B6HKC8,Space Word Search,9124070,Astronomy (Books),10455
2026-05-09 00:14:25.451360,B0D9B6HKC8,Space Word Search,9124070,Word Search Games,45349
2026-05-09 00:14:41.799014,B0D986WRQY,Ocean Word Search,,,
2026-05-09 00:14:57.950272,B0D9D6QJKD,Earth Science Word Search,,,
2026-05-09 00:15:14.156311,B0D9DRYQSH,Animal Word Search,,,
2026-05-09 00:15:30.584028,B0FPDF7GQV,Halloween Word Search,7643549,Holidays (Books),888
2026-05-09 00:15:30.584030,B0FPDF7GQV,Halloween Word Search,7643549,Customs & Traditions Social Sciences,5721
2026-05-09 00:15:30.584031,B0FPDF7GQV,Halloween Word Search,7643549,Ghosts & Hauntings,5885
2026-05-09 00:15:46.771404,B0DXP99LNN,Spring Word Search,6137443,Gardening & Landscape Design,27104
2026-05-09 00:15:46.771407,B0DXP99LNN,Spring Word Search,6137443,Word Search Games,29457
2026-05-09 00:15:46.771407,B0DXP99LNN,Spring Word Search,6137443,Word Games (Books),31542
2026-05-09 00:16:02.903344,B0F61TRMXM,Summer Word Search,,,
2026-05-09 00:16:19.192361,B0DTKGRKC2,Romance Word Search,8217536,Humorous Erotica (Books),22518
2026-05-09 00:16:19.192363,B0DTKGRKC2,Romance Word Search,8217536,Romantic Erotica (Books),36690
2026-05-09 00:16:19.192364,B0DTKGRKC2,Romance Word Search,8217536,Word Search Games,40936
2026-05-09 00:16:35.417508,B0DS5HPJ1M,Alien Adult Activity Book,2202644,UFOs (Books),2131
2026-05-09 00:16:35.417510,B0DS5HPJ1M,Alien Adult Activity Book,2202644,Logic & Brain Teasers (Books),5035
2026-05-09 00:16:35.417510,B0DS5HPJ1M,Alien Adult Activity Book,2202644,Puzzles (Books),10123
2026-05-09 00:16:51.762471,B0FJ8TFSZ1,Fall Word Search,6597714,Holidays (Books),766
2026-05-09 00:16:51.762473,B0FJ8TFSZ1,Fall Word Search,6597714,Word Search Games,32066
2026-05-09 00:16:51.762474,B0FJ8TFSZ1,Fall Word Search,6597714,Word Games (Books),34258
2026-05-09 00:17:08.064556,B0G4GQL5TG,Winter Word Search,9420230,Holidays (Books),1071
2026-05-09 00:17:08.064561,B0G4GQL5TG,Winter Word Search,9420230,Word Search Games,47557
2026-05-09 00:17:08.064562,B0G4GQL5TG,Winter Word Search,9420230,Word Games (Books),50288
2026-05-09 00:17:24.293532,B0G5Z47WY7,Christmas Word Search,9419760,Holidays (Books),1070
2026-05-09 00:17:24.293534,B0G5Z47WY7,Christmas Word Search,9419760,Word Search Games,47538
2026-05-09 00:17:24.293535,B0G5Z47WY7,Christmas Word Search,9419760,Word Games (Books),50268
2026-05-09 00:17:40.514198,B0D2HQ2N8G,Cryptids Word Search Large Print,,,
2026-05-09 00:17:56.851769,B0CVNHV3CV,Cryptids Word Search,3897964,Ancient & Controversial Knowledge,3918
2026-05-09 00:17:56.851771,B0CVNHV3CV,Cryptids Word Search,3897964,Unexplained Mysteries (Books),5209
2026-05-09 00:17:56.851771,B0CVNHV3CV,Cryptids Word Search,3897964,Word Search Games,17338
2026-05-09 00:18:12.941968,B0D429W5H1,Sasquatch Word Search,3934053,Unexplained Mysteries (Books),5253
2026-05-09 00:18:12.941970,B0D429W5H1,Sasquatch Word Search,3934053,Word Search Games,17497
2026-05-09 00:18:12.941971,B0D429W5H1,Sasquatch Word Search,3934053,Word Games (Books),19045
2026-05-09 00:18:30.167260,B0D429WWSQ,Sasquatch Word Search,2673462,Unexplained Mysteries (Books),3882
2026-05-09 00:18:30.167262,B0D429WWSQ,Sasquatch Word Search,2673462,Word Search Games,11664
2026-05-09 00:18:30.167263,B0D429WWSQ,Sasquatch Word Search,2673462,Word Games (Books),12884
2026-05-09 00:18:46.442690,B0D22PKCGW,Alien Word Search Large Print,4189834,UFOs (Books),3462
2026-05-09 00:18:46.442691,B0D22PKCGW,Alien Word Search Large Print,4189834,Ancient & Controversial Knowledge,4158
2026-05-09 00:18:46.442692,B0D22PKCGW,Alien Word Search Large Print,4189834,Word Search Games,18807
2026-05-09 00:19:02.653531,B0CTPR6KZ4,Alien Word Search,2237793,UFOs (Books),2158
2026-05-09 00:19:02.653534,B0CTPR6KZ4,Alien Word Search,2237793,Ancient & Controversial Knowledge,2508
2026-05-09 00:19:02.653535,B0CTPR6KZ4,Alien Word Search,2237793,Word Search Games,9709
2026-05-09 04:35:41.192298,B0D3XXY1HV,Witches Word Search Large Print,,,
2026-05-09 04:35:57.777691,B0G43ZNNRX,Weather Word Search Large Print,,,
2026-05-09 04:36:14.326211,B0D97NFBG2,Weather Word Search,379218,Natural Disasters (Books),154
2026-05-09 04:36:14.326217,B0D97NFBG2,Weather Word Search,379218,Weather (Books),157
2026-05-09 04:36:14.326218,B0D97NFBG2,Weather Word Search,379218,Word Search Games,1980
2026-05-09 04:36:30.791122,B0D9B6HKC8,Space Word Search,9131354,Solar System (Books),818
2026-05-09 04:36:30.791125,B0D9B6HKC8,Space Word Search,9131354,Astronomy (Books),10462
2026-05-09 04:36:30.791126,B0D9B6HKC8,Space Word Search,9131354,Word Search Games,45350
2026-05-09 04:36:47.197617,B0D986WRQY,Ocean Word Search,,,
2026-05-09 04:37:03.715087,B0D9D6QJKD,Earth Science Word Search,,,
2026-05-09 04:37:19.609979,B0D9DRYQSH,Animal Word Search,,,
2026-05-09 04:37:36.010403,B0FPDF7GQV,Halloween Word Search,7640742,Holidays (Books),886
2026-05-09 04:37:36.010406,B0FPDF7GQV,Halloween Word Search,7640742,Customs & Traditions Social Sciences,5717
2026-05-09 04:37:36.010407,B0FPDF7GQV,Halloween Word Search,7640742,Ghosts & Hauntings,5881
2026-05-09 04:37:52.663195,B0DXP99LNN,Spring Word Search,6131600,Gardening & Landscape Design,27059
2026-05-09 04:37:52.663199,B0DXP99LNN,Spring Word Search,6131600,Word Search Games,29398
2026-05-09 04:37:52.663200,B0DXP99LNN,Spring Word Search,6131600,Word Games (Books),31479
2026-05-09 04:38:09.041036,B0F61TRMXM,Summer Word Search,,,
2026-05-09 04:38:25.473826,B0DTKGRKC2,Romance Word Search,8213577,Humorous Erotica (Books),22503
2026-05-09 04:38:25.473828,B0DTKGRKC2,Romance Word Search,8213577,Romantic Erotica (Books),36678
2026-05-09 04:38:25.473829,B0DTKGRKC2,Romance Word Search,8213577,Word Search Games,40904
2026-05-09 04:38:42.384821,B0DS5HPJ1M,Alien Adult Activity Book,2239354,UFOs (Books),2158
2026-05-09 04:38:42.384823,B0DS5HPJ1M,Alien Adult Activity Book,2239354,Logic & Brain Teasers (Books),5132
2026-05-09 04:38:42.384824,B0DS5HPJ1M,Alien Adult Activity Book,2239354,Puzzles (Books),10288
2026-05-09 04:38:58.992522,B0FJ8TFSZ1,Fall Word Search,6587557,Holidays (Books),763
2026-05-09 04:38:58.992525,B0FJ8TFSZ1,Fall Word Search,6587557,Word Search Games,32027
2026-05-09 04:38:58.992525,B0FJ8TFSZ1,Fall Word Search,6587557,Word Games (Books),34215
2026-05-09 04:39:15.550992,B0G4GQL5TG,Winter Word Search,9427214,Holidays (Books),1070
2026-05-09 04:39:15.550994,B0G4GQL5TG,Winter Word Search,9427214,Word Search Games,47558
2026-05-09 04:39:15.550995,B0G4GQL5TG,Winter Word Search,9427214,Word Games (Books),50287
2026-05-09 04:39:32.043343,B0G5Z47WY7,Christmas Word Search,9426744,Holidays (Books),1069
2026-05-09 04:39:32.043345,B0G5Z47WY7,Christmas Word Search,9426744,Word Search Games,47539
2026-05-09 04:39:32.043346,B0G5Z47WY7,Christmas Word Search,9426744,Word Games (Books),50267
2026-05-09 04:39:48.455456,B0D2HQ2N8G,Cryptids Word Search Large Print,,,
2026-05-09 04:40:04.778403,B0CVNHV3CV,Cryptids Word Search,3882249,Ancient & Controversial Knowledge,3905
2026-05-09 04:40:04.778405,B0CVNHV3CV,Cryptids Word Search,3882249,Unexplained Mysteries (Books),5185
2026-05-09 04:40:04.778405,B0CVNHV3CV,Cryptids Word Search,3882249,Word Search Games,17216
2026-05-09 04:40:21.086593,B0D429W5H1,Sasquatch Word Search,3918532,Unexplained Mysteries (Books),5235
2026-05-09 04:40:21.086595,B0D429W5H1,Sasquatch Word Search,3918532,Word Search Games,17389
2026-05-09 04:40:21.086596,B0D429W5H1,Sasquatch Word Search,3918532,Word Games (Books),18927
2026-05-09 04:40:37.657108,B0D429WWSQ,Sasquatch Word Search,2716024,Unexplained Mysteries (Books),3920
2026-05-09 04:40:37.657110,B0D429WWSQ,Sasquatch Word Search,2716024,Word Search Games,11853
2026-05-09 04:40:37.657111,B0D429WWSQ,Sasquatch Word Search,2716024,Word Games (Books),13086
2026-05-09 04:40:54.158034,B0D22PKCGW,Alien Word Search Large Print,4176249,UFOs (Books),3451
2026-05-09 04:40:54.158036,B0D22PKCGW,Alien Word Search Large Print,4176249,Ancient & Controversial Knowledge,4146
2026-05-09 04:40:54.158037,B0D22PKCGW,Alien Word Search Large Print,4176249,Word Search Games,18748
2026-05-09 04:41:10.756727,B0CTPR6KZ4,Alien Word Search,2262137,UFOs (Books),2168
2026-05-09 04:41:10.756729,B0CTPR6KZ4,Alien Word Search,2262137,Ancient & Controversial Knowledge,2523
2026-05-09 04:41:10.756730,B0CTPR6KZ4,Alien Word Search,2262137,Word Search Games,9816
2026-05-09 07:20:56.685148,B0D3XXZRRC,Witches Word Search,,,
2026-05-09 07:21:13.264110,B0D3XXY1HV,Witches Word Search Large Print,,,
2026-05-09 07:21:29.538604,B0G43ZNNRX,Weather Word Search Large Print,,,
2026-05-09 07:21:45.789747,B0D97NFBG2,Weather Word Search,379262,Natural Disasters (Books),154
2026-05-09 07:21:45.789752,B0D97NFBG2,Weather Word Search,379262,Weather (Books),157
2026-05-09 07:21:45.789753,B0D97NFBG2,Weather Word Search,379262,Word Search Games,1980
2026-05-09 07:22:01.895830,B0D9B6HKC8,Space Word Search,9138436,Solar System (Books),818
2026-05-09 07:22:01.895832,B0D9B6HKC8,Space Word Search,9138436,Astronomy (Books),10464
2026-05-09 07:22:01.895833,B0D9B6HKC8,Space Word Search,9138436,Word Search Games,45352
2026-05-09 07:22:18.123859,B0D986WRQY,Ocean Word Search,,,
2026-05-09 07:22:34.184117,B0D9D6QJKD,Earth Science Word Search,,,
2026-05-09 07:22:50.365803,B0D9DRYQSH,Animal Word Search,,,
2026-05-09 07:23:06.472827,B0FPDF7GQV,Halloween Word Search,7647413,Holidays (Books),886
2026-05-09 07:23:06.472829,B0FPDF7GQV,Halloween Word Search,7647413,Customs & Traditions Social Sciences,5719
2026-05-09 07:23:06.472830,B0FPDF7GQV,Halloween Word Search,7647413,Ghosts & Hauntings,5882
2026-05-09 07:23:22.772165,B0DXP99LNN,Spring Word Search,6138385,Gardening & Landscape Design,27061
2026-05-09 07:23:22.772167,B0DXP99LNN,Spring Word Search,6138385,Word Search Games,29401
2026-05-09 07:23:22.772168,B0DXP99LNN,Spring Word Search,6138385,Word Games (Books),31484
2026-05-09 07:23:38.962579,B0F61TRMXM,Summer Word Search,,,
2026-05-09 07:23:55.026950,B0DTKGRKC2,Romance Word Search,8220542,Humorous Erotica (Books),22517
2026-05-09 07:23:55.026952,B0DTKGRKC2,Romance Word Search,8220542,Romantic Erotica (Books),36677
2026-05-09 07:23:55.026953,B0DTKGRKC2,Romance Word Search,8220542,Word Search Games,40907
2026-05-09 07:24:11.199653,B0DS5HPJ1M,Alien Adult Activity Book,2245675,UFOs (Books),2158
2026-05-09 07:24:11.199655,B0DS5HPJ1M,Alien Adult Activity Book,2245675,Logic & Brain Teasers (Books),5142
2026-05-09 07:24:11.199655,B0DS5HPJ1M,Alien Adult Activity Book,2245675,Puzzles (Books),10300
2026-05-09 07:24:27.513149,B0FJ8TFSZ1,Fall Word Search,6594165,Holidays (Books),763
2026-05-09 07:24:27.513151,B0FJ8TFSZ1,Fall Word Search,6594165,Word Search Games,32029
2026-05-09 07:24:27.513152,B0FJ8TFSZ1,Fall Word Search,6594165,Word Games (Books),34219
2026-05-09 07:24:43.709864,B0G4GQL5TG,Winter Word Search,9434322,Holidays (Books),1070
2026-05-09 07:24:43.709866,B0G4GQL5TG,Winter Word Search,9434322,Word Search Games,47560
2026-05-09 07:24:43.709867,B0G4GQL5TG,Winter Word Search,9434322,Word Games (Books),50292
2026-05-09 07:24:59.924810,B0G5Z47WY7,Christmas Word Search,9433852,Holidays (Books),1069
2026-05-09 07:24:59.924813,B0G5Z47WY7,Christmas Word Search,9433852,Word Search Games,47541
2026-05-09 07:24:59.924814,B0G5Z47WY7,Christmas Word Search,9433852,Word Games (Books),50272
2026-05-09 07:25:15.986188,B0D2HQ2N8G,Cryptids Word Search Large Print,,,
2026-05-09 07:25:32.113441,B0CVNHV3CV,Cryptids Word Search,3888666,Ancient & Controversial Knowledge,3905
2026-05-09 07:25:32.113443,B0CVNHV3CV,Cryptids Word Search,3888666,Unexplained Mysteries (Books),5185
2026-05-09 07:25:32.113444,B0CVNHV3CV,Cryptids Word Search,3888666,Word Search Games,17218
2026-05-09 07:25:48.129515,B0D429W5H1,Sasquatch Word Search,3925085,Unexplained Mysteries (Books),5235
2026-05-09 07:25:48.129517,B0D429W5H1,Sasquatch Word Search,3925085,Word Search Games,17391
2026-05-09 07:25:48.129518,B0D429W5H1,Sasquatch Word Search,3925085,Word Games (Books),18929
2026-05-09 07:26:04.268534,B0D429WWSQ,Sasquatch Word Search,2722413,Unexplained Mysteries (Books),3920
2026-05-09 07:26:04.268536,B0D429WWSQ,Sasquatch Word Search,2722413,Word Search Games,11857
2026-05-09 07:26:04.268537,B0D429WWSQ,Sasquatch Word Search,2722413,Word Games (Books),13090
2026-05-09 07:26:20.588891,B0D22PKCGW,Alien Word Search Large Print,4182822,UFOs (Books),3451
2026-05-09 07:26:20.588893,B0D22PKCGW,Alien Word Search Large Print,4182822,Ancient & Controversial Knowledge,4150
2026-05-09 07:26:20.588893,B0D22PKCGW,Alien Word Search Large Print,4182822,Word Search Games,18750
2026-05-09 07:26:36.735037,B0CTPR6KZ4,Alien Word Search,2268463,UFOs (Books),2168
2026-05-09 07:26:36.735039,B0CTPR6KZ4,Alien Word Search,2268463,Ancient & Controversial Knowledge,2523
2026-05-09 07:26:36.735039,B0CTPR6KZ4,Alien Word Search,2268463,Word Search Games,9820
2026-05-09 09:33:29.986971,B0D3XXY1HV,Witches Word Search Large Print,,,
2026-05-09 09:33:45.988074,B0G43ZNNRX,Weather Word Search Large Print,,,
2026-05-09 09:34:02.188583,B0D97NFBG2,Weather Word Search,432268,Weather (Books),177
2026-05-09 09:34:02.188590,B0D97NFBG2,Weather Word Search,432268,Natural Disasters (Books),181
2026-05-09 09:34:02.188591,B0D97NFBG2,Weather Word Search,432268,Word Search Games,2232
2026-05-09 09:34:18.364091,B0D9B6HKC8,Space Word Search,9147190,Solar System (Books),820
2026-05-09 09:34:18.364094,B0D9B6HKC8,Space Word Search,9147190,Astronomy (Books),10470
2026-05-09 09:34:18.364095,B0D9B6HKC8,Space Word Search,9147190,Word Search Games,45343
2026-05-09 09:34:34.567712,B0D986WRQY,Ocean Word Search,,,
2026-05-09 09:34:50.790025,B0D9D6QJKD,Earth Science Word Search,,,
2026-05-09 09:35:06.814379,B0D9DRYQSH,Animal Word Search,,,
2026-05-09 09:35:22.912457,B0FPDF7GQV,Halloween Word Search,7657804,Holidays (Books),885
2026-05-09 09:35:22.912460,B0FPDF7GQV,Halloween Word Search,7657804,Customs & Traditions Social Sciences,5720
2026-05-09 09:35:22.912460,B0FPDF7GQV,Halloween Word Search,7657804,Ghosts & Hauntings,5887
2026-05-09 09:35:39.108883,B0DXP99LNN,Spring Word Search,6150310,Gardening & Landscape Design,27071
2026-05-09 09:35:39.108885,B0DXP99LNN,Spring Word Search,6150310,Word Search Games,29405
2026-05-09 09:35:39.108886,B0DXP99LNN,Spring Word Search,6150310,Word Games (Books),31489
2026-05-09 09:35:55.168047,B0F61TRMXM,Summer Word Search,,,
2026-05-09 09:36:11.415241,B0DTKGRKC2,Romance Word Search,8230155,Humorous Erotica (Books),22517
2026-05-09 09:36:11.415246,B0DTKGRKC2,Romance Word Search,8230155,Romantic Erotica (Books),36684
2026-05-09 09:36:11.415246,B0DTKGRKC2,Romance Word Search,8230155,Word Search Games,40897
2026-05-09 09:36:27.593327,B0DS5HPJ1M,Alien Adult Activity Book,2271752,UFOs (Books),2174
2026-05-09 09:36:27.593330,B0DS5HPJ1M,Alien Adult Activity Book,2271752,Logic & Brain Teasers (Books),5182
2026-05-09 09:36:27.593331,B0DS5HPJ1M,Alien Adult Activity Book,2271752,Puzzles (Books),10374
2026-05-09 09:36:43.800542,B0FJ8TFSZ1,Fall Word Search,6605610,Holidays (Books),763
2026-05-09 09:36:43.800548,B0FJ8TFSZ1,Fall Word Search,6605610,Word Search Games,32041
2026-05-09 09:36:43.800549,B0FJ8TFSZ1,Fall Word Search,6605610,Word Games (Books),34232
2026-05-09 09:37:00.030017,B0G4GQL5TG,Winter Word Search,9442859,Holidays (Books),1070
2026-05-09 09:37:00.030020,B0G4GQL5TG,Winter Word Search,9442859,Word Search Games,47550
2026-05-09 09:37:00.030021,B0G4GQL5TG,Winter Word Search,9442859,Word Games (Books),50283
2026-05-09 09:37:16.339226,B0G5Z47WY7,Christmas Word Search,9442389,Holidays (Books),1069
2026-05-09 09:37:16.339229,B0G5Z47WY7,Christmas Word Search,9442389,Word Search Games,47531
2026-05-09 09:37:16.339230,B0G5Z47WY7,Christmas Word Search,9442389,Word Games (Books),50263
2026-05-09 09:37:32.497870,B0D2HQ2N8G,Cryptids Word Search Large Print,,,
2026-05-09 09:37:48.660857,B0CVNHV3CV,Cryptids Word Search,3905962,Ancient & Controversial Knowledge,3918
2026-05-09 09:37:48.660860,B0CVNHV3CV,Cryptids Word Search,3905962,Unexplained Mysteries (Books),5187
2026-05-09 09:37:48.660860,B0CVNHV3CV,Cryptids Word Search,3905962,Word Search Games,17245
2026-05-09 09:38:04.838989,B0D429W5H1,Sasquatch Word Search,3942143,Unexplained Mysteries (Books),5238
2026-05-09 09:38:04.838992,B0D429W5H1,Sasquatch Word Search,3942143,Word Search Games,17420
2026-05-09 09:38:04.838992,B0D429W5H1,Sasquatch Word Search,3942143,Word Games (Books),18958
2026-05-09 09:38:21.089873,B0D429WWSQ,Sasquatch Word Search,2744944,Unexplained Mysteries (Books),3931
2026-05-09 09:38:21.089877,B0D429WWSQ,Sasquatch Word Search,2744944,Word Search Games,11906
2026-05-09 09:38:21.089877,B0D429WWSQ,Sasquatch Word Search,2744944,Word Games (Books),13140
2026-05-09 09:38:37.295351,B0D22PKCGW,Alien Word Search Large Print,4199053,UFOs (Books),3457
2026-05-09 09:38:37.295354,B0D22PKCGW,Alien Word Search Large Print,4199053,Ancient & Controversial Knowledge,4157
2026-05-09 09:38:37.295355,B0D22PKCGW,Alien Word Search Large Print,4199053,Word Search Games,18778
2026-05-09 09:38:53.492721,B0CTPR6KZ4,Alien Word Search,2294425,UFOs (Books),2184
2026-05-09 09:38:53.492724,B0CTPR6KZ4,Alien Word Search,2294425,Ancient & Controversial Knowledge,2537
2026-05-09 09:38:53.492724,B0CTPR6KZ4,Alien Word Search,2294425,Word Search Games,9893
2026-05-09 11:08:46.727356,B0CSZDC243,Haunted Word Search,,,
2026-05-09 11:09:03.891602,B0D3XXZRRC,Witches Word Search,6164275,Witchcraft Religion & Spirituality,7215
2026-05-09 11:09:03.891606,B0D3XXZRRC,Witches Word Search,6164275,Spiritualism,10390
2026-05-09 11:09:03.891606,B0D3XXZRRC,Witches Word Search,6164275,Word Search Games,29528
2026-05-09 11:09:20.090455,B0D3XXY1HV,Witches Word Search Large Print,,,
2026-05-09 11:09:36.300895,B0G43ZNNRX,Weather Word Search Large Print,,,
2026-05-09 11:09:52.880404,B0D97NFBG2,Weather Word Search,432267,Weather (Books),177
2026-05-09 11:09:52.880408,B0D97NFBG2,Weather Word Search,432267,Natural Disasters (Books),181
2026-05-09 11:09:52.880408,B0D97NFBG2,Weather Word Search,432267,Word Search Games,2232
2026-05-09 11:10:09.106163,B0D9B6HKC8,Space Word Search,9141903,Solar System (Books),820
2026-05-09 11:10:09.106165,B0D9B6HKC8,Space Word Search,9141903,Astronomy (Books),10471
2026-05-09 11:10:09.106166,B0D9B6HKC8,Space Word Search,9141903,Word Search Games,45342
2026-05-09 11:10:25.366904,B0D986WRQY,Ocean Word Search,,,
2026-05-09 11:10:41.458577,B0D9D6QJKD,Earth Science Word Search,,,
2026-05-09 11:10:57.630913,B0D9DRYQSH,Animal Word Search,,,
2026-05-09 11:11:13.857849,B0FPDF7GQV,Halloween Word Search,7657664,Holidays (Books),885
2026-05-09 11:11:13.857852,B0FPDF7GQV,Halloween Word Search,7657664,Customs & Traditions Social Sciences,5720
2026-05-09 11:11:13.857853,B0FPDF7GQV,Halloween Word Search,7657664,Ghosts & Hauntings,5887
2026-05-09 11:11:30.146543,B0DXP99LNN,Spring Word Search,6145064,Gardening & Landscape Design,27072
2026-05-09 11:11:30.146546,B0DXP99LNN,Spring Word Search,6145064,Word Search Games,29404
2026-05-09 11:11:30.146547,B0DXP99LNN,Spring Word Search,6145064,Word Games (Books),31488
2026-05-09 11:11:46.181394,B0F61TRMXM,Summer Word Search,,,
2026-05-09 11:12:02.443004,B0DTKGRKC2,Romance Word Search,8230005,Humorous Erotica (Books),22517
2026-05-09 11:12:02.443007,B0DTKGRKC2,Romance Word Search,8230005,Romantic Erotica (Books),36685
2026-05-09 11:12:02.443008,B0DTKGRKC2,Romance Word Search,8230005,Word Search Games,40897
2026-05-09 11:12:18.636095,B0DS5HPJ1M,Alien Adult Activity Book,2266580,UFOs (Books),2174
2026-05-09 11:12:18.636098,B0DS5HPJ1M,Alien Adult Activity Book,2266580,Logic & Brain Teasers (Books),5182
2026-05-09 11:12:18.636099,B0DS5HPJ1M,Alien Adult Activity Book,2266580,Puzzles (Books),10373
2026-05-09 11:12:34.933415,B0FJ8TFSZ1,Fall Word Search,6600358,Holidays (Books),762
2026-05-09 11:12:34.933418,B0FJ8TFSZ1,Fall Word Search,6600358,Word Search Games,32039
2026-05-09 11:12:34.933418,B0FJ8TFSZ1,Fall Word Search,6600358,Word Games (Books),34230
2026-05-09 11:12:51.256391,B0G4GQL5TG,Winter Word Search,9442690,Holidays (Books),1070
2026-05-09 11:12:51.256395,B0G4GQL5TG,Winter Word Search,9442690,Word Search Games,47550
2026-05-09 11:12:51.256395,B0G4GQL5TG,Winter Word Search,9442690,Word Games (Books),50283
2026-05-09 11:13:07.643186,B0G5Z47WY7,Christmas Word Search,9437099,Holidays (Books),1068
2026-05-09 11:13:07.643189,B0G5Z47WY7,Christmas Word Search,9437099,Word Search Games,47530
2026-05-09 11:13:07.643190,B0G5Z47WY7,Christmas Word Search,9437099,Word Games (Books),50262
2026-05-09 11:13:23.821476,B0D2HQ2N8G,Cryptids Word Search Large Print,,,
2026-05-09 11:13:40.111443,B0CVNHV3CV,Cryptids Word Search,3900739,Ancient & Controversial Knowledge,3918
2026-05-09 11:13:40.111446,B0CVNHV3CV,Cryptids Word Search,3900739,Unexplained Mysteries (Books),5187
2026-05-09 11:13:40.111447,B0CVNHV3CV,Cryptids Word Search,3900739,Word Search Games,17244
2026-05-09 11:13:56.243609,B0D429W5H1,Sasquatch Word Search,3936920,Unexplained Mysteries (Books),5238
2026-05-09 11:13:56.243612,B0D429W5H1,Sasquatch Word Search,3936920,Word Search Games,17419
2026-05-09 11:13:56.243612,B0D429W5H1,Sasquatch Word Search,3936920,Word Games (Books),18957
2026-05-09 11:14:12.495605,B0D429WWSQ,Sasquatch Word Search,2744882,Unexplained Mysteries (Books),3930
2026-05-09 11:14:12.495609,B0D429WWSQ,Sasquatch Word Search,2744882,Word Search Games,11906
2026-05-09 11:14:12.495609,B0D429WWSQ,Sasquatch Word Search,2744882,Word Games (Books),13140
2026-05-09 11:14:28.786933,B0D22PKCGW,Alien Word Search Large Print,4193824,UFOs (Books),3457
2026-05-09 11:14:28.786937,B0D22PKCGW,Alien Word Search Large Print,4193824,Ancient & Controversial Knowledge,4157
2026-05-09 11:14:28.786938,B0D22PKCGW,Alien Word Search Large Print,4193824,Word Search Games,18777
2026-05-09 11:14:45.233701,B0CTPR6KZ4,Alien Word Search,2289253,UFOs (Books),2184
2026-05-09 11:14:45.233704,B0CTPR6KZ4,Alien Word Search,2289253,Ancient & Controversial Knowledge,2537
2026-05-09 11:14:45.233705,B0CTPR6KZ4,Alien Word Search,2289253,Word Search Games,9892
2026-05-09 13:47:56.828059,B0CSZDC243,Haunted Word Search,,,
2026-05-09 13:48:13.596911,B0D3XXZRRC,Witches Word Search,6169369,Witchcraft Religion & Spirituality,7215
2026-05-09 13:48:13.596914,B0D3XXZRRC,Witches Word Search,6169369,Spiritualism,10390
2026-05-09 13:48:13.596915,B0D3XXZRRC,Witches Word Search,6169369,Word Search Games,29529
2026-05-09 13:48:30.011875,B0D3XXY1HV,Witches Word Search Large Print,,,
2026-05-09 13:48:46.270193,B0G43ZNNRX,Weather Word Search Large Print,,,
2026-05-09 13:49:02.671161,B0D97NFBG2,Weather Word Search,432262,Weather (Books),177
2026-05-09 13:49:02.671163,B0D97NFBG2,Weather Word Search,432262,Natural Disasters (Books),181
2026-05-09 13:49:02.671163,B0D97NFBG2,Weather Word Search,432262,Word Search Games,2232
2026-05-09 13:49:19.101870,B0D9B6HKC8,Space Word Search,9147002,Solar System (Books),820
2026-05-09 13:49:19.101872,B0D9B6HKC8,Space Word Search,9147002,Astronomy (Books),10471
2026-05-09 13:49:19.101873,B0D9B6HKC8,Space Word Search,9147002,Word Search Games,45343
2026-05-09 13:49:35.376966,B0D986WRQY,Ocean Word Search,,,
2026-05-09 13:49:51.489958,B0D9D6QJKD,Earth Science Word Search,,,
2026-05-09 13:50:07.945211,B0D9DRYQSH,Animal Word Search,,,
2026-05-09 13:50:24.142708,B0FPDF7GQV,Halloween Word Search,7657637,Holidays (Books),885
2026-05-09 13:50:24.142710,B0FPDF7GQV,Halloween Word Search,7657637,Customs & Traditions Social Sciences,5720
2026-05-09 13:50:24.142711,B0FPDF7GQV,Halloween Word Search,7657637,Ghosts & Hauntings,5887
2026-05-09 13:50:40.355452,B0DXP99LNN,Spring Word Search,6150158,Gardening & Landscape Design,27075
2026-05-09 13:50:40.355455,B0DXP99LNN,Spring Word Search,6150158,Word Search Games,29405
2026-05-09 13:50:40.355456,B0DXP99LNN,Spring Word Search,6150158,Word Games (Books),31489
2026-05-09 13:50:56.571482,B0F61TRMXM,Summer Word Search,,,
2026-05-09 13:51:12.819065,B0DTKGRKC2,Romance Word Search,8229979,Humorous Erotica (Books),22517
2026-05-09 13:51:12.819068,B0DTKGRKC2,Romance Word Search,8229979,Romantic Erotica (Books),36684
2026-05-09 13:51:12.819068,B0DTKGRKC2,Romance Word Search,8229979,Word Search Games,40897
2026-05-09 13:51:29.340900,B0DS5HPJ1M,Alien Adult Activity Book,2271681,UFOs (Books),2174
2026-05-09 13:51:29.340902,B0DS5HPJ1M,Alien Adult Activity Book,2271681,Logic & Brain Teasers (Books),5182
2026-05-09 13:51:29.340902,B0DS5HPJ1M,Alien Adult Activity Book,2271681,Puzzles (Books),10374
2026-05-09 13:51:45.688749,B0FJ8TFSZ1,Fall Word Search,6605454,Holidays (Books),763
2026-05-09 13:51:45.688752,B0FJ8TFSZ1,Fall Word Search,6605454,Word Search Games,32040
2026-05-09 13:51:45.688752,B0FJ8TFSZ1,Fall Word Search,6605454,Word Games (Books),34231
2026-05-09 13:52:02.082080,B0G4GQL5TG,Winter Word Search,9442664,Holidays (Books),1070
2026-05-09 13:52:02.082083,B0G4GQL5TG,Winter Word Search,9442664,Word Search Games,47550
2026-05-09 13:52:02.082084,B0G4GQL5TG,Winter Word Search,9442664,Word Games (Books),50283
2026-05-09 13:52:18.487343,B0G5Z47WY7,Christmas Word Search,9442195,Holidays (Books),1069
2026-05-09 13:52:18.487345,B0G5Z47WY7,Christmas Word Search,9442195,Word Search Games,47531
2026-05-09 13:52:18.487346,B0G5Z47WY7,Christmas Word Search,9442195,Word Games (Books),50263
2026-05-09 13:52:34.632128,B0D2HQ2N8G,Cryptids Word Search Large Print,,,
2026-05-09 13:52:50.919023,B0CVNHV3CV,Cryptids Word Search,3905836,Ancient & Controversial Knowledge,3917
2026-05-09 13:52:50.919025,B0CVNHV3CV,Cryptids Word Search,3905836,Unexplained Mysteries (Books),5183
2026-05-09 13:52:50.919026,B0CVNHV3CV,Cryptids Word Search,3905836,Word Search Games,17245
2026-05-09 13:53:07.194812,B0D429W5H1,Sasquatch Word Search,3942015,Unexplained Mysteries (Books),5234
2026-05-09 13:53:07.194814,B0D429W5H1,Sasquatch Word Search,3942015,Word Search Games,17420
2026-05-09 13:53:07.194815,B0D429W5H1,Sasquatch Word Search,3942015,Word Games (Books),18958
2026-05-09 13:53:23.390950,B0D429WWSQ,Sasquatch Word Search,2744860,Unexplained Mysteries (Books),3926
2026-05-09 13:53:23.390952,B0D429WWSQ,Sasquatch Word Search,2744860,Word Search Games,11906
2026-05-09 13:53:23.390953,B0D429WWSQ,Sasquatch Word Search,2744860,Word Games (Books),13140
2026-05-09 13:53:39.678739,B0D22PKCGW,Alien Word Search Large Print,4198917,UFOs (Books),3457
2026-05-09 13:53:39.678744,B0D22PKCGW,Alien Word Search Large Print,4198917,Ancient & Controversial Knowledge,4156
2026-05-09 13:53:39.678745,B0D22PKCGW,Alien Word Search Large Print,4198917,Word Search Games,18778
2026-05-09 13:53:56.123566,B0CTPR6KZ4,Alien Word Search,2294353,UFOs (Books),2184
2026-05-09 13:53:56.123568,B0CTPR6KZ4,Alien Word Search,2294353,Ancient & Controversial Knowledge,2537
2026-05-09 13:53:56.123569,B0CTPR6KZ4,Alien Word Search,2294353,Word Search Games,9893
2026-05-09 15:03:14.763812,B0D1MYMVCC,Haunted Word Search Large Print,,,
2026-05-09 15:03:31.656784,B0CSZDC243,Haunted Word Search,6852004,Ghosts & Hauntings,5532
2026-05-09 15:03:31.656787,B0CSZDC243,Haunted Word Search,6852004,Psychic Phenomena,7042
2026-05-09 15:03:31.656788,B0CSZDC243,Haunted Word Search,6852004,Supernaturalism (Books),8526
2026-05-09 15:03:47.846130,B0D3XXZRRC,Witches Word Search,6169849,Witchcraft Religion & Spirituality,7216
2026-05-09 15:03:47.846137,B0D3XXZRRC,Witches Word Search,6169849,Spiritualism,10390
2026-05-09 15:03:47.846139,B0D3XXZRRC,Witches Word Search,6169849,Word Search Games,29528
2026-05-09 15:04:04.111514,B0D3XXY1HV,Witches Word Search Large Print,,,
2026-05-09 15:04:20.353496,B0G43ZNNRX,Weather Word Search Large Print,,,
2026-05-09 15:04:36.702407,B0D97NFBG2,Weather Word Search,432480,Weather (Books),177
2026-05-09 15:04:36.702410,B0D97NFBG2,Weather Word Search,432480,Natural Disasters (Books),181
2026-05-09 15:04:36.702411,B0D97NFBG2,Weather Word Search,432480,Word Search Games,2232
2026-05-09 15:04:52.938211,B0D9B6HKC8,Space Word Search,9147486,Solar System (Books),820
2026-05-09 15:04:52.938213,B0D9B6HKC8,Space Word Search,9147486,Astronomy (Books),10471
2026-05-09 15:04:52.938214,B0D9B6HKC8,Space Word Search,9147486,Word Search Games,45342
2026-05-09 15:05:09.030218,B0D986WRQY,Ocean Word Search,,,
2026-05-09 15:05:25.321601,B0D9D6QJKD,Earth Science Word Search,,,
2026-05-09 15:05:41.656545,B0D9DRYQSH,Animal Word Search,,,
2026-05-09 15:05:57.907332,B0FPDF7GQV,Halloween Word Search,7658121,Holidays (Books),885
2026-05-09 15:05:57.907338,B0FPDF7GQV,Halloween Word Search,7658121,Customs & Traditions Social Sciences,5720
2026-05-09 15:05:57.907339,B0FPDF7GQV,Halloween Word Search,7658121,Ghosts & Hauntings,5887
2026-05-09 15:06:14.125825,B0DXP99LNN,Spring Word Search,6150638,Gardening & Landscape Design,27074
2026-05-09 15:06:14.125831,B0DXP99LNN,Spring Word Search,6150638,Word Search Games,29404
2026-05-09 15:06:14.125832,B0DXP99LNN,Spring Word Search,6150638,Word Games (Books),31492
2026-05-09 15:06:30.208026,B0F61TRMXM,Summer Word Search,,,
2026-05-09 15:06:46.428098,B0DTKGRKC2,Romance Word Search,8230462,Humorous Erotica (Books),22517
2026-05-09 15:06:46.428102,B0DTKGRKC2,Romance Word Search,8230462,Romantic Erotica (Books),36693
2026-05-09 15:06:46.428103,B0DTKGRKC2,Romance Word Search,8230462,Word Search Games,40896
2026-05-09 15:07:02.707460,B0DS5HPJ1M,Alien Adult Activity Book,2272151,UFOs (Books),2174
2026-05-09 15:07:02.707463,B0DS5HPJ1M,Alien Adult Activity Book,2272151,Logic & Brain Teasers (Books),5183
2026-05-09 15:07:02.707464,B0DS5HPJ1M,Alien Adult Activity Book,2272151,Puzzles (Books),10375
2026-05-09 15:07:19.091995,B0FJ8TFSZ1,Fall Word Search,6605934,Holidays (Books),763
2026-05-09 15:07:19.091997,B0FJ8TFSZ1,Fall Word Search,6605934,Word Search Games,32039
2026-05-09 15:07:19.091998,B0FJ8TFSZ1,Fall Word Search,6605934,Word Games (Books),34234
2026-05-09 15:07:35.397585,B0G4GQL5TG,Winter Word Search,9443145,Holidays (Books),1070
2026-05-09 15:07:35.397587,B0G4GQL5TG,Winter Word Search,9443145,Word Search Games,47549
2026-05-09 15:07:35.397588,B0G4GQL5TG,Winter Word Search,9443145,Word Games (Books),50285
2026-05-09 15:07:51.551099,B0G5Z47WY7,Christmas Word Search,9442676,Holidays (Books),1069
2026-05-09 15:07:51.551101,B0G5Z47WY7,Christmas Word Search,9442676,Word Search Games,47530
2026-05-09 15:07:51.551102,B0G5Z47WY7,Christmas Word Search,9442676,Word Games (Books),50265
2026-05-09 15:08:07.763824,B0D2HQ2N8G,Cryptids Word Search Large Print,,,
2026-05-09 15:08:24.118960,B0CVNHV3CV,Cryptids Word Search,3906305,Ancient & Controversial Knowledge,3917
2026-05-09 15:08:24.118963,B0CVNHV3CV,Cryptids Word Search,3906305,Unexplained Mysteries (Books),5183
2026-05-09 15:08:24.118964,B0CVNHV3CV,Cryptids Word Search,3906305,Word Search Games,17245
2026-05-09 15:08:40.167880,B0D429W5H1,Sasquatch Word Search,3942484,Unexplained Mysteries (Books),5234
2026-05-09 15:08:40.167883,B0D429W5H1,Sasquatch Word Search,3942484,Word Search Games,17420
2026-05-09 15:08:40.167883,B0D429W5H1,Sasquatch Word Search,3942484,Word Games (Books),18961
2026-05-09 15:08:56.298267,B0D429WWSQ,Sasquatch Word Search,2745330,Unexplained Mysteries (Books),3926
2026-05-09 15:08:56.298270,B0D429WWSQ,Sasquatch Word Search,2745330,Word Search Games,11905
2026-05-09 15:08:56.298271,B0D429WWSQ,Sasquatch Word Search,2745330,Word Games (Books),13143
2026-05-09 15:09:12.563529,B0D22PKCGW,Alien Word Search Large Print,4199392,UFOs (Books),3457
2026-05-09 15:09:12.563532,B0D22PKCGW,Alien Word Search Large Print,4199392,Ancient & Controversial Knowledge,4156
2026-05-09 15:09:12.563533,B0D22PKCGW,Alien Word Search Large Print,4199392,Word Search Games,18778
2026-05-09 15:09:28.915452,B0CTPR6KZ4,Alien Word Search,2294823,UFOs (Books),2184
2026-05-09 15:09:28.915455,B0CTPR6KZ4,Alien Word Search,2294823,Ancient & Controversial Knowledge,2537
2026-05-09 15:09:28.915455,B0CTPR6KZ4,Alien Word Search,2294823,Word Search Games,9892
2026-05-09 17:07:40.684881,B0CSZDC243,Haunted Word Search,,,
2026-05-09 17:07:57.460651,B0D3XXZRRC,Witches Word Search,6173260,Witchcraft Religion & Spirituality,7223
2026-05-09 17:07:57.460653,B0D3XXZRRC,Witches Word Search,6173260,Spiritualism,10394
2026-05-09 17:07:57.460654,B0D3XXZRRC,Witches Word Search,6173260,Word Search Games,29574
2026-05-09 17:08:13.653402,B0D3XXY1HV,Witches Word Search Large Print,,,
2026-05-09 17:08:29.961698,B0G43ZNNRX,Weather Word Search Large Print,,,
2026-05-09 17:08:46.304728,B0D97NFBG2,Weather Word Search,458241,Weather (Books),187
2026-05-09 17:08:46.304731,B0D97NFBG2,Weather Word Search,458241,Natural Disasters (Books),191
2026-05-09 17:08:46.304731,B0D97NFBG2,Weather Word Search,458241,Word Search Games,2338
2026-05-09 17:09:02.405001,B0D9B6HKC8,Space Word Search,9150103,Solar System (Books),821
2026-05-09 17:09:02.405003,B0D9B6HKC8,Space Word Search,9150103,Astronomy (Books),10475
2026-05-09 17:09:02.405004,B0D9B6HKC8,Space Word Search,9150103,Word Search Games,45384
2026-05-09 17:09:18.531424,B0D986WRQY,Ocean Word Search,,,
2026-05-09 17:09:34.649742,B0D9D6QJKD,Earth Science Word Search,,,
2026-05-09 17:09:50.867160,B0D9DRYQSH,Animal Word Search,,,
2026-05-09 17:10:07.103158,B0FPDF7GQV,Halloween Word Search,7661034,Holidays (Books),887
2026-05-09 17:10:07.103161,B0FPDF7GQV,Halloween Word Search,7661034,Customs & Traditions Social Sciences,5724
2026-05-09 17:10:07.103161,B0FPDF7GQV,Halloween Word Search,7661034,Ghosts & Hauntings,5890
2026-05-09 17:10:23.372143,B0DXP99LNN,Spring Word Search,6154054,Gardening & Landscape Design,27094
2026-05-09 17:10:23.372145,B0DXP99LNN,Spring Word Search,6154054,Word Search Games,29450
2026-05-09 17:10:23.372146,B0DXP99LNN,Spring Word Search,6154054,Word Games (Books),31529
2026-05-09 17:10:39.463192,B0F61TRMXM,Summer Word Search,,,
2026-05-09 17:10:55.561677,B0DTKGRKC2,Romance Word Search,8233246,Humorous Erotica (Books),22524
2026-05-09 17:10:55.561679,B0DTKGRKC2,Romance Word Search,8233246,Romantic Erotica (Books),36735
2026-05-09 17:10:55.561680,B0DTKGRKC2,Romance Word Search,8233246,Word Search Games,40940
2026-05-09 17:11:11.821371,B0DS5HPJ1M,Alien Adult Activity Book,2280792,UFOs (Books),2185
2026-05-09 17:11:11.821373,B0DS5HPJ1M,Alien Adult Activity Book,2280792,Logic & Brain Teasers (Books),5208
2026-05-09 17:11:11.821374,B0DS5HPJ1M,Alien Adult Activity Book,2280792,Puzzles (Books),10431
2026-05-09 17:11:27.974068,B0FJ8TFSZ1,Fall Word Search,6609171,Holidays (Books),765
2026-05-09 17:11:27.974070,B0FJ8TFSZ1,Fall Word Search,6609171,Word Search Games,32087
2026-05-09 17:11:27.974070,B0FJ8TFSZ1,Fall Word Search,6609171,Word Games (Books),34270
2026-05-09 17:11:44.271690,B0G4GQL5TG,Winter Word Search,9445723,Holidays (Books),1072
2026-05-09 17:11:44.271692,B0G4GQL5TG,Winter Word Search,9445723,Word Search Games,47589
2026-05-09 17:11:44.271692,B0G4GQL5TG,Winter Word Search,9445723,Word Games (Books),50314
2026-05-09 17:12:00.539358,B0G5Z47WY7,Christmas Word Search,9445254,Holidays (Books),1071
2026-05-09 17:12:00.539360,B0G5Z47WY7,Christmas Word Search,9445254,Word Search Games,47570
2026-05-09 17:12:00.539361,B0G5Z47WY7,Christmas Word Search,9445254,Word Games (Books),50294
2026-05-09 17:12:16.826421,B0D2HQ2N8G,Cryptids Word Search Large Print,,,
2026-05-09 17:12:32.927830,B0CVNHV3CV,Cryptids Word Search,3911438,Ancient & Controversial Knowledge,3922
2026-05-09 17:12:32.927832,B0CVNHV3CV,Cryptids Word Search,3911438,Unexplained Mysteries (Books),5185
2026-05-09 17:12:32.927832,B0CVNHV3CV,Cryptids Word Search,3911438,Word Search Games,17294
2026-05-09 17:12:48.991553,B0D429W5H1,Sasquatch Word Search,3947564,Unexplained Mysteries (Books),5236
2026-05-09 17:12:48.991555,B0D429W5H1,Sasquatch Word Search,3947564,Word Search Games,17469
2026-05-09 17:12:48.991555,B0D429W5H1,Sasquatch Word Search,3947564,Word Games (Books),19003
2026-05-09 17:13:05.101387,B0D429WWSQ,Sasquatch Word Search,2752562,Unexplained Mysteries (Books),3935
2026-05-09 17:13:05.101389,B0D429WWSQ,Sasquatch Word Search,2752562,Word Search Games,11967
2026-05-09 17:13:05.101390,B0D429WWSQ,Sasquatch Word Search,2752562,Word Games (Books),13200
2026-05-09 17:13:21.341177,B0D22PKCGW,Alien Word Search Large Print,4204188,UFOs (Books),3462
2026-05-09 17:13:21.341179,B0D22PKCGW,Alien Word Search Large Print,4204188,Ancient & Controversial Knowledge,4161
2026-05-09 17:13:21.341179,B0D22PKCGW,Alien Word Search Large Print,4204188,Word Search Games,18826
2026-05-09 17:13:37.456666,B0CTPR6KZ4,Alien Word Search,2303409,UFOs (Books),2194
2026-05-09 17:13:37.456668,B0CTPR6KZ4,Alien Word Search,2303409,Ancient & Controversial Knowledge,2540
2026-05-09 17:13:37.456668,B0CTPR6KZ4,Alien Word Search,2303409,Word Search Games,9958
2026-05-09 19:29:35.408945,B0D9D6QJKD,Earth Science Word Search,,,
2026-05-09 19:29:51.503225,B0D9DRYQSH,Animal Word Search,,,
2026-05-09 19:30:07.738396,B0FPDF7GQV,Halloween Word Search,7661166,Holidays (Books),887
2026-05-09 19:30:07.738399,B0FPDF7GQV,Halloween Word Search,7661166,Customs & Traditions Social Sciences,5728
2026-05-09 19:30:07.738400,B0FPDF7GQV,Halloween Word Search,7661166,Ghosts & Hauntings,5893
2026-05-09 19:30:23.962918,B0DXP99LNN,Spring Word Search,6154149,Gardening & Landscape Design,27126
2026-05-09 19:30:23.962920,B0DXP99LNN,Spring Word Search,6154149,Word Search Games,29473
2026-05-09 19:30:23.962921,B0DXP99LNN,Spring Word Search,6154149,Word Games (Books),31553
2026-05-09 19:30:40.186898,B0F61TRMXM,Summer Word Search,,,
2026-05-09 19:30:56.636035,B0DTKGRKC2,Romance Word Search,8233382,Humorous Erotica (Books),22527
2026-05-09 19:30:56.636037,B0DTKGRKC2,Romance Word Search,8233382,Romantic Erotica (Books),36750
2026-05-09 19:30:56.636038,B0DTKGRKC2,Romance Word Search,8233382,Word Search Games,40963
2026-05-09 19:31:13.100509,B0DS5HPJ1M,Alien Adult Activity Book,2280819,UFOs (Books),2188
2026-05-09 19:31:13.100511,B0DS5HPJ1M,Alien Adult Activity Book,2280819,Logic & Brain Teasers (Books),5224
2026-05-09 19:31:13.100512,B0DS5HPJ1M,Alien Adult Activity Book,2280819,Puzzles (Books),10454
2026-05-09 19:31:29.393560,B0FJ8TFSZ1,Fall Word Search,6609273,Holidays (Books),765
2026-05-09 19:31:29.393562,B0FJ8TFSZ1,Fall Word Search,6609273,Word Search Games,32110
2026-05-09 19:31:29.393563,B0FJ8TFSZ1,Fall Word Search,6609273,Word Games (Books),34294
2026-05-09 19:31:45.633249,B0G4GQL5TG,Winter Word Search,9445903,Holidays (Books),1072
2026-05-09 19:31:45.633252,B0G4GQL5TG,Winter Word Search,9445903,Word Search Games,47612
2026-05-09 19:31:45.633252,B0G4GQL5TG,Winter Word Search,9445903,Word Games (Books),50338
2026-05-09 19:32:01.964688,B0G5Z47WY7,Christmas Word Search,9445434,Holidays (Books),1071
2026-05-09 19:32:01.964690,B0G5Z47WY7,Christmas Word Search,9445434,Word Search Games,47593
2026-05-09 19:32:01.964691,B0G5Z47WY7,Christmas Word Search,9445434,Word Games (Books),50318
2026-05-09 19:32:18.307653,B0D2HQ2N8G,Cryptids Word Search Large Print,,,
2026-05-09 19:32:34.586600,B0CVNHV3CV,Cryptids Word Search,3911498,Ancient & Controversial Knowledge,3926
2026-05-09 19:32:34.586603,B0CVNHV3CV,Cryptids Word Search,3911498,Unexplained Mysteries (Books),5187
2026-05-09 19:32:34.586604,B0CVNHV3CV,Cryptids Word Search,3911498,Word Search Games,17317
2026-05-09 19:32:50.774732,B0D429W5H1,Sasquatch Word Search,3947625,Unexplained Mysteries (Books),5238
2026-05-09 19:32:50.774735,B0D429W5H1,Sasquatch Word Search,3947625,Word Search Games,17492
2026-05-09 19:32:50.774736,B0D429W5H1,Sasquatch Word Search,3947625,Word Games (Books),19027
2026-05-09 19:33:07.018431,B0D429WWSQ,Sasquatch Word Search,2752593,Unexplained Mysteries (Books),3937
2026-05-09 19:33:07.018434,B0D429WWSQ,Sasquatch Word Search,2752593,Word Search Games,11990
2026-05-09 19:33:07.018435,B0D429WWSQ,Sasquatch Word Search,2752593,Word Games (Books),13224
2026-05-09 19:33:23.281082,B0D22PKCGW,Alien Word Search Large Print,4204252,UFOs (Books),3465
2026-05-09 19:33:23.281085,B0D22PKCGW,Alien Word Search Large Print,4204252,Ancient & Controversial Knowledge,4165
2026-05-09 19:33:23.281086,B0D22PKCGW,Alien Word Search Large Print,4204252,Word Search Games,18849
2026-05-09 19:33:39.446668,B0CTPR6KZ4,Alien Word Search,2303436,UFOs (Books),2197
2026-05-09 19:33:39.446671,B0CTPR6KZ4,Alien Word Search,2303436,Ancient & Controversial Knowledge,2544
2026-05-09 19:33:39.446671,B0CTPR6KZ4,Alien Word Search,2303436,Word Search Games,9982
2026-05-09 21:04:25.768264,B0G43ZNNRX,Weather Word Search Large Print,,,
2026-05-09 21:04:42.749257,B0D97NFBG2,Weather Word Search,458425,Weather (Books),189
2026-05-09 21:04:42.749262,B0D97NFBG2,Weather Word Search,458425,Natural Disasters (Books),191
2026-05-09 21:04:42.749263,B0D97NFBG2,Weather Word Search,458425,Word Search Games,2339
2026-05-09 21:04:59.129837,B0D9B6HKC8,Space Word Search,9150263,Solar System (Books),822
2026-05-09 21:04:59.129840,B0D9B6HKC8,Space Word Search,9150263,Astronomy (Books),10494
2026-05-09 21:04:59.129841,B0D9B6HKC8,Space Word Search,9150263,Word Search Games,45408
2026-05-09 21:05:15.673974,B0D986WRQY,Ocean Word Search,,,
2026-05-09 21:05:31.882958,B0D9D6QJKD,Earth Science Word Search,,,
2026-05-09 21:05:48.083645,B0D9DRYQSH,Animal Word Search,,,
2026-05-09 21:06:04.317771,B0FPDF7GQV,Halloween Word Search,7661175,Holidays (Books),887
2026-05-09 21:06:04.317773,B0FPDF7GQV,Halloween Word Search,7661175,Customs & Traditions Social Sciences,5728
2026-05-09 21:06:04.317774,B0FPDF7GQV,Halloween Word Search,7661175,Ghosts & Hauntings,5892
2026-05-09 21:06:20.588299,B0DXP99LNN,Spring Word Search,6154163,Gardening & Landscape Design,27124
2026-05-09 21:06:20.588302,B0DXP99LNN,Spring Word Search,6154163,Word Search Games,29474
2026-05-09 21:06:20.588302,B0DXP99LNN,Spring Word Search,6154163,Word Games (Books),31554
2026-05-09 21:06:36.804425,B0F61TRMXM,Summer Word Search,,,
2026-05-09 21:06:53.085785,B0DTKGRKC2,Romance Word Search,8233394,Humorous Erotica (Books),22524
2026-05-09 21:06:53.085790,B0DTKGRKC2,Romance Word Search,8233394,Romantic Erotica (Books),36730
2026-05-09 21:06:53.085790,B0DTKGRKC2,Romance Word Search,8233394,Word Search Games,40964
2026-05-09 21:07:09.482470,B0DS5HPJ1M,Alien Adult Activity Book,2280875,UFOs (Books),2188
2026-05-09 21:07:09.482473,B0DS5HPJ1M,Alien Adult Activity Book,2280875,Logic & Brain Teasers (Books),5225
2026-05-09 21:07:09.482474,B0DS5HPJ1M,Alien Adult Activity Book,2280875,Puzzles (Books),10455
2026-05-09 21:07:25.983878,B0FJ8TFSZ1,Fall Word Search,6609283,Holidays (Books),765
2026-05-09 21:07:25.983881,B0FJ8TFSZ1,Fall Word Search,6609283,Word Search Games,32111
2026-05-09 21:07:25.983883,B0FJ8TFSZ1,Fall Word Search,6609283,Word Games (Books),34295
2026-05-09 21:07:42.443921,B0G4GQL5TG,Winter Word Search,9445905,Holidays (Books),1072
2026-05-09 21:07:42.443924,B0G4GQL5TG,Winter Word Search,9445905,Word Search Games,47613
2026-05-09 21:07:42.443925,B0G4GQL5TG,Winter Word Search,9445905,Word Games (Books),50339
2026-05-09 21:07:58.667339,B0G5Z47WY7,Christmas Word Search,9445436,Holidays (Books),1071
2026-05-09 21:07:58.667342,B0G5Z47WY7,Christmas Word Search,9445436,Word Search Games,47594
2026-05-09 21:07:58.667342,B0G5Z47WY7,Christmas Word Search,9445436,Word Games (Books),50319
2026-05-09 21:08:14.940368,B0D2HQ2N8G,Cryptids Word Search Large Print,,,
2026-05-09 21:08:31.517295,B0CVNHV3CV,Cryptids Word Search,3911531,Ancient & Controversial Knowledge,3926
2026-05-09 21:08:31.517298,B0CVNHV3CV,Cryptids Word Search,3911531,Unexplained Mysteries (Books),5186
2026-05-09 21:08:31.517299,B0CVNHV3CV,Cryptids Word Search,3911531,Word Search Games,17318
2026-05-09 21:08:47.636433,B0D429W5H1,Sasquatch Word Search,3947659,Unexplained Mysteries (Books),5237
2026-05-09 21:08:47.636435,B0D429W5H1,Sasquatch Word Search,3947659,Word Search Games,17493
2026-05-09 21:08:47.636435,B0D429W5H1,Sasquatch Word Search,3947659,Word Games (Books),19028
2026-05-09 21:09:03.879309,B0D429WWSQ,Sasquatch Word Search,2752646,Unexplained Mysteries (Books),3936
2026-05-09 21:09:03.879316,B0D429WWSQ,Sasquatch Word Search,2752646,Word Search Games,11991
2026-05-09 21:09:03.879317,B0D429WWSQ,Sasquatch Word Search,2752646,Word Games (Books),13225
2026-05-09 21:09:20.162203,B0D22PKCGW,Alien Word Search Large Print,4204281,UFOs (Books),3465
2026-05-09 21:09:20.162206,B0D22PKCGW,Alien Word Search Large Print,4204281,Ancient & Controversial Knowledge,4165
2026-05-09 21:09:20.162206,B0D22PKCGW,Alien Word Search Large Print,4204281,Word Search Games,18850
2026-05-09 21:09:36.430152,B0CTPR6KZ4,Alien Word Search,2303492,UFOs (Books),2197
2026-05-09 21:09:36.430155,B0CTPR6KZ4,Alien Word Search,2303492,Ancient & Controversial Knowledge,2544
2026-05-09 21:09:36.430155,B0CTPR6KZ4,Alien Word Search,2303492,Word Search Games,9982
2026-05-09 22:07:03.256406,B0D9B6HKC8,Space Word Search,,,
2026-05-09 22:07:20.119207,B0D986WRQY,Ocean Word Search,,,
2026-05-09 22:07:36.640687,B0D9D6QJKD,Earth Science Word Search,,,
2026-05-09 22:07:53.001747,B0D9DRYQSH,Animal Word Search,,,
2026-05-09 22:08:09.254905,B0FPDF7GQV,Halloween Word Search,7661249,Holidays (Books),887
2026-05-09 22:08:09.254908,B0FPDF7GQV,Halloween Word Search,7661249,Customs & Traditions Social Sciences,5728
2026-05-09 22:08:09.254908,B0FPDF7GQV,Halloween Word Search,7661249,Ghosts & Hauntings,5893
2026-05-09 22:08:25.672538,B0DXP99LNN,Spring Word Search,6154238,Gardening & Landscape Design,27125
2026-05-09 22:08:25.672541,B0DXP99LNN,Spring Word Search,6154238,Word Search Games,29476
2026-05-09 22:08:25.672542,B0DXP99LNN,Spring Word Search,6154238,Word Games (Books),31556
2026-05-09 22:08:42.156965,B0F61TRMXM,Summer Word Search,,,
2026-05-09 22:08:58.617456,B0DTKGRKC2,Romance Word Search,8233473,Humorous Erotica (Books),22526
2026-05-09 22:08:58.617458,B0DTKGRKC2,Romance Word Search,8233473,Romantic Erotica (Books),36722
2026-05-09 22:08:58.617459,B0DTKGRKC2,Romance Word Search,8233473,Word Search Games,40966
2026-05-09 22:09:15.027426,B0DS5HPJ1M,Alien Adult Activity Book,2280932,UFOs (Books),2188
2026-05-09 22:09:15.027428,B0DS5HPJ1M,Alien Adult Activity Book,2280932,Logic & Brain Teasers (Books),5226
2026-05-09 22:09:15.027429,B0DS5HPJ1M,Alien Adult Activity Book,2280932,Puzzles (Books),10456
2026-05-09 22:09:31.343035,B0FJ8TFSZ1,Fall Word Search,6609353,Holidays (Books),765
2026-05-09 22:09:31.343037,B0FJ8TFSZ1,Fall Word Search,6609353,Word Search Games,32113
2026-05-09 22:09:31.343038,B0FJ8TFSZ1,Fall Word Search,6609353,Word Games (Books),34296
2026-05-09 22:09:47.883707,B0G4GQL5TG,Winter Word Search,9445980,Holidays (Books),1072
2026-05-09 22:09:47.883710,B0G4GQL5TG,Winter Word Search,9445980,Word Search Games,47615
2026-05-09 22:09:47.883711,B0G4GQL5TG,Winter Word Search,9445980,Word Games (Books),50340
2026-05-09 22:10:04.286661,B0G5Z47WY7,Christmas Word Search,9445511,Holidays (Books),1071
2026-05-09 22:10:04.286663,B0G5Z47WY7,Christmas Word Search,9445511,Word Search Games,47596
2026-05-09 22:10:04.286664,B0G5Z47WY7,Christmas Word Search,9445511,Word Games (Books),50320
2026-05-09 22:10:20.692139,B0D2HQ2N8G,Cryptids Word Search Large Print,,,
2026-05-09 22:10:37.180784,B0CVNHV3CV,Cryptids Word Search,3911591,Ancient & Controversial Knowledge,3926
2026-05-09 22:10:37.180786,B0CVNHV3CV,Cryptids Word Search,3911591,Unexplained Mysteries (Books),5187
2026-05-09 22:10:37.180786,B0CVNHV3CV,Cryptids Word Search,3911591,Word Search Games,17320
2026-05-09 22:10:53.704548,B0D429W5H1,Sasquatch Word Search,3947719,Unexplained Mysteries (Books),5238
2026-05-09 22:10:53.704550,B0D429W5H1,Sasquatch Word Search,3947719,Word Search Games,17495
2026-05-09 22:10:53.704550,B0D429W5H1,Sasquatch Word Search,3947719,Word Games (Books),19030
2026-05-09 22:11:10.128701,B0D429WWSQ,Sasquatch Word Search,2752704,Unexplained Mysteries (Books),3937
2026-05-09 22:11:10.128703,B0D429WWSQ,Sasquatch Word Search,2752704,Word Search Games,11993
2026-05-09 22:11:10.128703,B0D429WWSQ,Sasquatch Word Search,2752704,Word Games (Books),13227
2026-05-09 22:11:26.447631,B0D22PKCGW,Alien Word Search Large Print,4204347,UFOs (Books),3465
2026-05-09 22:11:26.447633,B0D22PKCGW,Alien Word Search Large Print,4204347,Ancient & Controversial Knowledge,4165
2026-05-09 22:11:26.447633,B0D22PKCGW,Alien Word Search Large Print,4204347,Word Search Games,18852
2026-05-09 22:11:42.833273,B0CTPR6KZ4,Alien Word Search,2303550,UFOs (Books),2197
2026-05-09 22:11:42.833275,B0CTPR6KZ4,Alien Word Search,2303550,Ancient & Controversial Knowledge,2544
2026-05-09 22:11:42.833276,B0CTPR6KZ4,Alien Word Search,2303550,Word Search Games,9984
2026-05-09 23:02:43.581417,B0D3XXZRRC,Witches Word Search,,,
2026-05-09 23:03:00.294926,B0D3XXY1HV,Witches Word Search Large Print,,,
2026-05-09 23:03:16.536192,B0G43ZNNRX,Weather Word Search Large Print,,,
2026-05-09 23:03:32.767383,B0D97NFBG2,Weather Word Search,458425,Weather (Books),189
2026-05-09 23:03:32.767389,B0D97NFBG2,Weather Word Search,458425,Natural Disasters (Books),191
2026-05-09 23:03:32.767390,B0D97NFBG2,Weather Word Search,458425,Word Search Games,2339
2026-05-09 23:03:48.924030,B0D9B6HKC8,Space Word Search,9150343,Solar System (Books),823
2026-05-09 23:03:48.924032,B0D9B6HKC8,Space Word Search,9150343,Astronomy (Books),10494
2026-05-09 23:03:48.924033,B0D9B6HKC8,Space Word Search,9150343,Word Search Games,45410
2026-05-09 23:04:05.144286,B0D986WRQY,Ocean Word Search,,,
2026-05-09 23:04:21.205782,B0D9D6QJKD,Earth Science Word Search,,,
2026-05-09 23:04:37.341738,B0D9DRYQSH,Animal Word Search,,,
2026-05-09 23:04:53.416305,B0FPDF7GQV,Halloween Word Search,7661249,Holidays (Books),887
2026-05-09 23:04:53.416308,B0FPDF7GQV,Halloween Word Search,7661249,Customs & Traditions Social Sciences,5728
2026-05-09 23:04:53.416309,B0FPDF7GQV,Halloween Word Search,7661249,Ghosts & Hauntings,5893
2026-05-09 23:05:09.515365,B0DXP99LNN,Spring Word Search,6154238,Gardening & Landscape Design,27125
2026-05-09 23:05:09.515367,B0DXP99LNN,Spring Word Search,6154238,Word Search Games,29476
2026-05-09 23:05:09.515368,B0DXP99LNN,Spring Word Search,6154238,Word Games (Books),31556
2026-05-09 23:05:25.556651,B0F61TRMXM,Summer Word Search,,,
2026-05-09 23:05:41.699700,B0DTKGRKC2,Romance Word Search,8233473,Humorous Erotica (Books),22526
2026-05-09 23:05:41.699703,B0DTKGRKC2,Romance Word Search,8233473,Romantic Erotica (Books),36722
2026-05-09 23:05:41.699704,B0DTKGRKC2,Romance Word Search,8233473,Word Search Games,40966
2026-05-09 23:05:57.830864,B0DS5HPJ1M,Alien Adult Activity Book,2280932,UFOs (Books),2188
2026-05-09 23:05:57.830866,B0DS5HPJ1M,Alien Adult Activity Book,2280932,Logic & Brain Teasers (Books),5226
2026-05-09 23:05:57.830867,B0DS5HPJ1M,Alien Adult Activity Book,2280932,Puzzles (Books),10456
2026-05-09 23:06:13.893758,B0FJ8TFSZ1,Fall Word Search,6609353,Holidays (Books),765
2026-05-09 23:06:13.893761,B0FJ8TFSZ1,Fall Word Search,6609353,Word Search Games,32113
2026-05-09 23:06:13.893761,B0FJ8TFSZ1,Fall Word Search,6609353,Word Games (Books),34296
2026-05-09 23:06:30.139180,B0G4GQL5TG,Winter Word Search,9445980,Holidays (Books),1072
2026-05-09 23:06:30.139185,B0G4GQL5TG,Winter Word Search,9445980,Word Search Games,47615
2026-05-09 23:06:30.139186,B0G4GQL5TG,Winter Word Search,9445980,Word Games (Books),50340
2026-05-09 23:06:46.390575,B0G5Z47WY7,Christmas Word Search,9445511,Holidays (Books),1071
2026-05-09 23:06:46.390577,B0G5Z47WY7,Christmas Word Search,9445511,Word Search Games,47596
2026-05-09 23:06:46.390578,B0G5Z47WY7,Christmas Word Search,9445511,Word Games (Books),50320
2026-05-09 23:07:02.291254,B0D2HQ2N8G,Cryptids Word Search Large Print,,,
2026-05-09 23:07:18.339524,B0CVNHV3CV,Cryptids Word Search,3911591,Ancient & Controversial Knowledge,3926
2026-05-09 23:07:18.339526,B0CVNHV3CV,Cryptids Word Search,3911591,Unexplained Mysteries (Books),5187
2026-05-09 23:07:18.339527,B0CVNHV3CV,Cryptids Word Search,3911591,Word Search Games,17320
2026-05-09 23:07:34.388367,B0D429W5H1,Sasquatch Word Search,3947719,Unexplained Mysteries (Books),5238
2026-05-09 23:07:34.388369,B0D429W5H1,Sasquatch Word Search,3947719,Word Search Games,17495
2026-05-09 23:07:34.388370,B0D429W5H1,Sasquatch Word Search,3947719,Word Games (Books),19030
2026-05-09 23:07:50.601974,B0D429WWSQ,Sasquatch Word Search,2752704,Unexplained Mysteries (Books),3937
2026-05-09 23:07:50.601976,B0D429WWSQ,Sasquatch Word Search,2752704,Word Search Games,11993
2026-05-09 23:07:50.601977,B0D429WWSQ,Sasquatch Word Search,2752704,Word Games (Books),13227
2026-05-09 23:08:06.840199,B0D22PKCGW,Alien Word Search Large Print,4204347,UFOs (Books),3465
2026-05-09 23:08:06.840201,B0D22PKCGW,Alien Word Search Large Print,4204347,Ancient & Controversial Knowledge,4165
2026-05-09 23:08:06.840202,B0D22PKCGW,Alien Word Search Large Print,4204347,Word Search Games,18852
2026-05-09 23:08:22.952651,B0CTPR6KZ4,Alien Word Search,2303550,UFOs (Books),2197
2026-05-09 23:08:22.952654,B0CTPR6KZ4,Alien Word Search,2303550,Ancient & Controversial Knowledge,2544
2026-05-09 23:08:22.952655,B0CTPR6KZ4,Alien Word Search,2303550,Word Search Games,9984
2026-05-10 00:03:24.289347,B0D3XXZRRC,Witches Word Search,,,
2026-05-10 00:03:40.969269,B0D3XXY1HV,Witches Word Search Large Print,,,
2026-05-10 00:03:57.329392,B0G43ZNNRX,Weather Word Search Large Print,,,
2026-05-10 00:04:13.520617,B0D97NFBG2,Weather Word Search,489196,Natural Disasters (Books),194
2026-05-10 00:04:13.520623,B0D97NFBG2,Weather Word Search,489196,Weather (Books),205
2026-05-10 00:04:13.520625,B0D97NFBG2,Weather Word Search,489196,Word Search Games,2478
2026-05-10 00:04:29.769184,B0D9B6HKC8,Space Word Search,9152065,Solar System (Books),824
2026-05-10 00:04:29.769186,B0D9B6HKC8,Space Word Search,9152065,Astronomy (Books),10495
2026-05-10 00:04:29.769187,B0D9B6HKC8,Space Word Search,9152065,Word Search Games,45417
2026-05-10 00:04:46.248362,B0D986WRQY,Ocean Word Search,,,
2026-05-10 00:05:02.182087,B0D9D6QJKD,Earth Science Word Search,,,
2026-05-10 00:05:18.375847,B0D9DRYQSH,Animal Word Search,,,
2026-05-10 00:05:34.628779,B0FPDF7GQV,Halloween Word Search,7663262,Holidays (Books),887
2026-05-10 00:05:34.628782,B0FPDF7GQV,Halloween Word Search,7663262,Customs & Traditions Social Sciences,5729
2026-05-10 00:05:34.628782,B0FPDF7GQV,Halloween Word Search,7663262,Ghosts & Hauntings,5891
2026-05-10 00:05:50.808548,B0DXP99LNN,Spring Word Search,6156863,Gardening & Landscape Design,27125
2026-05-10 00:05:50.808551,B0DXP99LNN,Spring Word Search,6156863,Word Search Games,29482
2026-05-10 00:05:50.808551,B0DXP99LNN,Spring Word Search,6156863,Word Games (Books),31563
2026-05-10 00:06:06.949327,B0F61TRMXM,Summer Word Search,,,
2026-05-10 00:06:22.978124,B0DTKGRKC2,Romance Word Search,8235332,Humorous Erotica (Books),22523
2026-05-10 00:06:22.978126,B0DTKGRKC2,Romance Word Search,8235332,Romantic Erotica (Books),36726
2026-05-10 00:06:22.978126,B0DTKGRKC2,Romance Word Search,8235332,Word Search Games,40971
2026-05-10 00:06:38.948182,B0DS5HPJ1M,Alien Adult Activity Book,2290216,UFOs (Books),2194
2026-05-10 00:06:38.948184,B0DS5HPJ1M,Alien Adult Activity Book,2290216,Logic & Brain Teasers (Books),5245
2026-05-10 00:06:38.948184,B0DS5HPJ1M,Alien Adult Activity Book,2290216,Puzzles (Books),10501
2026-05-10 00:06:55.203065,B0FJ8TFSZ1,Fall Word Search,6611741,Holidays (Books),765
2026-05-10 00:06:55.203067,B0FJ8TFSZ1,Fall Word Search,6611741,Word Search Games,32117
2026-05-10 00:06:55.203067,B0FJ8TFSZ1,Fall Word Search,6611741,Word Games (Books),34302
2026-05-10 00:07:11.445749,B0G4GQL5TG,Winter Word Search,9447590,Holidays (Books),1072
2026-05-10 00:07:11.445751,B0G4GQL5TG,Winter Word Search,9447590,Word Search Games,47620
2026-05-10 00:07:11.445752,B0G4GQL5TG,Winter Word Search,9447590,Word Games (Books),50346
2026-05-10 00:07:27.688728,B0G5Z47WY7,Christmas Word Search,9447122,Holidays (Books),1071
2026-05-10 00:07:27.688731,B0G5Z47WY7,Christmas Word Search,9447122,Word Search Games,47601
2026-05-10 00:07:27.688732,B0G5Z47WY7,Christmas Word Search,9447122,Word Games (Books),50326
2026-05-10 00:07:43.850049,B0D2HQ2N8G,Cryptids Word Search Large Print,,,
2026-05-10 00:08:00.049918,B0CVNHV3CV,Cryptids Word Search,3916481,Ancient & Controversial Knowledge,3931
2026-05-10 00:08:00.049920,B0CVNHV3CV,Cryptids Word Search,3916481,Unexplained Mysteries (Books),5191
2026-05-10 00:08:00.049921,B0CVNHV3CV,Cryptids Word Search,3916481,Word Search Games,17337
2026-05-10 00:08:16.191283,B0D429W5H1,Sasquatch Word Search,3952599,Unexplained Mysteries (Books),5242
2026-05-10 00:08:16.191285,B0D429W5H1,Sasquatch Word Search,3952599,Word Search Games,17512
2026-05-10 00:08:16.191286,B0D429W5H1,Sasquatch Word Search,3952599,Word Games (Books),19048
2026-05-10 00:08:32.610347,B0D429WWSQ,Sasquatch Word Search,2760129,Unexplained Mysteries (Books),3941
2026-05-10 00:08:32.610349,B0D429WWSQ,Sasquatch Word Search,2760129,Word Search Games,12015
2026-05-10 00:08:32.610349,B0D429WWSQ,Sasquatch Word Search,2760129,Word Games (Books),13252
2026-05-10 00:08:48.873275,B0D22PKCGW,Alien Word Search Large Print,4208758,UFOs (Books),3467
2026-05-10 00:08:48.873277,B0D22PKCGW,Alien Word Search Large Print,4208758,Ancient & Controversial Knowledge,4169
2026-05-10 00:08:48.873278,B0D22PKCGW,Alien Word Search Large Print,4208758,Word Search Games,18868
2026-05-10 00:09:05.079269,B0CTPR6KZ4,Alien Word Search,2312824,UFOs (Books),2203
2026-05-10 00:09:05.079272,B0CTPR6KZ4,Alien Word Search,2312824,Ancient & Controversial Knowledge,2552
2026-05-10 00:09:05.079273,B0CTPR6KZ4,Alien Word Search,2312824,Word Search Games,10017
2026-05-10 04:09:14.090079,B0D1MYMVCC,Haunted Word Search Large Print,,,
2026-05-10 04:09:30.697449,B0CSZDC243,Haunted Word Search,6850473,Ghosts & Hauntings,5535
2026-05-10 04:09:30.697452,B0CSZDC243,Haunted Word Search,6850473,Psychic Phenomena,7046
2026-05-10 04:09:30.697452,B0CSZDC243,Haunted Word Search,6850473,Supernaturalism (Books),8524
2026-05-10 04:09:47.296166,B0D3XXZRRC,Witches Word Search,6206676,Witchcraft Religion & Spirituality,7258
2026-05-10 04:09:47.296172,B0D3XXZRRC,Witches Word Search,6206676,Spiritualism,10444
2026-05-10 04:09:47.296173,B0D3XXZRRC,Witches Word Search,6206676,Word Search Games,29840
2026-05-10 04:10:03.875733,B0D3XXY1HV,Witches Word Search Large Print,,,
2026-05-10 04:10:20.320423,B0G43ZNNRX,Weather Word Search Large Print,,,
2026-05-10 04:10:36.829859,B0D97NFBG2,Weather Word Search,561155,Natural Disasters (Books),214
2026-05-10 04:10:36.829861,B0D97NFBG2,Weather Word Search,561155,Weather (Books),231
2026-05-10 04:10:36.829861,B0D97NFBG2,Weather Word Search,561155,Word Search Games,2812
2026-05-10 04:10:53.326047,B0D9B6HKC8,Space Word Search,9155706,Solar System (Books),825
2026-05-10 04:10:53.326049,B0D9B6HKC8,Space Word Search,9155706,Astronomy (Books),10500
2026-05-10 04:10:53.326050,B0D9B6HKC8,Space Word Search,9155706,Word Search Games,45427
2026-05-10 04:11:09.838543,B0D986WRQY,Ocean Word Search,,,
2026-05-10 04:11:26.229091,B0D9D6QJKD,Earth Science Word Search,,,
2026-05-10 04:11:42.708443,B0D9DRYQSH,Animal Word Search,,,
2026-05-10 04:11:59.844074,B0FPDF7GQV,Halloween Word Search,7658528,Holidays (Books),886
2026-05-10 04:11:59.844077,B0FPDF7GQV,Halloween Word Search,7658528,Customs & Traditions Social Sciences,5723
2026-05-10 04:11:59.844078,B0FPDF7GQV,Halloween Word Search,7658528,Ghosts & Hauntings,5892
2026-05-10 04:12:16.474028,B0DXP99LNN,Spring Word Search,6144800,Gardening & Landscape Design,27099
2026-05-10 04:12:16.474030,B0DXP99LNN,Spring Word Search,6144800,Word Search Games,29426
2026-05-10 04:12:16.474031,B0DXP99LNN,Spring Word Search,6144800,Word Games (Books),31508
2026-05-10 04:12:32.813893,B0F61TRMXM,Summer Word Search,,,
2026-05-10 04:12:49.206484,B0DTKGRKC2,Romance Word Search,8230934,Humorous Erotica (Books),22518
2026-05-10 04:12:49.206487,B0DTKGRKC2,Romance Word Search,8230934,Romantic Erotica (Books),36711
2026-05-10 04:12:49.206488,B0DTKGRKC2,Romance Word Search,8230934,Word Search Games,40958
2026-05-10 04:13:05.648188,B0DS5HPJ1M,Alien Adult Activity Book,2312922,UFOs (Books),2215
2026-05-10 04:13:05.648193,B0DS5HPJ1M,Alien Adult Activity Book,2312922,Logic & Brain Teasers (Books),5334
2026-05-10 04:13:05.648194,B0DS5HPJ1M,Alien Adult Activity Book,2312922,Puzzles (Books),10652
2026-05-10 04:13:22.336541,B0FJ8TFSZ1,Fall Word Search,6604621,Holidays (Books),765
2026-05-10 04:13:22.336543,B0FJ8TFSZ1,Fall Word Search,6604621,Word Search Games,32080
2026-05-10 04:13:22.336543,B0FJ8TFSZ1,Fall Word Search,6604621,Word Games (Books),34262
2026-05-10 04:13:39.020230,B0G4GQL5TG,Winter Word Search,9451192,Holidays (Books),1072
2026-05-10 04:13:39.020233,B0G4GQL5TG,Winter Word Search,9451192,Word Search Games,47632
2026-05-10 04:13:39.020234,B0G4GQL5TG,Winter Word Search,9451192,Word Games (Books),50358
2026-05-10 04:13:55.610109,B0G5Z47WY7,Christmas Word Search,9450724,Holidays (Books),1071
2026-05-10 04:13:55.610112,B0G5Z47WY7,Christmas Word Search,9450724,Word Search Games,47613
2026-05-10 04:13:55.610112,B0G5Z47WY7,Christmas Word Search,9450724,Word Games (Books),50338
2026-05-10 04:14:12.098184,B0D2HQ2N8G,Cryptids Word Search Large Print,,,
2026-05-10 04:14:28.548447,B0CVNHV3CV,Cryptids Word Search,3886112,Ancient & Controversial Knowledge,3911
2026-05-10 04:14:28.548449,B0CVNHV3CV,Cryptids Word Search,3886112,Unexplained Mysteries (Books),5163
2026-05-10 04:14:28.548450,B0CVNHV3CV,Cryptids Word Search,3886112,Word Search Games,17225
2026-05-10 04:14:45.397981,B0D429W5H1,Sasquatch Word Search,3938214,Unexplained Mysteries (Books),5227
2026-05-10 04:14:45.397983,B0D429W5H1,Sasquatch Word Search,3938214,Word Search Games,17442
2026-05-10 04:14:45.397983,B0D429W5H1,Sasquatch Word Search,3938214,Word Games (Books),18975
2026-05-10 04:15:01.762020,B0D429WWSQ,Sasquatch Word Search,2786431,Unexplained Mysteries (Books),3983
2026-05-10 04:15:01.762025,B0D429WWSQ,Sasquatch Word Search,2786431,Word Search Games,12147
2026-05-10 04:15:01.762026,B0D429WWSQ,Sasquatch Word Search,2786431,Word Games (Books),13390
2026-05-10 04:15:18.256139,B0D22PKCGW,Alien Word Search Large Print,4194166,UFOs (Books),3463
2026-05-10 04:15:18.256141,B0D22PKCGW,Alien Word Search Large Print,4194166,Ancient & Controversial Knowledge,4160
2026-05-10 04:15:18.256141,B0D22PKCGW,Alien Word Search Large Print,4194166,Word Search Games,18802
2026-05-10 04:15:34.244773,B0CTPR6KZ4,Alien Word Search,2303129,UFOs (Books),2204
2026-05-10 04:15:34.244775,B0CTPR6KZ4,Alien Word Search,2303129,Ancient & Controversial Knowledge,2538
2026-05-10 04:15:34.244776,B0CTPR6KZ4,Alien Word Search,2303129,Word Search Games,10028
2026-05-10 07:43:58.448982,B0D9D6QJKD,Earth Science Word Search,,,
2026-05-10 07:44:14.648267,B0D9DRYQSH,Animal Word Search,,,
2026-05-10 07:44:30.805624,B0FPDF7GQV,Halloween Word Search,7658289,Holidays (Books),886
2026-05-10 07:44:30.805626,B0FPDF7GQV,Halloween Word Search,7658289,Customs & Traditions Social Sciences,5723
2026-05-10 07:44:30.805627,B0FPDF7GQV,Halloween Word Search,7658289,Ghosts & Hauntings,5892
2026-05-10 07:44:47.092007,B0DXP99LNN,Spring Word Search,6144612,Gardening & Landscape Design,27098
2026-05-10 07:44:47.092009,B0DXP99LNN,Spring Word Search,6144612,Word Search Games,29428
2026-05-10 07:44:47.092010,B0DXP99LNN,Spring Word Search,6144612,Word Games (Books),31510
2026-05-10 07:45:04.826953,B0F61TRMXM,Summer Word Search,,,
2026-05-10 07:45:20.995825,B0DTKGRKC2,Romance Word Search,8230681,Humorous Erotica (Books),22523
2026-05-10 07:45:20.995826,B0DTKGRKC2,Romance Word Search,8230681,Romantic Erotica (Books),36720
2026-05-10 07:45:20.995827,B0DTKGRKC2,Romance Word Search,8230681,Word Search Games,40961
2026-05-10 07:45:37.154106,B0DS5HPJ1M,Alien Adult Activity Book,2312832,UFOs (Books),2215
2026-05-10 07:45:37.154108,B0DS5HPJ1M,Alien Adult Activity Book,2312832,Logic & Brain Teasers (Books),5334
2026-05-10 07:45:37.154109,B0DS5HPJ1M,Alien Adult Activity Book,2312832,Puzzles (Books),10652
2026-05-10 07:45:53.106060,B0FJ8TFSZ1,Fall Word Search,6604414,Holidays (Books),765
2026-05-10 07:45:53.106062,B0FJ8TFSZ1,Fall Word Search,6604414,Word Search Games,32083
2026-05-10 07:45:53.106063,B0FJ8TFSZ1,Fall Word Search,6604414,Word Games (Books),34265
2026-05-10 07:46:09.321828,B0G4GQL5TG,Winter Word Search,9450916,Holidays (Books),1072
2026-05-10 07:46:09.321830,B0G4GQL5TG,Winter Word Search,9450916,Word Search Games,47637
2026-05-10 07:46:09.321830,B0G4GQL5TG,Winter Word Search,9450916,Word Games (Books),50363
2026-05-10 07:46:25.463902,B0G5Z47WY7,Christmas Word Search,9450448,Holidays (Books),1071
2026-05-10 07:46:25.463904,B0G5Z47WY7,Christmas Word Search,9450448,Word Search Games,47618
2026-05-10 07:46:25.463905,B0G5Z47WY7,Christmas Word Search,9450448,Word Games (Books),50343
2026-05-10 07:46:41.589866,B0D2HQ2N8G,Cryptids Word Search Large Print,,,
2026-05-10 07:46:57.910551,B0CVNHV3CV,Cryptids Word Search,3886013,Ancient & Controversial Knowledge,3911
2026-05-10 07:46:57.910553,B0CVNHV3CV,Cryptids Word Search,3886013,Unexplained Mysteries (Books),5163
2026-05-10 07:46:57.910554,B0CVNHV3CV,Cryptids Word Search,3886013,Word Search Games,17226
2026-05-10 07:47:13.914127,B0D429W5H1,Sasquatch Word Search,3938109,Unexplained Mysteries (Books),5227
2026-05-10 07:47:13.914130,B0D429W5H1,Sasquatch Word Search,3938109,Word Search Games,17443
2026-05-10 07:47:13.914130,B0D429W5H1,Sasquatch Word Search,3938109,Word Games (Books),18976
2026-05-10 07:47:29.956343,B0D429WWSQ,Sasquatch Word Search,2786346,Unexplained Mysteries (Books),3983
2026-05-10 07:47:29.956346,B0D429WWSQ,Sasquatch Word Search,2786346,Word Search Games,12146
2026-05-10 07:47:29.956346,B0D429WWSQ,Sasquatch Word Search,2786346,Word Games (Books),13389
2026-05-10 07:47:46.117700,B0D22PKCGW,Alien Word Search Large Print,4194057,UFOs (Books),3463
2026-05-10 07:47:46.117702,B0D22PKCGW,Alien Word Search Large Print,4194057,Ancient & Controversial Knowledge,4160
2026-05-10 07:47:46.117703,B0D22PKCGW,Alien Word Search Large Print,4194057,Word Search Games,18803
2026-05-10 07:48:02.199920,B0CTPR6KZ4,Alien Word Search,2303038,UFOs (Books),2204
2026-05-10 07:48:02.199922,B0CTPR6KZ4,Alien Word Search,2303038,Ancient & Controversial Knowledge,2538
2026-05-10 07:48:02.199923,B0CTPR6KZ4,Alien Word Search,2303038,Word Search Games,10027
2026-05-10 09:47:36.905184,B0D1MYMVCC,Haunted Word Search Large Print,,,
2026-05-10 09:47:53.744521,B0CSZDC243,Haunted Word Search,6851345,Ghosts & Hauntings,5535
2026-05-10 09:47:53.744524,B0CSZDC243,Haunted Word Search,6851345,Psychic Phenomena,7047
2026-05-10 09:47:53.744525,B0CSZDC243,Haunted Word Search,6851345,Supernaturalism (Books),8524
2026-05-10 09:48:10.133302,B0D3XXZRRC,Witches Word Search,6211209,Witchcraft Religion & Spirituality,7267
2026-05-10 09:48:10.133308,B0D3XXZRRC,Witches Word Search,6211209,Spiritualism,10455
2026-05-10 09:48:10.133309,B0D3XXZRRC,Witches Word Search,6211209,Word Search Games,29863
2026-05-10 09:48:26.474611,B0D3XXY1HV,Witches Word Search Large Print,,,
2026-05-10 09:48:42.679865,B0G43ZNNRX,Weather Word Search Large Print,,,
2026-05-10 09:48:59.249111,B0D97NFBG2,Weather Word Search,562216,Natural Disasters (Books),214
2026-05-10 09:48:59.249113,B0D97NFBG2,Weather Word Search,562216,Weather (Books),231
2026-05-10 09:48:59.249114,B0D97NFBG2,Weather Word Search,562216,Word Search Games,2814
2026-05-10 09:49:15.677319,B0D9B6HKC8,Space Word Search,9157372,Solar System (Books),823
2026-05-10 09:49:15.677321,B0D9B6HKC8,Space Word Search,9157372,Astronomy (Books),10504
2026-05-10 09:49:15.677321,B0D9B6HKC8,Space Word Search,9157372,Word Search Games,45428
2026-05-10 09:49:32.147099,B0D986WRQY,Ocean Word Search,,,
2026-05-10 09:49:48.508107,B0D9D6QJKD,Earth Science Word Search,,,
2026-05-10 09:50:04.906360,B0D9DRYQSH,Animal Word Search,,,
2026-05-10 09:50:21.237126,B0FPDF7GQV,Halloween Word Search,7661448,Holidays (Books),887
2026-05-10 09:50:21.237128,B0FPDF7GQV,Halloween Word Search,7661448,Customs & Traditions Social Sciences,5722
2026-05-10 09:50:21.237129,B0FPDF7GQV,Halloween Word Search,7661448,Ghosts & Hauntings,5896
2026-05-10 09:50:37.632440,B0DXP99LNN,Spring Word Search,6149353,Gardening & Landscape Design,27116
2026-05-10 09:50:37.632442,B0DXP99LNN,Spring Word Search,6149353,Word Search Games,29447
2026-05-10 09:50:37.632443,B0DXP99LNN,Spring Word Search,6149353,Word Games (Books),31530
2026-05-10 09:50:53.904105,B0F61TRMXM,Summer Word Search,,,
2026-05-10 09:51:10.350138,B0DTKGRKC2,Romance Word Search,8233373,Humorous Erotica (Books),22522
2026-05-10 09:51:10.350140,B0DTKGRKC2,Romance Word Search,8233373,Romantic Erotica (Books),36733
2026-05-10 09:51:10.350141,B0DTKGRKC2,Romance Word Search,8233373,Word Search Games,40969
2026-05-10 09:51:26.902512,B0DS5HPJ1M,Alien Adult Activity Book,2330143,UFOs (Books),2227
2026-05-10 09:51:26.902515,B0DS5HPJ1M,Alien Adult Activity Book,2330143,Logic & Brain Teasers (Books),5359
2026-05-10 09:51:26.902516,B0DS5HPJ1M,Alien Adult Activity Book,2330143,Puzzles (Books),10727
2026-05-10 09:51:43.290345,B0FJ8TFSZ1,Fall Word Search,6608507,Holidays (Books),765
2026-05-10 09:51:43.290347,B0FJ8TFSZ1,Fall Word Search,6608507,Word Search Games,32090
2026-05-10 09:51:43.290348,B0FJ8TFSZ1,Fall Word Search,6608507,Word Games (Books),34272
2026-05-10 09:51:59.613925,B0G4GQL5TG,Winter Word Search,9452649,Holidays (Books),1072
2026-05-10 09:51:59.613927,B0G4GQL5TG,Winter Word Search,9452649,Word Search Games,47634
2026-05-10 09:51:59.613927,B0G4GQL5TG,Winter Word Search,9452649,Word Games (Books),50360
2026-05-10 09:52:15.944203,B0G5Z47WY7,Christmas Word Search,9452180,Holidays (Books),1071
2026-05-10 09:52:15.944205,B0G5Z47WY7,Christmas Word Search,9452180,Word Search Games,47615
2026-05-10 09:52:15.944206,B0G5Z47WY7,Christmas Word Search,9452180,Word Games (Books),50340
2026-05-10 09:52:32.215538,B0D2HQ2N8G,Cryptids Word Search Large Print,,,
2026-05-10 09:52:48.624801,B0CVNHV3CV,Cryptids Word Search,3895689,Ancient & Controversial Knowledge,3918
2026-05-10 09:52:48.624803,B0CVNHV3CV,Cryptids Word Search,3895689,Unexplained Mysteries (Books),5170
2026-05-10 09:52:48.624804,B0CVNHV3CV,Cryptids Word Search,3895689,Word Search Games,17259
2026-05-10 09:53:04.797459,B0D429W5H1,Sasquatch Word Search,3947694,Unexplained Mysteries (Books),5233
2026-05-10 09:53:04.797461,B0D429W5H1,Sasquatch Word Search,3947694,Word Search Games,17475
2026-05-10 09:53:04.797461,B0D429W5H1,Sasquatch Word Search,3947694,Word Games (Books),19008
2026-05-10 09:53:21.172187,B0D429WWSQ,Sasquatch Word Search,2800655,Unexplained Mysteries (Books),3995
2026-05-10 09:53:21.172189,B0D429WWSQ,Sasquatch Word Search,2800655,Word Search Games,12203
2026-05-10 09:53:21.172189,B0D429WWSQ,Sasquatch Word Search,2800655,Word Games (Books),13447
2026-05-10 09:53:37.515752,B0D22PKCGW,Alien Word Search Large Print,4202670,UFOs (Books),3465
2026-05-10 09:53:37.515754,B0D22PKCGW,Alien Word Search Large Print,4202670,Ancient & Controversial Knowledge,4165
2026-05-10 09:53:37.515755,B0D22PKCGW,Alien Word Search Large Print,4202670,Word Search Games,18840
2026-05-10 09:53:53.961910,B0CTPR6KZ4,Alien Word Search,2320466,UFOs (Books),2215
2026-05-10 09:53:53.961912,B0CTPR6KZ4,Alien Word Search,2320466,Ancient & Controversial Knowledge,2553
2026-05-10 09:53:53.961913,B0CTPR6KZ4,Alien Word Search,2320466,Word Search Games,10113
2026-05-10 11:07:25.114301,B0D9JQ33BX,Paranormal Word Search,,,
2026-05-10 11:07:41.814647,B0D1MYMVCC,Haunted Word Search Large Print,,,
2026-05-10 11:07:58.448905,B0CSZDC243,Haunted Word Search,6854789,Ghosts & Hauntings,5537
2026-05-10 11:07:58.448908,B0CSZDC243,Haunted Word Search,6854789,Psychic Phenomena,7048
2026-05-10 11:07:58.448909,B0CSZDC243,Haunted Word Search,6854789,Supernaturalism (Books),8530
2026-05-10 11:08:14.584709,B0D3XXZRRC,Witches Word Search,6211881,Witchcraft Religion & Spirituality,7267
2026-05-10 11:08:14.584714,B0D3XXZRRC,Witches Word Search,6211881,Spiritualism,10455
2026-05-10 11:08:14.584716,B0D3XXZRRC,Witches Word Search,6211881,Word Search Games,29864
2026-05-10 11:08:30.822930,B0D3XXY1HV,Witches Word Search Large Print,,,
2026-05-10 11:08:47.166231,B0G43ZNNRX,Weather Word Search Large Print,,,
2026-05-10 11:09:03.613683,B0D97NFBG2,Weather Word Search,612471,Natural Disasters (Books),236
2026-05-10 11:09:03.613685,B0D97NFBG2,Weather Word Search,612471,Weather (Books),254
2026-05-10 11:09:03.613686,B0D97NFBG2,Weather Word Search,612471,Word Search Games,3049
2026-05-10 11:09:20.077674,B0D9B6HKC8,Space Word Search,9158052,Solar System (Books),823
2026-05-10 11:09:20.077676,B0D9B6HKC8,Space Word Search,9158052,Astronomy (Books),10504
2026-05-10 11:09:20.077677,B0D9B6HKC8,Space Word Search,9158052,Word Search Games,45429
2026-05-10 11:09:36.520249,B0D986WRQY,Ocean Word Search,,,
2026-05-10 11:09:52.882112,B0D9D6QJKD,Earth Science Word Search,,,
2026-05-10 11:10:09.334641,B0D9DRYQSH,Animal Word Search,,,
2026-05-10 11:10:25.978200,B0FPDF7GQV,Halloween Word Search,7662125,Holidays (Books),887
2026-05-10 11:10:25.978224,B0FPDF7GQV,Halloween Word Search,7662125,Customs & Traditions Social Sciences,5722
2026-05-10 11:10:25.978225,B0FPDF7GQV,Halloween Word Search,7662125,Ghosts & Hauntings,5896
2026-05-10 11:10:42.425019,B0DXP99LNN,Spring Word Search,6150025,Gardening & Landscape Design,27117
2026-05-10 11:10:42.425021,B0DXP99LNN,Spring Word Search,6150025,Word Search Games,29448
2026-05-10 11:10:42.425022,B0DXP99LNN,Spring Word Search,6150025,Word Games (Books),31530
2026-05-10 11:10:58.746325,B0F61TRMXM,Summer Word Search,,,
2026-05-10 11:11:15.368947,B0DTKGRKC2,Romance Word Search,8234049,Humorous Erotica (Books),22522
2026-05-10 11:11:15.368951,B0DTKGRKC2,Romance Word Search,8234049,Romantic Erotica (Books),36731
2026-05-10 11:11:15.368951,B0DTKGRKC2,Romance Word Search,8234049,Word Search Games,40970
2026-05-10 11:11:31.791550,B0DS5HPJ1M,Alien Adult Activity Book,2330816,UFOs (Books),2227
2026-05-10 11:11:31.791552,B0DS5HPJ1M,Alien Adult Activity Book,2330816,Logic & Brain Teasers (Books),5359
2026-05-10 11:11:31.791553,B0DS5HPJ1M,Alien Adult Activity Book,2330816,Puzzles (Books),10727
2026-05-10 11:11:48.215375,B0FJ8TFSZ1,Fall Word Search,6609180,Holidays (Books),765
2026-05-10 11:11:48.215379,B0FJ8TFSZ1,Fall Word Search,6609180,Word Search Games,32091
2026-05-10 11:11:48.215380,B0FJ8TFSZ1,Fall Word Search,6609180,Word Games (Books),34272
2026-05-10 11:12:04.677392,B0G4GQL5TG,Winter Word Search,9453330,Holidays (Books),1072
2026-05-10 11:12:04.677394,B0G4GQL5TG,Winter Word Search,9453330,Word Search Games,47635
2026-05-10 11:12:04.677395,B0G4GQL5TG,Winter Word Search,9453330,Word Games (Books),50360
2026-05-10 11:12:21.119064,B0G5Z47WY7,Christmas Word Search,9452861,Holidays (Books),1071
2026-05-10 11:12:21.119067,B0G5Z47WY7,Christmas Word Search,9452861,Word Search Games,47616
2026-05-10 11:12:21.119067,B0G5Z47WY7,Christmas Word Search,9452861,Word Games (Books),50340
2026-05-10 11:12:37.548534,B0D2HQ2N8G,Cryptids Word Search Large Print,,,
2026-05-10 11:12:53.993332,B0CVNHV3CV,Cryptids Word Search,3896362,Ancient & Controversial Knowledge,3918
2026-05-10 11:12:53.993335,B0CVNHV3CV,Cryptids Word Search,3896362,Unexplained Mysteries (Books),5170
2026-05-10 11:12:53.993335,B0CVNHV3CV,Cryptids Word Search,3896362,Word Search Games,17260
2026-05-10 11:13:10.294052,B0D429W5H1,Sasquatch Word Search,3948367,Unexplained Mysteries (Books),5233
2026-05-10 11:13:10.294055,B0D429W5H1,Sasquatch Word Search,3948367,Word Search Games,17476
2026-05-10 11:13:10.294055,B0D429W5H1,Sasquatch Word Search,3948367,Word Games (Books),19009
2026-05-10 11:13:26.839055,B0D429WWSQ,Sasquatch Word Search,2801327,Unexplained Mysteries (Books),3995
2026-05-10 11:13:26.839058,B0D429WWSQ,Sasquatch Word Search,2801327,Word Search Games,12204
2026-05-10 11:13:26.839059,B0D429WWSQ,Sasquatch Word Search,2801327,Word Games (Books),13448
2026-05-10 11:13:43.300240,B0D22PKCGW,Alien Word Search Large Print,4203343,UFOs (Books),3465
2026-05-10 11:13:43.300243,B0D22PKCGW,Alien Word Search Large Print,4203343,Ancient & Controversial Knowledge,4165
2026-05-10 11:13:43.300244,B0D22PKCGW,Alien Word Search Large Print,4203343,Word Search Games,18841
2026-05-10 11:13:59.701319,B0CTPR6KZ4,Alien Word Search,2321139,UFOs (Books),2215
2026-05-10 11:13:59.701321,B0CTPR6KZ4,Alien Word Search,2321139,Ancient & Controversial Knowledge,2553
2026-05-10 11:13:59.701322,B0CTPR6KZ4,Alien Word Search,2321139,Word Search Games,10114
2026-05-10 13:56:29.614472,B0D97NFBG2,Weather Word Search,,,
2026-05-10 13:56:46.415071,B0D9B6HKC8,Space Word Search,9158068,Solar System (Books),823
2026-05-10 13:56:46.415073,B0D9B6HKC8,Space Word Search,9158068,Astronomy (Books),10504
2026-05-10 13:56:46.415074,B0D9B6HKC8,Space Word Search,9158068,Word Search Games,45429
2026-05-10 13:57:02.635233,B0D986WRQY,Ocean Word Search,,,
2026-05-10 13:57:18.749805,B0D9D6QJKD,Earth Science Word Search,,,
2026-05-10 13:57:34.859847,B0D9DRYQSH,Animal Word Search,,,
2026-05-10 13:57:50.857013,B0FPDF7GQV,Halloween Word Search,7662140,Holidays (Books),886
2026-05-10 13:57:50.857015,B0FPDF7GQV,Halloween Word Search,7662140,Customs & Traditions Social Sciences,5721
2026-05-10 13:57:50.857016,B0FPDF7GQV,Halloween Word Search,7662140,Ghosts & Hauntings,5896
2026-05-10 13:58:06.945379,B0DXP99LNN,Spring Word Search,6150036,Gardening & Landscape Design,27117
2026-05-10 13:58:06.945381,B0DXP99LNN,Spring Word Search,6150036,Word Search Games,29448
2026-05-10 13:58:06.945382,B0DXP99LNN,Spring Word Search,6150036,Word Games (Books),31530
2026-05-10 13:58:23.030915,B0F61TRMXM,Summer Word Search,,,
2026-05-10 13:58:39.201346,B0DTKGRKC2,Romance Word Search,8234064,Humorous Erotica (Books),22522
2026-05-10 13:58:39.201348,B0DTKGRKC2,Romance Word Search,8234064,Romantic Erotica (Books),36732
2026-05-10 13:58:39.201349,B0DTKGRKC2,Romance Word Search,8234064,Word Search Games,40970
2026-05-10 13:58:55.260529,B0DS5HPJ1M,Alien Adult Activity Book,2330823,UFOs (Books),2227
2026-05-10 13:58:55.260532,B0DS5HPJ1M,Alien Adult Activity Book,2330823,Logic & Brain Teasers (Books),5358
2026-05-10 13:58:55.260532,B0DS5HPJ1M,Alien Adult Activity Book,2330823,Puzzles (Books),10727
2026-05-10 13:59:11.591216,B0FJ8TFSZ1,Fall Word Search,6609193,Holidays (Books),764
2026-05-10 13:59:11.591218,B0FJ8TFSZ1,Fall Word Search,6609193,Word Search Games,32091
2026-05-10 13:59:11.591219,B0FJ8TFSZ1,Fall Word Search,6609193,Word Games (Books),34272
2026-05-10 13:59:27.729018,B0G4GQL5TG,Winter Word Search,9453346,Holidays (Books),1071
2026-05-10 13:59:27.729020,B0G4GQL5TG,Winter Word Search,9453346,Word Search Games,47635
2026-05-10 13:59:27.729021,B0G4GQL5TG,Winter Word Search,9453346,Word Games (Books),50360
2026-05-10 13:59:43.970561,B0G5Z47WY7,Christmas Word Search,9452877,Holidays (Books),1070
2026-05-10 13:59:43.970564,B0G5Z47WY7,Christmas Word Search,9452877,Word Search Games,47616
2026-05-10 13:59:43.970565,B0G5Z47WY7,Christmas Word Search,9452877,Word Games (Books),50340
2026-05-10 14:00:00.189282,B0D2HQ2N8G,Cryptids Word Search Large Print,,,
2026-05-10 14:00:16.430041,B0CVNHV3CV,Cryptids Word Search,3896371,Ancient & Controversial Knowledge,3919
2026-05-10 14:00:16.430044,B0CVNHV3CV,Cryptids Word Search,3896371,Unexplained Mysteries (Books),5171
2026-05-10 14:00:16.430045,B0CVNHV3CV,Cryptids Word Search,3896371,Word Search Games,17260
2026-05-10 14:00:32.597155,B0D429W5H1,Sasquatch Word Search,3948376,Unexplained Mysteries (Books),5234
2026-05-10 14:00:32.597158,B0D429W5H1,Sasquatch Word Search,3948376,Word Search Games,17476
2026-05-10 14:00:32.597159,B0D429W5H1,Sasquatch Word Search,3948376,Word Games (Books),19009
2026-05-10 14:00:48.815817,B0D429WWSQ,Sasquatch Word Search,2801335,Unexplained Mysteries (Books),3996
2026-05-10 14:00:48.815819,B0D429WWSQ,Sasquatch Word Search,2801335,Word Search Games,12204
2026-05-10 14:00:48.815820,B0D429WWSQ,Sasquatch Word Search,2801335,Word Games (Books),13448
2026-05-10 14:01:05.043729,B0D22PKCGW,Alien Word Search Large Print,4203352,UFOs (Books),3465
2026-05-10 14:01:05.043731,B0D22PKCGW,Alien Word Search Large Print,4203352,Ancient & Controversial Knowledge,4167
2026-05-10 14:01:05.043732,B0D22PKCGW,Alien Word Search Large Print,4203352,Word Search Games,18841
2026-05-10 14:01:21.272236,B0CTPR6KZ4,Alien Word Search,2321146,UFOs (Books),2215
2026-05-10 14:01:21.272240,B0CTPR6KZ4,Alien Word Search,2321146,Ancient & Controversial Knowledge,2553
2026-05-10 14:01:21.272240,B0CTPR6KZ4,Alien Word Search,2321146,Word Search Games,10114
2026-05-10 15:03:56.530346,B0D1MYMVCC,Haunted Word Search Large Print,,,
2026-05-10 15:04:12.962396,B0CSZDC243,Haunted Word Search,6856342,Ghosts & Hauntings,5537
2026-05-10 15:04:12.962399,B0CSZDC243,Haunted Word Search,6856342,Psychic Phenomena,7047
2026-05-10 15:04:12.962399,B0CSZDC243,Haunted Word Search,6856342,Supernaturalism (Books),8531
2026-05-10 15:04:29.229868,B0D3XXZRRC,Witches Word Search,6213428,Witchcraft Religion & Spirituality,7267
2026-05-10 15:04:29.229873,B0D3XXZRRC,Witches Word Search,6213428,Spiritualism,10455
2026-05-10 15:04:29.229874,B0D3XXZRRC,Witches Word Search,6213428,Word Search Games,29860
2026-05-10 15:04:45.390024,B0D3XXY1HV,Witches Word Search Large Print,,,
2026-05-10 15:05:01.657276,B0G43ZNNRX,Weather Word Search Large Print,,,
2026-05-10 15:05:17.855821,B0D97NFBG2,Weather Word Search,613974,Natural Disasters (Books),236
2026-05-10 15:05:17.855823,B0D97NFBG2,Weather Word Search,613974,Weather (Books),254
2026-05-10 15:05:17.855824,B0D97NFBG2,Weather Word Search,613974,Word Search Games,3049
2026-05-10 15:05:33.902338,B0D9B6HKC8,Space Word Search,9159655,Solar System (Books),823
2026-05-10 15:05:33.902340,B0D9B6HKC8,Space Word Search,9159655,Astronomy (Books),10505
2026-05-10 15:05:33.902340,B0D9B6HKC8,Space Word Search,9159655,Word Search Games,45425
2026-05-10 15:05:50.039760,B0D986WRQY,Ocean Word Search,,,
2026-05-10 15:06:05.995734,B0D9D6QJKD,Earth Science Word Search,,,
2026-05-10 15:06:21.998365,B0D9DRYQSH,Animal Word Search,,,
2026-05-10 15:06:38.013408,B0FPDF7GQV,Halloween Word Search,7663691,Holidays (Books),886
2026-05-10 15:06:38.013409,B0FPDF7GQV,Halloween Word Search,7663691,Customs & Traditions Social Sciences,5721
2026-05-10 15:06:38.013410,B0FPDF7GQV,Halloween Word Search,7663691,Ghosts & Hauntings,5896
2026-05-10 15:06:54.091192,B0DXP99LNN,Spring Word Search,6151571,Gardening & Landscape Design,27118
2026-05-10 15:06:54.091193,B0DXP99LNN,Spring Word Search,6151571,Word Search Games,29444
2026-05-10 15:06:54.091194,B0DXP99LNN,Spring Word Search,6151571,Word Games (Books),31533
2026-05-10 15:07:10.226058,B0F61TRMXM,Summer Word Search,,,
2026-05-10 15:07:26.115837,B0DTKGRKC2,Romance Word Search,8235618,Humorous Erotica (Books),22523
2026-05-10 15:07:26.115839,B0DTKGRKC2,Romance Word Search,8235618,Romantic Erotica (Books),36733
2026-05-10 15:07:26.115839,B0DTKGRKC2,Romance Word Search,8235618,Word Search Games,40966
2026-05-10 15:07:42.473378,B0DS5HPJ1M,Alien Adult Activity Book,2332351,UFOs (Books),2227
2026-05-10 15:07:42.473380,B0DS5HPJ1M,Alien Adult Activity Book,2332351,Logic & Brain Teasers (Books),5358
2026-05-10 15:07:42.473380,B0DS5HPJ1M,Alien Adult Activity Book,2332351,Puzzles (Books),10728
2026-05-10 15:07:58.688771,B0FJ8TFSZ1,Fall Word Search,6610731,Holidays (Books),764
2026-05-10 15:07:58.688774,B0FJ8TFSZ1,Fall Word Search,6610731,Word Search Games,32087
2026-05-10 15:07:58.688778,B0FJ8TFSZ1,Fall Word Search,6610731,Word Games (Books),34275
2026-05-10 15:08:14.824283,B0G4GQL5TG,Winter Word Search,9454944,Holidays (Books),1071
2026-05-10 15:08:14.824286,B0G4GQL5TG,Winter Word Search,9454944,Word Search Games,47631
2026-05-10 15:08:14.824286,B0G4GQL5TG,Winter Word Search,9454944,Word Games (Books),50363
2026-05-10 15:08:31.092165,B0G5Z47WY7,Christmas Word Search,9454475,Holidays (Books),1070
2026-05-10 15:08:31.092167,B0G5Z47WY7,Christmas Word Search,9454475,Word Search Games,47612
2026-05-10 15:08:31.092168,B0G5Z47WY7,Christmas Word Search,9454475,Word Games (Books),50343
2026-05-10 15:08:47.148478,B0D2HQ2N8G,Cryptids Word Search Large Print,,,
2026-05-10 15:09:03.403420,B0CVNHV3CV,Cryptids Word Search,3897896,Ancient & Controversial Knowledge,3919
2026-05-10 15:09:03.403422,B0CVNHV3CV,Cryptids Word Search,3897896,Unexplained Mysteries (Books),5172
2026-05-10 15:09:03.403422,B0CVNHV3CV,Cryptids Word Search,3897896,Word Search Games,17256
2026-05-10 15:09:19.375699,B0D429W5H1,Sasquatch Word Search,3949902,Unexplained Mysteries (Books),5235
2026-05-10 15:09:19.375701,B0D429W5H1,Sasquatch Word Search,3949902,Word Search Games,17472
2026-05-10 15:09:19.375702,B0D429W5H1,Sasquatch Word Search,3949902,Word Games (Books),19012
2026-05-10 15:09:35.566469,B0D429WWSQ,Sasquatch Word Search,2802860,Unexplained Mysteries (Books),3997
2026-05-10 15:09:35.566471,B0D429WWSQ,Sasquatch Word Search,2802860,Word Search Games,12201
2026-05-10 15:09:35.566472,B0D429WWSQ,Sasquatch Word Search,2802860,Word Games (Books),13452
2026-05-10 15:09:51.664005,B0D22PKCGW,Alien Word Search Large Print,4204879,UFOs (Books),3465
2026-05-10 15:09:51.664011,B0D22PKCGW,Alien Word Search Large Print,4204879,Ancient & Controversial Knowledge,4167
2026-05-10 15:09:51.664012,B0D22PKCGW,Alien Word Search Large Print,4204879,Word Search Games,18837
2026-05-10 15:10:07.837213,B0CTPR6KZ4,Alien Word Search,2322674,UFOs (Books),2215
2026-05-10 15:10:07.837216,B0CTPR6KZ4,Alien Word Search,2322674,Ancient & Controversial Knowledge,2553
2026-05-10 15:10:07.837216,B0CTPR6KZ4,Alien Word Search,2322674,Word Search Games,10110
2026-05-10 17:06:04.305713,B0D1MYMVCC,Haunted Word Search Large Print,,,
2026-05-10 17:06:20.508770,B0CSZDC243,Haunted Word Search,6857398,Ghosts & Hauntings,5536
2026-05-10 17:06:20.508773,B0CSZDC243,Haunted Word Search,6857398,Psychic Phenomena,7046
2026-05-10 17:06:20.508774,B0CSZDC243,Haunted Word Search,6857398,Supernaturalism (Books),8531
2026-05-10 17:06:36.745163,B0D3XXZRRC,Witches Word Search,6214672,Witchcraft Religion & Spirituality,7267
2026-05-10 17:06:36.745169,B0D3XXZRRC,Witches Word Search,6214672,Spiritualism,10450
2026-05-10 17:06:36.745170,B0D3XXZRRC,Witches Word Search,6214672,Word Search Games,29860
2026-05-10 17:06:52.924736,B0D3XXY1HV,Witches Word Search Large Print,,,
2026-05-10 17:07:09.082906,B0G43ZNNRX,Weather Word Search Large Print,,,
2026-05-10 17:07:25.448355,B0D97NFBG2,Weather Word Search,633553,Natural Disasters (Books),247
2026-05-10 17:07:25.448357,B0D97NFBG2,Weather Word Search,633553,Weather (Books),260
2026-05-10 17:07:25.448358,B0D97NFBG2,Weather Word Search,633553,Word Search Games,3118
2026-05-10 17:07:41.555861,B0D9B6HKC8,Space Word Search,9160202,Solar System (Books),822
2026-05-10 17:07:41.555863,B0D9B6HKC8,Space Word Search,9160202,Astronomy (Books),10512
2026-05-10 17:07:41.555864,B0D9B6HKC8,Space Word Search,9160202,Word Search Games,45422
2026-05-10 17:07:58.046252,B0D986WRQY,Ocean Word Search,,,
2026-05-10 17:08:14.347805,B0D9D6QJKD,Earth Science Word Search,,,
2026-05-10 17:08:30.719874,B0D9DRYQSH,Animal Word Search,,,
2026-05-10 17:08:46.915019,B0FPDF7GQV,Halloween Word Search,7664520,Holidays (Books),886
2026-05-10 17:08:46.915022,B0FPDF7GQV,Halloween Word Search,7664520,Customs & Traditions Social Sciences,5723
2026-05-10 17:08:46.915022,B0FPDF7GQV,Halloween Word Search,7664520,Ghosts & Hauntings,5895
2026-05-10 17:09:03.137819,B0DXP99LNN,Spring Word Search,6152838,Gardening & Landscape Design,27121
2026-05-10 17:09:03.137822,B0DXP99LNN,Spring Word Search,6152838,Word Search Games,29444
2026-05-10 17:09:03.137823,B0DXP99LNN,Spring Word Search,6152838,Word Games (Books),31530
2026-05-10 17:09:19.170585,B0F61TRMXM,Summer Word Search,,,
2026-05-10 17:09:35.275581,B0DTKGRKC2,Romance Word Search,8236313,Humorous Erotica (Books),22525
2026-05-10 17:09:35.275583,B0DTKGRKC2,Romance Word Search,8236313,Romantic Erotica (Books),36725
2026-05-10 17:09:35.275583,B0DTKGRKC2,Romance Word Search,8236313,Word Search Games,40963
2026-05-10 17:09:51.447752,B0DS5HPJ1M,Alien Adult Activity Book,2338513,UFOs (Books),2236
2026-05-10 17:09:51.447754,B0DS5HPJ1M,Alien Adult Activity Book,2338513,Logic & Brain Teasers (Books),5378
2026-05-10 17:09:51.447755,B0DS5HPJ1M,Alien Adult Activity Book,2338513,Puzzles (Books),10736
2026-05-10 17:10:07.791617,B0FJ8TFSZ1,Fall Word Search,6611859,Holidays (Books),764
2026-05-10 17:10:07.791619,B0FJ8TFSZ1,Fall Word Search,6611859,Word Search Games,32085
2026-05-10 17:10:07.791620,B0FJ8TFSZ1,Fall Word Search,6611859,Word Games (Books),34271
2026-05-10 17:10:24.206851,B0G4GQL5TG,Winter Word Search,9455457,Holidays (Books),1071
2026-05-10 17:10:24.206853,B0G4GQL5TG,Winter Word Search,9455457,Word Search Games,47628
2026-05-10 17:10:24.206854,B0G4GQL5TG,Winter Word Search,9455457,Word Games (Books),50358
2026-05-10 17:10:40.456854,B0G5Z47WY7,Christmas Word Search,9454988,Holidays (Books),1070
2026-05-10 17:10:40.456856,B0G5Z47WY7,Christmas Word Search,9454988,Word Search Games,47609
2026-05-10 17:10:40.456857,B0G5Z47WY7,Christmas Word Search,9454988,Word Games (Books),50338
2026-05-10 17:10:56.690637,B0D2HQ2N8G,Cryptids Word Search Large Print,,,
2026-05-10 17:11:12.972063,B0CVNHV3CV,Cryptids Word Search,3900908,Ancient & Controversial Knowledge,3927
2026-05-10 17:11:12.972065,B0CVNHV3CV,Cryptids Word Search,3900908,Unexplained Mysteries (Books),5174
2026-05-10 17:11:12.972066,B0CVNHV3CV,Cryptids Word Search,3900908,Word Search Games,17261
2026-05-10 17:11:29.074966,B0D429W5H1,Sasquatch Word Search,3952866,Unexplained Mysteries (Books),5237
2026-05-10 17:11:29.074970,B0D429W5H1,Sasquatch Word Search,3952866,Word Search Games,17477
2026-05-10 17:11:29.074971,B0D429W5H1,Sasquatch Word Search,3952866,Word Games (Books),19017
2026-05-10 17:11:45.374825,B0D429WWSQ,Sasquatch Word Search,2807763,Unexplained Mysteries (Books),4003
2026-05-10 17:11:45.374828,B0D429WWSQ,Sasquatch Word Search,2807763,Word Search Games,12214
2026-05-10 17:11:45.374829,B0D429WWSQ,Sasquatch Word Search,2807763,Word Games (Books),13463
2026-05-10 17:12:01.640074,B0D22PKCGW,Alien Word Search Large Print,4207527,UFOs (Books),3472
2026-05-10 17:12:01.640076,B0D22PKCGW,Alien Word Search Large Print,4207527,Ancient & Controversial Knowledge,4174
2026-05-10 17:12:01.640077,B0D22PKCGW,Alien Word Search Large Print,4207527,Word Search Games,18842
2026-05-10 17:12:17.794739,B0CTPR6KZ4,Alien Word Search,2328870,UFOs (Books),2224
2026-05-10 17:12:17.794743,B0CTPR6KZ4,Alien Word Search,2328870,Ancient & Controversial Knowledge,2567
2026-05-10 17:12:17.794744,B0CTPR6KZ4,Alien Word Search,2328870,Word Search Games,10126
2026-05-10 19:32:58.486463,B0D9DRYQSH,Animal Word Search,,,
2026-05-10 19:33:15.299547,B0FPDF7GQV,Halloween Word Search,7665640,Holidays (Books),886
2026-05-10 19:33:15.299550,B0FPDF7GQV,Halloween Word Search,7665640,Customs & Traditions Social Sciences,5726
2026-05-10 19:33:15.299551,B0FPDF7GQV,Halloween Word Search,7665640,Ghosts & Hauntings,5895
2026-05-10 19:33:31.684943,B0DXP99LNN,Spring Word Search,6153942,Gardening & Landscape Design,27150
2026-05-10 19:33:31.684947,B0DXP99LNN,Spring Word Search,6153942,Word Search Games,29490
2026-05-10 19:33:31.684948,B0DXP99LNN,Spring Word Search,6153942,Word Games (Books),31576
2026-05-10 19:33:47.942148,B0F61TRMXM,Summer Word Search,,,
2026-05-10 19:34:04.212565,B0DTKGRKC2,Romance Word Search,8237440,Humorous Erotica (Books),22530
2026-05-10 19:34:04.212568,B0DTKGRKC2,Romance Word Search,8237440,Romantic Erotica (Books),36743
2026-05-10 19:34:04.212569,B0DTKGRKC2,Romance Word Search,8237440,Word Search Games,41009
2026-05-10 19:34:20.709149,B0DS5HPJ1M,Alien Adult Activity Book,2339603,UFOs (Books),2239
2026-05-10 19:34:20.709153,B0DS5HPJ1M,Alien Adult Activity Book,2339603,Logic & Brain Teasers (Books),5392
2026-05-10 19:34:20.709154,B0DS5HPJ1M,Alien Adult Activity Book,2339603,Puzzles (Books),10783
2026-05-10 19:34:36.924221,B0FJ8TFSZ1,Fall Word Search,6612963,Holidays (Books),764
2026-05-10 19:34:36.924226,B0FJ8TFSZ1,Fall Word Search,6612963,Word Search Games,32131
2026-05-10 19:34:36.924227,B0FJ8TFSZ1,Fall Word Search,6612963,Word Games (Books),34317
2026-05-10 19:34:53.457889,B0G4GQL5TG,Winter Word Search,9456627,Holidays (Books),1071
2026-05-10 19:34:53.457895,B0G4GQL5TG,Winter Word Search,9456627,Word Search Games,47676
2026-05-10 19:34:53.457896,B0G4GQL5TG,Winter Word Search,9456627,Word Games (Books),50406
2026-05-10 19:35:09.684368,B0G5Z47WY7,Christmas Word Search,9456158,Holidays (Books),1070
2026-05-10 19:35:09.684371,B0G5Z47WY7,Christmas Word Search,9456158,Word Search Games,47657
2026-05-10 19:35:09.684372,B0G5Z47WY7,Christmas Word Search,9456158,Word Games (Books),50386
2026-05-10 19:35:25.879631,B0D2HQ2N8G,Cryptids Word Search Large Print,,,
2026-05-10 19:35:42.178707,B0CVNHV3CV,Cryptids Word Search,3901999,Ancient & Controversial Knowledge,3930
2026-05-10 19:35:42.178711,B0CVNHV3CV,Cryptids Word Search,3901999,Unexplained Mysteries (Books),5177
2026-05-10 19:35:42.178711,B0CVNHV3CV,Cryptids Word Search,3901999,Word Search Games,17307
2026-05-10 19:35:58.296631,B0D429W5H1,Sasquatch Word Search,3953960,Unexplained Mysteries (Books),5240
2026-05-10 19:35:58.296634,B0D429W5H1,Sasquatch Word Search,3953960,Word Search Games,17523
2026-05-10 19:35:58.296634,B0D429W5H1,Sasquatch Word Search,3953960,Word Games (Books),19063
2026-05-10 19:36:14.559740,B0D429WWSQ,Sasquatch Word Search,2808857,Unexplained Mysteries (Books),4006
2026-05-10 19:36:14.559743,B0D429WWSQ,Sasquatch Word Search,2808857,Word Search Games,12260
2026-05-10 19:36:14.559743,B0D429WWSQ,Sasquatch Word Search,2808857,Word Games (Books),13509
2026-05-10 19:36:30.929995,B0D22PKCGW,Alien Word Search Large Print,4208621,UFOs (Books),3475
2026-05-10 19:36:30.929998,B0D22PKCGW,Alien Word Search Large Print,4208621,Ancient & Controversial Knowledge,4177
2026-05-10 19:36:30.929999,B0D22PKCGW,Alien Word Search Large Print,4208621,Word Search Games,18888
2026-05-10 19:36:47.145876,B0CTPR6KZ4,Alien Word Search,2329960,UFOs (Books),2227
2026-05-10 19:36:47.145882,B0CTPR6KZ4,Alien Word Search,2329960,Ancient & Controversial Knowledge,2570
2026-05-10 19:36:47.145883,B0CTPR6KZ4,Alien Word Search,2329960,Word Search Games,10172
2026-05-10 20:59:12.425032,B0D9JQ33BX,Paranormal Word Search,,,
2026-05-10 20:59:29.087846,B0D1MYMVCC,Haunted Word Search Large Print,,,
2026-05-10 20:59:45.355046,B0CSZDC243,Haunted Word Search,6858475,Ghosts & Hauntings,5536
2026-05-10 20:59:45.355048,B0CSZDC243,Haunted Word Search,6858475,Psychic Phenomena,7051
2026-05-10 20:59:45.355049,B0CSZDC243,Haunted Word Search,6858475,Supernaturalism (Books),8535
2026-05-10 21:00:01.713148,B0D3XXZRRC,Witches Word Search,6215751,Witchcraft Religion & Spirituality,7271
2026-05-10 21:00:01.713152,B0D3XXZRRC,Witches Word Search,6215751,Spiritualism,10456
2026-05-10 21:00:01.713153,B0D3XXZRRC,Witches Word Search,6215751,Word Search Games,29906
2026-05-10 21:00:18.314378,B0D3XXY1HV,Witches Word Search Large Print,,,
2026-05-10 21:00:34.677253,B0G43ZNNRX,Weather Word Search Large Print,,,
2026-05-10 21:00:51.092318,B0D97NFBG2,Weather Word Search,634606,Natural Disasters (Books),248
2026-05-10 21:00:51.092320,B0D97NFBG2,Weather Word Search,634606,Weather (Books),263
2026-05-10 21:00:51.092321,B0D97NFBG2,Weather Word Search,634606,Word Search Games,3161
2026-05-10 21:01:07.349730,B0D9B6HKC8,Space Word Search,9163001,Solar System (Books),823
2026-05-10 21:01:07.349732,B0D9B6HKC8,Space Word Search,9163001,Astronomy (Books),10522
2026-05-10 21:01:07.349733,B0D9B6HKC8,Space Word Search,9163001,Word Search Games,45469
2026-05-10 21:01:23.414398,B0D986WRQY,Ocean Word Search,,,
2026-05-10 21:01:39.547586,B0D9D6QJKD,Earth Science Word Search,,,
2026-05-10 21:01:55.958281,B0D9DRYQSH,Animal Word Search,,,
2026-05-10 21:02:13.416955,B0FPDF7GQV,Halloween Word Search,7665610,Holidays (Books),886
2026-05-10 21:02:13.416956,B0FPDF7GQV,Halloween Word Search,7665610,Customs & Traditions Social Sciences,5726
2026-05-10 21:02:13.416957,B0FPDF7GQV,Halloween Word Search,7665610,Ghosts & Hauntings,5895
2026-05-10 21:02:29.522883,B0DXP99LNN,Spring Word Search,6153917,Gardening & Landscape Design,27150
2026-05-10 21:02:29.522888,B0DXP99LNN,Spring Word Search,6153917,Word Search Games,29490
2026-05-10 21:02:29.522889,B0DXP99LNN,Spring Word Search,6153917,Word Games (Books),31576
2026-05-10 21:02:45.655757,B0F61TRMXM,Summer Word Search,,,
2026-05-10 21:03:01.653429,B0DTKGRKC2,Romance Word Search,8237410,Humorous Erotica (Books),22530
2026-05-10 21:03:01.653431,B0DTKGRKC2,Romance Word Search,8237410,Romantic Erotica (Books),36743
2026-05-10 21:03:01.653432,B0DTKGRKC2,Romance Word Search,8237410,Word Search Games,41009
2026-05-10 21:03:17.907758,B0DS5HPJ1M,Alien Adult Activity Book,2347425,UFOs (Books),2244
2026-05-10 21:03:17.907761,B0DS5HPJ1M,Alien Adult Activity Book,2347425,Logic & Brain Teasers (Books),5403
2026-05-10 21:03:17.907762,B0DS5HPJ1M,Alien Adult Activity Book,2347425,Puzzles (Books),10814
2026-05-10 21:03:34.270577,B0FJ8TFSZ1,Fall Word Search,6615280,Holidays (Books),764
2026-05-10 21:03:34.270579,B0FJ8TFSZ1,Fall Word Search,6615280,Word Search Games,32135
2026-05-10 21:03:34.270580,B0FJ8TFSZ1,Fall Word Search,6615280,Word Games (Books),34321
2026-05-10 21:03:50.787897,B0G4GQL5TG,Winter Word Search,9458224,Holidays (Books),1071
2026-05-10 21:03:50.787900,B0G4GQL5TG,Winter Word Search,9458224,Word Search Games,47677
2026-05-10 21:03:50.787901,B0G4GQL5TG,Winter Word Search,9458224,Word Games (Books),50407
2026-05-10 21:04:06.969783,B0G5Z47WY7,Christmas Word Search,9456127,Holidays (Books),1070
2026-05-10 21:04:06.969785,B0G5Z47WY7,Christmas Word Search,9456127,Word Search Games,47657
2026-05-10 21:04:06.969786,B0G5Z47WY7,Christmas Word Search,9456127,Word Games (Books),50386
2026-05-10 21:04:23.166572,B0D2HQ2N8G,Cryptids Word Search Large Print,,,
2026-05-10 21:04:39.417647,B0CVNHV3CV,Cryptids Word Search,3906393,Ancient & Controversial Knowledge,3938
2026-05-10 21:04:39.417649,B0CVNHV3CV,Cryptids Word Search,3906393,Unexplained Mysteries (Books),5180
2026-05-10 21:04:39.417649,B0CVNHV3CV,Cryptids Word Search,3906393,Word Search Games,17316
2026-05-10 21:04:55.419396,B0D429W5H1,Sasquatch Word Search,3958272,Unexplained Mysteries (Books),5243
2026-05-10 21:04:55.419398,B0D429W5H1,Sasquatch Word Search,3958272,Word Search Games,17532
2026-05-10 21:04:55.419399,B0D429W5H1,Sasquatch Word Search,3958272,Word Games (Books),19073
2026-05-10 21:05:11.506933,B0D429WWSQ,Sasquatch Word Search,2815331,Unexplained Mysteries (Books),4012
2026-05-10 21:05:11.506936,B0D429WWSQ,Sasquatch Word Search,2815331,Word Search Games,12275
2026-05-10 21:05:11.506937,B0D429WWSQ,Sasquatch Word Search,2815331,Word Games (Books),13526
2026-05-10 21:05:27.718426,B0D22PKCGW,Alien Word Search Large Print,4212568,UFOs (Books),3476
2026-05-10 21:05:27.718429,B0D22PKCGW,Alien Word Search Large Print,4212568,Ancient & Controversial Knowledge,4184
2026-05-10 21:05:27.718430,B0D22PKCGW,Alien Word Search Large Print,4212568,Word Search Games,18896
2026-05-10 21:05:44.003001,B0CTPR6KZ4,Alien Word Search,2337824,UFOs (Books),2232
2026-05-10 21:05:44.003004,B0CTPR6KZ4,Alien Word Search,2337824,Ancient & Controversial Knowledge,2582
2026-05-10 21:05:44.003004,B0CTPR6KZ4,Alien Word Search,2337824,Word Search Games,10193
2026-05-10 22:04:36.484719,B0D3XXZRRC,Witches Word Search,,,
2026-05-10 22:04:53.280026,B0D3XXY1HV,Witches Word Search Large Print,,,
2026-05-10 22:05:09.362158,B0G43ZNNRX,Weather Word Search Large Print,,,
2026-05-10 22:05:25.764962,B0D97NFBG2,Weather Word Search,657635,Natural Disasters (Books),255
2026-05-10 22:05:25.764970,B0D97NFBG2,Weather Word Search,657635,Weather (Books),271
2026-05-10 22:05:25.764971,B0D97NFBG2,Weather Word Search,657635,Word Search Games,3237
2026-05-10 22:05:41.875774,B0D9B6HKC8,Space Word Search,9163270,Solar System (Books),823
2026-05-10 22:05:41.875777,B0D9B6HKC8,Space Word Search,9163270,Astronomy (Books),10522
2026-05-10 22:05:41.875778,B0D9B6HKC8,Space Word Search,9163270,Word Search Games,45469
2026-05-10 22:05:58.249632,B0D986WRQY,Ocean Word Search,,,
2026-05-10 22:06:14.468260,B0D9D6QJKD,Earth Science Word Search,,,
2026-05-10 22:06:30.820445,B0D9DRYQSH,Animal Word Search,,,
2026-05-10 22:06:46.990990,B0FPDF7GQV,Halloween Word Search,7667894,Holidays (Books),886
2026-05-10 22:06:46.990994,B0FPDF7GQV,Halloween Word Search,7667894,Customs & Traditions Social Sciences,5726
2026-05-10 22:06:46.990995,B0FPDF7GQV,Halloween Word Search,7667894,Ghosts & Hauntings,5895
2026-05-10 22:07:03.256825,B0DXP99LNN,Spring Word Search,6156801,Gardening & Landscape Design,27151
2026-05-10 22:07:03.256829,B0DXP99LNN,Spring Word Search,6156801,Word Search Games,29495
2026-05-10 22:07:03.256830,B0DXP99LNN,Spring Word Search,6156801,Word Games (Books),31581
2026-05-10 22:07:19.420201,B0F61TRMXM,Summer Word Search,,,
2026-05-10 22:07:35.603308,B0DTKGRKC2,Romance Word Search,8239549,Humorous Erotica (Books),22530
2026-05-10 22:07:35.603311,B0DTKGRKC2,Romance Word Search,8239549,Romantic Erotica (Books),36757
2026-05-10 22:07:35.603312,B0DTKGRKC2,Romance Word Search,8239549,Word Search Games,41010
2026-05-10 22:07:51.858165,B0DS5HPJ1M,Alien Adult Activity Book,2347922,UFOs (Books),2244
2026-05-10 22:07:51.858168,B0DS5HPJ1M,Alien Adult Activity Book,2347922,Logic & Brain Teasers (Books),5403
2026-05-10 22:07:51.858169,B0DS5HPJ1M,Alien Adult Activity Book,2347922,Puzzles (Books),10815
2026-05-10 22:08:08.051837,B0FJ8TFSZ1,Fall Word Search,6615612,Holidays (Books),764
2026-05-10 22:08:08.051840,B0FJ8TFSZ1,Fall Word Search,6615612,Word Search Games,32135
2026-05-10 22:08:08.051840,B0FJ8TFSZ1,Fall Word Search,6615612,Word Games (Books),34321
2026-05-10 22:08:24.637630,B0G4GQL5TG,Winter Word Search,9458479,Holidays (Books),1071
2026-05-10 22:08:24.637633,B0G4GQL5TG,Winter Word Search,9458479,Word Search Games,47677
2026-05-10 22:08:24.637634,B0G4GQL5TG,Winter Word Search,9458479,Word Games (Books),50407
2026-05-10 22:08:40.990510,B0G5Z47WY7,Christmas Word Search,9458010,Holidays (Books),1070
2026-05-10 22:08:40.990513,B0G5Z47WY7,Christmas Word Search,9458010,Word Search Games,47658
2026-05-10 22:08:40.990514,B0G5Z47WY7,Christmas Word Search,9458010,Word Games (Books),50387
2026-05-10 22:08:57.214837,B0D2HQ2N8G,Cryptids Word Search Large Print,,,
2026-05-10 22:09:13.506699,B0CVNHV3CV,Cryptids Word Search,3906827,Ancient & Controversial Knowledge,3939
2026-05-10 22:09:13.506703,B0CVNHV3CV,Cryptids Word Search,3906827,Unexplained Mysteries (Books),5180
2026-05-10 22:09:13.506704,B0CVNHV3CV,Cryptids Word Search,3906827,Word Search Games,17316
2026-05-10 22:09:29.627087,B0D429W5H1,Sasquatch Word Search,3958706,Unexplained Mysteries (Books),5243
2026-05-10 22:09:29.627090,B0D429W5H1,Sasquatch Word Search,3958706,Word Search Games,17532
2026-05-10 22:09:29.627091,B0D429W5H1,Sasquatch Word Search,3958706,Word Games (Books),19073
2026-05-10 22:09:45.704889,B0D429WWSQ,Sasquatch Word Search,2815807,Unexplained Mysteries (Books),4012
2026-05-10 22:09:45.704893,B0D429WWSQ,Sasquatch Word Search,2815807,Word Search Games,12275
2026-05-10 22:09:45.704893,B0D429WWSQ,Sasquatch Word Search,2815807,Word Games (Books),13526
2026-05-10 22:10:02.039575,B0D22PKCGW,Alien Word Search Large Print,4212994,UFOs (Books),3476
2026-05-10 22:10:02.039578,B0D22PKCGW,Alien Word Search Large Print,4212994,Ancient & Controversial Knowledge,4185
2026-05-10 22:10:02.039579,B0D22PKCGW,Alien Word Search Large Print,4212994,Word Search Games,18896
2026-05-10 22:10:18.316712,B0CTPR6KZ4,Alien Word Search,2338321,UFOs (Books),2232
2026-05-10 22:10:18.316715,B0CTPR6KZ4,Alien Word Search,2338321,Ancient & Controversial Knowledge,2583
2026-05-10 22:10:18.316716,B0CTPR6KZ4,Alien Word Search,2338321,Word Search Games,10193
2026-05-10 23:13:57.795283,B0D9B6HKC8,Space Word Search,,,
2026-05-10 23:14:14.946353,B0D986WRQY,Ocean Word Search,,,
2026-05-10 23:14:31.356341,B0D9D6QJKD,Earth Science Word Search,,,
2026-05-10 23:14:47.776929,B0D9DRYQSH,Animal Word Search,,,
2026-05-10 23:15:04.229718,B0FPDF7GQV,Halloween Word Search,7667887,Holidays (Books),886
2026-05-10 23:15:04.229720,B0FPDF7GQV,Halloween Word Search,7667887,Customs & Traditions Social Sciences,5726
2026-05-10 23:15:04.229721,B0FPDF7GQV,Halloween Word Search,7667887,Ghosts & Hauntings,5895
2026-05-10 23:15:20.650176,B0DXP99LNN,Spring Word Search,6156792,Gardening & Landscape Design,27151
2026-05-10 23:15:20.650178,B0DXP99LNN,Spring Word Search,6156792,Word Search Games,29495
2026-05-10 23:15:20.650179,B0DXP99LNN,Spring Word Search,6156792,Word Games (Books),31581
2026-05-10 23:15:37.083598,B0F61TRMXM,Summer Word Search,,,
2026-05-10 23:15:53.652017,B0DTKGRKC2,Romance Word Search,8239543,Humorous Erotica (Books),22530
2026-05-10 23:15:53.652019,B0DTKGRKC2,Romance Word Search,8239543,Romantic Erotica (Books),36757
2026-05-10 23:15:53.652019,B0DTKGRKC2,Romance Word Search,8239543,Word Search Games,41010
2026-05-10 23:16:10.124635,B0DS5HPJ1M,Alien Adult Activity Book,2347915,UFOs (Books),2244
2026-05-10 23:16:10.124637,B0DS5HPJ1M,Alien Adult Activity Book,2347915,Logic & Brain Teasers (Books),5403
2026-05-10 23:16:10.124638,B0DS5HPJ1M,Alien Adult Activity Book,2347915,Puzzles (Books),10815
2026-05-10 23:16:26.910635,B0FJ8TFSZ1,Fall Word Search,6615603,Holidays (Books),764
2026-05-10 23:16:26.910637,B0FJ8TFSZ1,Fall Word Search,6615603,Word Search Games,32135
2026-05-10 23:16:26.910638,B0FJ8TFSZ1,Fall Word Search,6615603,Word Games (Books),34321
2026-05-10 23:16:42.923312,B0G4GQL5TG,Winter Word Search,9458471,Holidays (Books),1071
2026-05-10 23:16:42.923314,B0G4GQL5TG,Winter Word Search,9458471,Word Search Games,47677
2026-05-10 23:16:42.923314,B0G4GQL5TG,Winter Word Search,9458471,Word Games (Books),50407
2026-05-10 23:16:59.439426,B0G5Z47WY7,Christmas Word Search,9458002,Holidays (Books),1070
2026-05-10 23:16:59.439428,B0G5Z47WY7,Christmas Word Search,9458002,Word Search Games,47658
2026-05-10 23:16:59.439428,B0G5Z47WY7,Christmas Word Search,9458002,Word Games (Books),50387
2026-05-10 23:17:15.838156,B0D2HQ2N8G,Cryptids Word Search Large Print,,,
2026-05-10 23:17:32.257109,B0CVNHV3CV,Cryptids Word Search,3906819,Ancient & Controversial Knowledge,3939
2026-05-10 23:17:32.257111,B0CVNHV3CV,Cryptids Word Search,3906819,Unexplained Mysteries (Books),5180
2026-05-10 23:17:32.257111,B0CVNHV3CV,Cryptids Word Search,3906819,Word Search Games,17316
2026-05-10 23:17:48.590208,B0D429W5H1,Sasquatch Word Search,3958698,Unexplained Mysteries (Books),5243
2026-05-10 23:17:48.590209,B0D429W5H1,Sasquatch Word Search,3958698,Word Search Games,17532
2026-05-10 23:17:48.590210,B0D429W5H1,Sasquatch Word Search,3958698,Word Games (Books),19073
2026-05-10 23:18:04.932325,B0D429WWSQ,Sasquatch Word Search,2815799,Unexplained Mysteries (Books),4012
2026-05-10 23:18:04.932327,B0D429WWSQ,Sasquatch Word Search,2815799,Word Search Games,12275
2026-05-10 23:18:04.932327,B0D429WWSQ,Sasquatch Word Search,2815799,Word Games (Books),13526
2026-05-10 23:18:21.727486,B0D22PKCGW,Alien Word Search Large Print,4212986,UFOs (Books),3476
2026-05-10 23:18:21.727488,B0D22PKCGW,Alien Word Search Large Print,4212986,Ancient & Controversial Knowledge,4185
2026-05-10 23:18:21.727489,B0D22PKCGW,Alien Word Search Large Print,4212986,Word Search Games,18896
2026-05-10 23:18:38.261016,B0CTPR6KZ4,Alien Word Search,2338314,UFOs (Books),2232
2026-05-10 23:18:38.261017,B0CTPR6KZ4,Alien Word Search,2338314,Ancient & Controversial Knowledge,2583
2026-05-10 23:18:38.261018,B0CTPR6KZ4,Alien Word Search,2338314,Word Search Games,10193
2026-05-11 04:14:53.079232,B0D1MYMVCC,Haunted Word Search Large Print,,,
2026-05-11 04:15:09.412153,B0CSZDC243,Haunted Word Search,6846613,Ghosts & Hauntings,5534
2026-05-11 04:15:09.412156,B0CSZDC243,Haunted Word Search,6846613,Psychic Phenomena,7058
2026-05-11 04:15:09.412157,B0CSZDC243,Haunted Word Search,6846613,Supernaturalism (Books),8538
2026-05-11 04:15:26.011393,B0D3XXZRRC,Witches Word Search,6236478,Witchcraft Religion & Spirituality,7288
2026-05-11 04:15:26.011400,B0D3XXZRRC,Witches Word Search,6236478,Spiritualism,10495
2026-05-11 04:15:26.011402,B0D3XXZRRC,Witches Word Search,6236478,Word Search Games,30079
2026-05-11 04:15:41.825407,B0D3XXY1HV,Witches Word Search Large Print,,,
2026-05-11 04:15:58.087977,B0G43ZNNRX,Weather Word Search Large Print,,,
2026-05-11 04:16:14.401415,B0D97NFBG2,Weather Word Search,722491,Natural Disasters (Books),272
2026-05-11 04:16:14.401419,B0D97NFBG2,Weather Word Search,722491,Weather (Books),303
2026-05-11 04:16:14.401420,B0D97NFBG2,Weather Word Search,722491,Word Search Games,3483
2026-05-11 04:16:30.517001,B0D9B6HKC8,Space Word Search,9166962,Solar System (Books),823
2026-05-11 04:16:30.517003,B0D9B6HKC8,Space Word Search,9166962,Astronomy (Books),10522
2026-05-11 04:16:30.517004,B0D9B6HKC8,Space Word Search,9166962,Word Search Games,45479
2026-05-11 04:16:46.853678,B0D986WRQY,Ocean Word Search,,,
2026-05-11 04:17:02.974819,B0D9D6QJKD,Earth Science Word Search,,,
2026-05-11 04:17:19.037409,B0D9DRYQSH,Animal Word Search,,,
2026-05-11 04:17:35.334550,B0FPDF7GQV,Halloween Word Search,7661158,Holidays (Books),886
2026-05-11 04:17:35.334552,B0FPDF7GQV,Halloween Word Search,7661158,Customs & Traditions Social Sciences,5723
2026-05-11 04:17:35.334553,B0FPDF7GQV,Halloween Word Search,7661158,Ghosts & Hauntings,5893
2026-05-11 04:17:51.122908,B0DXP99LNN,Spring Word Search,6147739,Gardening & Landscape Design,27101
2026-05-11 04:17:51.122912,B0DXP99LNN,Spring Word Search,6147739,Word Search Games,29464
2026-05-11 04:17:51.122913,B0DXP99LNN,Spring Word Search,6147739,Word Games (Books),31546
2026-05-11 04:18:07.284651,B0F61TRMXM,Summer Word Search,,,
2026-05-11 04:18:23.268989,B0DTKGRKC2,Romance Word Search,8234528,Humorous Erotica (Books),22522
2026-05-11 04:18:23.268991,B0DTKGRKC2,Romance Word Search,8234528,Romantic Erotica (Books),36733
2026-05-11 04:18:23.268992,B0DTKGRKC2,Romance Word Search,8234528,Word Search Games,40978
2026-05-11 04:18:39.443793,B0DS5HPJ1M,Alien Adult Activity Book,2376851,UFOs (Books),2275
2026-05-11 04:18:39.443795,B0DS5HPJ1M,Alien Adult Activity Book,2376851,Logic & Brain Teasers (Books),5466
2026-05-11 04:18:39.443796,B0DS5HPJ1M,Alien Adult Activity Book,2376851,Puzzles (Books),10936
2026-05-11 04:18:55.575277,B0FJ8TFSZ1,Fall Word Search,6605703,Holidays (Books),764
2026-05-11 04:18:55.575279,B0FJ8TFSZ1,Fall Word Search,6605703,Word Search Games,32106
2026-05-11 04:18:55.575280,B0FJ8TFSZ1,Fall Word Search,6605703,Word Games (Books),34287
2026-05-11 04:19:11.818893,B0G4GQL5TG,Winter Word Search,9462074,Holidays (Books),1072
2026-05-11 04:19:11.818895,B0G4GQL5TG,Winter Word Search,9462074,Word Search Games,47687
2026-05-11 04:19:11.818896,B0G4GQL5TG,Winter Word Search,9462074,Word Games (Books),50416
2026-05-11 04:19:28.031773,B0G5Z47WY7,Christmas Word Search,9461605,Holidays (Books),1071
2026-05-11 04:19:28.031775,B0G5Z47WY7,Christmas Word Search,9461605,Word Search Games,47668
2026-05-11 04:19:28.031775,B0G5Z47WY7,Christmas Word Search,9461605,Word Games (Books),50396
2026-05-11 04:19:44.102413,B0D2HQ2N8G,Cryptids Word Search Large Print,,,
2026-05-11 04:20:00.311742,B0CVNHV3CV,Cryptids Word Search,3878908,Ancient & Controversial Knowledge,3917
2026-05-11 04:20:00.311744,B0CVNHV3CV,Cryptids Word Search,3878908,Unexplained Mysteries (Books),5156
2026-05-11 04:20:00.311744,B0CVNHV3CV,Cryptids Word Search,3878908,Word Search Games,17231
2026-05-11 04:20:16.551282,B0D429W5H1,Sasquatch Word Search,3925629,Unexplained Mysteries (Books),5208
2026-05-11 04:20:16.551284,B0D429W5H1,Sasquatch Word Search,3925629,Word Search Games,17434
2026-05-11 04:20:16.551285,B0D429W5H1,Sasquatch Word Search,3925629,Word Games (Books),18969
2026-05-11 04:20:32.562414,B0D429WWSQ,Sasquatch Word Search,2846852,Unexplained Mysteries (Books),4051
2026-05-11 04:20:32.562416,B0D429WWSQ,Sasquatch Word Search,2846852,Word Search Games,12447
2026-05-11 04:20:32.562417,B0D429WWSQ,Sasquatch Word Search,2846852,Word Games (Books),13706
2026-05-11 04:20:48.699313,B0D22PKCGW,Alien Word Search Large Print,4196437,UFOs (Books),3474
2026-05-11 04:20:48.699315,B0D22PKCGW,Alien Word Search Large Print,4196437,Ancient & Controversial Knowledge,4173
2026-05-11 04:20:48.699316,B0D22PKCGW,Alien Word Search Large Print,4196437,Word Search Games,18784
2026-05-11 04:21:04.764946,B0CTPR6KZ4,Alien Word Search,2341744,UFOs (Books),2241
2026-05-11 04:21:04.764948,B0CTPR6KZ4,Alien Word Search,2341744,Ancient & Controversial Knowledge,2597
2026-05-11 04:21:04.764948,B0CTPR6KZ4,Alien Word Search,2341744,Word Search Games,10225
2026-05-11 08:35:31.389819,B0D3XXZRRC,Witches Word Search,,,
2026-05-11 08:35:48.016421,B0D3XXY1HV,Witches Word Search Large Print,,,
2026-05-11 08:36:04.154738,B0G43ZNNRX,Weather Word Search Large Print,,,
2026-05-11 08:36:20.356909,B0D97NFBG2,Weather Word Search,723194,Natural Disasters (Books),273
2026-05-11 08:36:20.356914,B0D97NFBG2,Weather Word Search,723194,Weather (Books),303
2026-05-11 08:36:20.356915,B0D97NFBG2,Weather Word Search,723194,Word Search Games,3489
2026-05-11 08:36:36.576521,B0D9B6HKC8,Space Word Search,9167513,Solar System (Books),822
2026-05-11 08:36:36.576523,B0D9B6HKC8,Space Word Search,9167513,Astronomy (Books),10522
2026-05-11 08:36:36.576524,B0D9B6HKC8,Space Word Search,9167513,Word Search Games,45478
2026-05-11 08:36:52.876562,B0D986WRQY,Ocean Word Search,,,
2026-05-11 08:37:08.952543,B0D9D6QJKD,Earth Science Word Search,,,
2026-05-11 08:37:25.151201,B0D9DRYQSH,Animal Word Search,,,
2026-05-11 08:37:41.409743,B0FPDF7GQV,Halloween Word Search,7661702,Holidays (Books),886
2026-05-11 08:37:41.409745,B0FPDF7GQV,Halloween Word Search,7661702,Customs & Traditions Social Sciences,5721
2026-05-11 08:37:41.409746,B0FPDF7GQV,Halloween Word Search,7661702,Ghosts & Hauntings,5893
2026-05-11 08:37:57.686150,B0DXP99LNN,Spring Word Search,6148282,Gardening & Landscape Design,27094
2026-05-11 08:37:57.686152,B0DXP99LNN,Spring Word Search,6148282,Word Search Games,29463
2026-05-11 08:37:57.686153,B0DXP99LNN,Spring Word Search,6148282,Word Games (Books),31546
2026-05-11 08:38:13.718130,B0F61TRMXM,Summer Word Search,,,
2026-05-11 08:38:29.921271,B0DTKGRKC2,Romance Word Search,8235077,Humorous Erotica (Books),22522
2026-05-11 08:38:29.921276,B0DTKGRKC2,Romance Word Search,8235077,Romantic Erotica (Books),36735
2026-05-11 08:38:29.921277,B0DTKGRKC2,Romance Word Search,8235077,Word Search Games,40977
2026-05-11 08:38:46.150500,B0DS5HPJ1M,Alien Adult Activity Book,2377578,UFOs (Books),2274
2026-05-11 08:38:46.150504,B0DS5HPJ1M,Alien Adult Activity Book,2377578,Logic & Brain Teasers (Books),5463
2026-05-11 08:38:46.150505,B0DS5HPJ1M,Alien Adult Activity Book,2377578,Puzzles (Books),10941
2026-05-11 08:39:02.453318,B0FJ8TFSZ1,Fall Word Search,6606248,Holidays (Books),764
2026-05-11 08:39:02.453321,B0FJ8TFSZ1,Fall Word Search,6606248,Word Search Games,32105
2026-05-11 08:39:02.453322,B0FJ8TFSZ1,Fall Word Search,6606248,Word Games (Books),34287
2026-05-11 08:39:18.864212,B0G4GQL5TG,Winter Word Search,9462625,Holidays (Books),1072
2026-05-11 08:39:18.864214,B0G4GQL5TG,Winter Word Search,9462625,Word Search Games,47685
2026-05-11 08:39:18.864215,B0G4GQL5TG,Winter Word Search,9462625,Word Games (Books),50416
2026-05-11 08:39:35.261976,B0G5Z47WY7,Christmas Word Search,9462156,Holidays (Books),1071
2026-05-11 08:39:35.261978,B0G5Z47WY7,Christmas Word Search,9462156,Word Search Games,47666
2026-05-11 08:39:35.261979,B0G5Z47WY7,Christmas Word Search,9462156,Word Games (Books),50396
2026-05-11 08:39:51.489055,B0D2HQ2N8G,Cryptids Word Search Large Print,,,
2026-05-11 08:40:07.670944,B0CVNHV3CV,Cryptids Word Search,3880576,Ancient & Controversial Knowledge,3917
2026-05-11 08:40:07.670946,B0CVNHV3CV,Cryptids Word Search,3880576,Unexplained Mysteries (Books),5157
2026-05-11 08:40:07.670946,B0CVNHV3CV,Cryptids Word Search,3880576,Word Search Games,17225
2026-05-11 08:40:23.725854,B0D429W5H1,Sasquatch Word Search,3927299,Unexplained Mysteries (Books),5209
2026-05-11 08:40:23.725857,B0D429W5H1,Sasquatch Word Search,3927299,Word Search Games,17428
2026-05-11 08:40:23.725857,B0D429W5H1,Sasquatch Word Search,3927299,Word Games (Books),18966
2026-05-11 08:40:39.932154,B0D429WWSQ,Sasquatch Word Search,2847374,Unexplained Mysteries (Books),4051
2026-05-11 08:40:39.932156,B0D429WWSQ,Sasquatch Word Search,2847374,Word Search Games,12447
2026-05-11 08:40:39.932157,B0D429WWSQ,Sasquatch Word Search,2847374,Word Games (Books),13707
2026-05-11 08:40:56.145644,B0D22PKCGW,Alien Word Search Large Print,4198110,UFOs (Books),3474
2026-05-11 08:40:56.145648,B0D22PKCGW,Alien Word Search Large Print,4198110,Ancient & Controversial Knowledge,4173
2026-05-11 08:40:56.145667,B0D22PKCGW,Alien Word Search Large Print,4198110,Word Search Games,18778
2026-05-11 08:41:12.589892,B0CTPR6KZ4,Alien Word Search,2342261,UFOs (Books),2241
2026-05-11 08:41:12.589894,B0CTPR6KZ4,Alien Word Search,2342261,Ancient & Controversial Knowledge,2597
2026-05-11 08:41:12.589895,B0CTPR6KZ4,Alien Word Search,2342261,Word Search Games,10225
2026-05-11 12:27:57.988559,B0G43ZNNRX,Weather Word Search Large Print,,,
2026-05-11 12:28:14.833310,B0D97NFBG2,Weather Word Search,772302,Natural Disasters (Books),282
2026-05-11 12:28:14.833315,B0D97NFBG2,Weather Word Search,772302,Weather (Books),323
2026-05-11 12:28:14.833316,B0D97NFBG2,Weather Word Search,772302,Word Search Games,3702
2026-05-11 12:28:30.958585,B0D9B6HKC8,Space Word Search,9170976,Solar System (Books),825
2026-05-11 12:28:30.958587,B0D9B6HKC8,Space Word Search,9170976,Astronomy (Books),10530
2026-05-11 12:28:30.958588,B0D9B6HKC8,Space Word Search,9170976,Word Search Games,45449
2026-05-11 12:28:47.241222,B0D986WRQY,Ocean Word Search,,,
2026-05-11 12:29:03.333525,B0D9D6QJKD,Earth Science Word Search,,,
2026-05-11 12:29:19.477537,B0D9DRYQSH,Animal Word Search,,,
2026-05-11 12:29:35.634795,B0FPDF7GQV,Halloween Word Search,7666323,Holidays (Books),887
2026-05-11 12:29:35.634797,B0FPDF7GQV,Halloween Word Search,7666323,Customs & Traditions Social Sciences,5722
2026-05-11 12:29:35.634797,B0FPDF7GQV,Halloween Word Search,7666323,Ghosts & Hauntings,5891
2026-05-11 12:29:51.767567,B0DXP99LNN,Spring Word Search,6154773,Gardening & Landscape Design,27103
2026-05-11 12:29:51.767569,B0DXP99LNN,Spring Word Search,6154773,Word Search Games,29450
2026-05-11 12:29:51.767570,B0DXP99LNN,Spring Word Search,6154773,Word Games (Books),31538
2026-05-11 12:30:07.919821,B0F61TRMXM,Summer Word Search,,,
2026-05-11 12:30:24.032272,B0DTKGRKC2,Romance Word Search,8239376,Humorous Erotica (Books),22529
2026-05-11 12:30:24.032275,B0DTKGRKC2,Romance Word Search,8239376,Romantic Erotica (Books),36761
2026-05-11 12:30:24.032276,B0DTKGRKC2,Romance Word Search,8239376,Word Search Games,40958
2026-05-11 12:30:40.235956,B0DS5HPJ1M,Alien Adult Activity Book,2396640,UFOs (Books),2296
2026-05-11 12:30:40.235958,B0DS5HPJ1M,Alien Adult Activity Book,2396640,Logic & Brain Teasers (Books),5501
2026-05-11 12:30:40.235959,B0DS5HPJ1M,Alien Adult Activity Book,2396640,Puzzles (Books),11004
2026-05-11 12:30:56.415434,B0FJ8TFSZ1,Fall Word Search,6612206,Holidays (Books),764
2026-05-11 12:30:56.415436,B0FJ8TFSZ1,Fall Word Search,6612206,Word Search Games,32094
2026-05-11 12:30:56.415437,B0FJ8TFSZ1,Fall Word Search,6612206,Word Games (Books),34280
2026-05-11 12:31:12.650257,B0G4GQL5TG,Winter Word Search,9465830,Holidays (Books),1071
2026-05-11 12:31:12.650259,B0G4GQL5TG,Winter Word Search,9465830,Word Search Games,47654
2026-05-11 12:31:12.650260,B0G4GQL5TG,Winter Word Search,9465830,Word Games (Books),50388
2026-05-11 12:31:28.421839,B0G5Z47WY7,Christmas Word Search,9465364,Holidays (Books),1070
2026-05-11 12:31:28.421841,B0G5Z47WY7,Christmas Word Search,9465364,Word Search Games,47635
2026-05-11 12:31:28.421841,B0G5Z47WY7,Christmas Word Search,9465364,Word Games (Books),50368
2026-05-11 12:31:44.542278,B0D2HQ2N8G,Cryptids Word Search Large Print,,,
2026-05-11 12:32:01.075169,B0CVNHV3CV,Cryptids Word Search,3890865,Ancient & Controversial Knowledge,3925
2026-05-11 12:32:01.075173,B0CVNHV3CV,Cryptids Word Search,3890865,Unexplained Mysteries (Books),5170
2026-05-11 12:32:01.075174,B0CVNHV3CV,Cryptids Word Search,3890865,Word Search Games,17254
2026-05-11 12:32:17.253913,B0D429W5H1,Sasquatch Word Search,3937468,Unexplained Mysteries (Books),5222
2026-05-11 12:32:17.253915,B0D429W5H1,Sasquatch Word Search,3937468,Word Search Games,17452
2026-05-11 12:32:17.253915,B0D429W5H1,Sasquatch Word Search,3937468,Word Games (Books),18993
2026-05-11 12:32:33.426508,B0D429WWSQ,Sasquatch Word Search,2863201,Unexplained Mysteries (Books),4074
2026-05-11 12:32:33.426510,B0D429WWSQ,Sasquatch Word Search,2863201,Word Search Games,12517
2026-05-11 12:32:33.426511,B0D429WWSQ,Sasquatch Word Search,2863201,Word Games (Books),13785
2026-05-11 12:32:49.636053,B0D22PKCGW,Alien Word Search Large Print,4207427,UFOs (Books),3479
2026-05-11 12:32:49.636055,B0D22PKCGW,Alien Word Search Large Print,4207427,Ancient & Controversial Knowledge,4181
2026-05-11 12:32:49.636056,B0D22PKCGW,Alien Word Search Large Print,4207427,Word Search Games,18806
2026-05-11 12:33:05.708409,B0CTPR6KZ4,Alien Word Search,2361536,UFOs (Books),2264
2026-05-11 12:33:05.708412,B0CTPR6KZ4,Alien Word Search,2361536,Ancient & Controversial Knowledge,2620
2026-05-11 12:33:05.708412,B0CTPR6KZ4,Alien Word Search,2361536,Word Search Games,10286
2026-05-11 16:11:24.333722,B0D1MYMVCC,Haunted Word Search Large Print,,,
2026-05-11 16:11:41.524393,B0CSZDC243,Haunted Word Search,6855946,Ghosts & Hauntings,5530
2026-05-11 16:11:41.524397,B0CSZDC243,Haunted Word Search,6855946,Psychic Phenomena,7057
2026-05-11 16:11:41.524397,B0CSZDC243,Haunted Word Search,6855946,Supernaturalism (Books),8543
2026-05-11 16:11:57.971853,B0D3XXZRRC,Witches Word Search,6246787,Witchcraft Religion & Spirituality,7294
2026-05-11 16:11:57.971859,B0D3XXZRRC,Witches Word Search,6246787,Spiritualism,10502
2026-05-11 16:11:57.971860,B0D3XXZRRC,Witches Word Search,6246787,Word Search Games,30088
2026-05-11 16:12:14.327887,B0D3XXY1HV,Witches Word Search Large Print,,,
2026-05-11 16:12:30.754815,B0G43ZNNRX,Weather Word Search Large Print,,,
2026-05-11 16:12:46.936081,B0D97NFBG2,Weather Word Search,792141,Natural Disasters (Books),295
2026-05-11 16:12:46.936083,B0D97NFBG2,Weather Word Search,792141,Weather (Books),340
2026-05-11 16:12:46.936084,B0D97NFBG2,Weather Word Search,792141,Word Search Games,3794
2026-05-11 16:13:03.152776,B0D9B6HKC8,Space Word Search,9173594,Solar System (Books),826
2026-05-11 16:13:03.152780,B0D9B6HKC8,Space Word Search,9173594,Astronomy (Books),10533
2026-05-11 16:13:03.152781,B0D9B6HKC8,Space Word Search,9173594,Word Search Games,45465
2026-05-11 16:13:19.537960,B0D986WRQY,Ocean Word Search,,,
2026-05-11 16:13:35.768064,B0D9D6QJKD,Earth Science Word Search,,,
2026-05-11 16:13:52.022382,B0D9DRYQSH,Animal Word Search,,,
2026-05-11 16:14:08.324536,B0FPDF7GQV,Halloween Word Search,7669222,Holidays (Books),887
2026-05-11 16:14:08.324543,B0FPDF7GQV,Halloween Word Search,7669222,Customs & Traditions Social Sciences,5726
2026-05-11 16:14:08.324544,B0FPDF7GQV,Halloween Word Search,7669222,Ghosts & Hauntings,5888
2026-05-11 16:14:24.539892,B0DXP99LNN,Spring Word Search,6158170,Gardening & Landscape Design,27113
2026-05-11 16:14:24.539894,B0DXP99LNN,Spring Word Search,6158170,Word Search Games,29472
2026-05-11 16:14:24.539895,B0DXP99LNN,Spring Word Search,6158170,Word Games (Books),31550
2026-05-11 16:14:40.744048,B0F61TRMXM,Summer Word Search,,,
2026-05-11 16:14:57.021691,B0DTKGRKC2,Romance Word Search,8242108,Humorous Erotica (Books),22536
2026-05-11 16:14:57.021694,B0DTKGRKC2,Romance Word Search,8242108,Romantic Erotica (Books),36776
2026-05-11 16:14:57.021696,B0DTKGRKC2,Romance Word Search,8242108,Word Search Games,40975
2026-05-11 16:15:13.275853,B0DS5HPJ1M,Alien Adult Activity Book,2404946,UFOs (Books),2307
2026-05-11 16:15:13.275856,B0DS5HPJ1M,Alien Adult Activity Book,2404946,Logic & Brain Teasers (Books),5511
2026-05-11 16:15:13.275856,B0DS5HPJ1M,Alien Adult Activity Book,2404946,Puzzles (Books),11041
2026-05-11 16:15:29.665493,B0FJ8TFSZ1,Fall Word Search,6615437,Holidays (Books),764
2026-05-11 16:15:29.665495,B0FJ8TFSZ1,Fall Word Search,6615437,Word Search Games,32114
2026-05-11 16:15:29.665496,B0FJ8TFSZ1,Fall Word Search,6615437,Word Games (Books),34290
2026-05-11 16:15:45.975098,B0G4GQL5TG,Winter Word Search,9468495,Holidays (Books),1070
2026-05-11 16:15:45.975100,B0G4GQL5TG,Winter Word Search,9468495,Word Search Games,47670
2026-05-11 16:15:45.975101,B0G4GQL5TG,Winter Word Search,9468495,Word Games (Books),50394
2026-05-11 16:16:02.324161,B0G5Z47WY7,Christmas Word Search,9468029,Holidays (Books),1069
2026-05-11 16:16:02.324164,B0G5Z47WY7,Christmas Word Search,9468029,Word Search Games,47651
2026-05-11 16:16:02.324164,B0G5Z47WY7,Christmas Word Search,9468029,Word Games (Books),50374
2026-05-11 16:16:18.489207,B0D2HQ2N8G,Cryptids Word Search Large Print,,,
2026-05-11 16:16:35.034633,B0CVNHV3CV,Cryptids Word Search,3896074,Ancient & Controversial Knowledge,3930
2026-05-11 16:16:35.034635,B0CVNHV3CV,Cryptids Word Search,3896074,Unexplained Mysteries (Books),5184
2026-05-11 16:16:35.034636,B0CVNHV3CV,Cryptids Word Search,3896074,Word Search Games,17283
2026-05-11 16:16:51.171232,B0D429W5H1,Sasquatch Word Search,3942650,Unexplained Mysteries (Books),5235
2026-05-11 16:16:51.171235,B0D429W5H1,Sasquatch Word Search,3942650,Word Search Games,17481
2026-05-11 16:16:51.171235,B0D429W5H1,Sasquatch Word Search,3942650,Word Games (Books),19013
2026-05-11 16:17:07.258034,B0D429WWSQ,Sasquatch Word Search,2870215,Unexplained Mysteries (Books),4094
2026-05-11 16:17:07.258036,B0D429WWSQ,Sasquatch Word Search,2870215,Word Search Games,12549
2026-05-11 16:17:07.258036,B0D429WWSQ,Sasquatch Word Search,2870215,Word Games (Books),13811
2026-05-11 16:17:23.619339,B0D22PKCGW,Alien Word Search Large Print,4212276,UFOs (Books),3487
2026-05-11 16:17:23.619341,B0D22PKCGW,Alien Word Search Large Print,4212276,Ancient & Controversial Knowledge,4186
2026-05-11 16:17:23.619342,B0D22PKCGW,Alien Word Search Large Print,4212276,Word Search Games,18833
2026-05-11 16:17:40.104506,B0CTPR6KZ4,Alien Word Search,2369943,UFOs (Books),2275
2026-05-11 16:17:40.104508,B0CTPR6KZ4,Alien Word Search,2369943,Ancient & Controversial Knowledge,2630
2026-05-11 16:17:40.104509,B0CTPR6KZ4,Alien Word Search,2369943,Word Search Games,10327
2026-05-11 19:07:14.636447,B0CSZDC243,Haunted Word Search,,,
2026-05-11 19:07:31.478753,B0D3XXZRRC,Witches Word Search,6247652,Witchcraft Religion & Spirituality,7299
2026-05-11 19:07:31.478758,B0D3XXZRRC,Witches Word Search,6247652,Spiritualism,10508
2026-05-11 19:07:31.478759,B0D3XXZRRC,Witches Word Search,6247652,Word Search Games,30123
2026-05-11 19:07:47.760153,B0D3XXY1HV,Witches Word Search Large Print,,,
2026-05-11 19:08:03.966019,B0G43ZNNRX,Weather Word Search Large Print,,,
2026-05-11 19:08:20.391835,B0D97NFBG2,Weather Word Search,792992,Natural Disasters (Books),296
2026-05-11 19:08:20.391837,B0D97NFBG2,Weather Word Search,792992,Weather (Books),345
2026-05-11 19:08:20.391838,B0D97NFBG2,Weather Word Search,792992,Word Search Games,3828
2026-05-11 19:08:36.784152,B0D9B6HKC8,Space Word Search,9174537,Solar System (Books),828
2026-05-11 19:08:36.784155,B0D9B6HKC8,Space Word Search,9174537,Astronomy (Books),10539
2026-05-11 19:08:36.784156,B0D9B6HKC8,Space Word Search,9174537,Word Search Games,45496
2026-05-11 19:08:53.178092,B0D986WRQY,Ocean Word Search,,,
2026-05-11 19:09:09.384934,B0D9D6QJKD,Earth Science Word Search,,,
2026-05-11 19:09:25.894534,B0D9DRYQSH,Animal Word Search,,,
2026-05-11 19:09:42.185516,B0FPDF7GQV,Halloween Word Search,7670092,Holidays (Books),888
2026-05-11 19:09:42.185518,B0FPDF7GQV,Halloween Word Search,7670092,Customs & Traditions Social Sciences,5727
2026-05-11 19:09:42.185519,B0FPDF7GQV,Halloween Word Search,7670092,Ghosts & Hauntings,5893
2026-05-11 19:09:58.726879,B0DXP99LNN,Spring Word Search,6159035,Gardening & Landscape Design,27138
2026-05-11 19:09:58.726881,B0DXP99LNN,Spring Word Search,6159035,Word Search Games,29507
2026-05-11 19:09:58.726882,B0DXP99LNN,Spring Word Search,6159035,Word Games (Books),31587
2026-05-11 19:10:15.099967,B0F61TRMXM,Summer Word Search,,,
2026-05-11 19:10:31.516923,B0DTKGRKC2,Romance Word Search,8242988,Humorous Erotica (Books),22542
2026-05-11 19:10:31.516926,B0DTKGRKC2,Romance Word Search,8242988,Romantic Erotica (Books),36807
2026-05-11 19:10:31.516927,B0DTKGRKC2,Romance Word Search,8242988,Word Search Games,41008
2026-05-11 19:10:47.906375,B0DS5HPJ1M,Alien Adult Activity Book,2405798,UFOs (Books),2314
2026-05-11 19:10:47.906377,B0DS5HPJ1M,Alien Adult Activity Book,2405798,Logic & Brain Teasers (Books),5520
2026-05-11 19:10:47.906378,B0DS5HPJ1M,Alien Adult Activity Book,2405798,Puzzles (Books),11075
2026-05-11 19:11:04.506282,B0FJ8TFSZ1,Fall Word Search,6616304,Holidays (Books),765
2026-05-11 19:11:04.506285,B0FJ8TFSZ1,Fall Word Search,6616304,Word Search Games,32149
2026-05-11 19:11:04.506285,B0FJ8TFSZ1,Fall Word Search,6616304,Word Games (Books),34327
2026-05-11 19:11:21.299915,B0G4GQL5TG,Winter Word Search,9469449,Holidays (Books),1071
2026-05-11 19:11:21.299921,B0G4GQL5TG,Winter Word Search,9469449,Word Search Games,47703
2026-05-11 19:11:21.299922,B0G4GQL5TG,Winter Word Search,9469449,Word Games (Books),50429
2026-05-11 19:11:38.276864,B0G5Z47WY7,Christmas Word Search,9468983,Holidays (Books),1070
2026-05-11 19:11:38.276869,B0G5Z47WY7,Christmas Word Search,9468983,Word Search Games,47684
2026-05-11 19:11:38.276872,B0G5Z47WY7,Christmas Word Search,9468983,Word Games (Books),50409
2026-05-11 19:11:54.817655,B0D2HQ2N8G,Cryptids Word Search Large Print,,,
2026-05-11 19:12:11.150947,B0CVNHV3CV,Cryptids Word Search,3896928,Ancient & Controversial Knowledge,3931
2026-05-11 19:12:11.150950,B0CVNHV3CV,Cryptids Word Search,3896928,Unexplained Mysteries (Books),5188
2026-05-11 19:12:11.150951,B0CVNHV3CV,Cryptids Word Search,3896928,Word Search Games,17322
2026-05-11 19:12:27.613852,B0D429W5H1,Sasquatch Word Search,3943505,Unexplained Mysteries (Books),5239
2026-05-11 19:12:27.613855,B0D429W5H1,Sasquatch Word Search,3943505,Word Search Games,17520
2026-05-11 19:12:27.613856,B0D429W5H1,Sasquatch Word Search,3943505,Word Games (Books),19054
2026-05-11 19:12:44.106594,B0D429WWSQ,Sasquatch Word Search,2871069,Unexplained Mysteries (Books),4098
2026-05-11 19:12:44.106597,B0D429WWSQ,Sasquatch Word Search,2871069,Word Search Games,12578
2026-05-11 19:12:44.106597,B0D429WWSQ,Sasquatch Word Search,2871069,Word Games (Books),13842
2026-05-11 19:13:00.833269,B0D22PKCGW,Alien Word Search Large Print,4213138,UFOs (Books),3494
2026-05-11 19:13:00.833271,B0D22PKCGW,Alien Word Search Large Print,4213138,Ancient & Controversial Knowledge,4187
2026-05-11 19:13:00.833272,B0D22PKCGW,Alien Word Search Large Print,4213138,Word Search Games,18871
2026-05-11 19:13:17.153928,B0CTPR6KZ4,Alien Word Search,2370794,UFOs (Books),2282
2026-05-11 19:13:17.153932,B0CTPR6KZ4,Alien Word Search,2370794,Ancient & Controversial Knowledge,2631
2026-05-11 19:13:17.153933,B0CTPR6KZ4,Alien Word Search,2370794,Word Search Games,10358
2026-05-11 21:25:22.413768,B0D9JQ33BX,Paranormal Word Search,,,
2026-05-11 21:25:39.216907,B0D1MYMVCC,Haunted Word Search Large Print,,,
2026-05-11 21:25:55.487673,B0CSZDC243,Haunted Word Search,6857395,Ghosts & Hauntings,5535
2026-05-11 21:25:55.487676,B0CSZDC243,Haunted Word Search,6857395,Psychic Phenomena,7065
2026-05-11 21:25:55.487676,B0CSZDC243,Haunted Word Search,6857395,Supernaturalism (Books),8552
2026-05-11 21:26:12.059945,B0D3XXZRRC,Witches Word Search,6248257,Witchcraft Religion & Spirituality,7299
2026-05-11 21:26:12.059952,B0D3XXZRRC,Witches Word Search,6248257,Spiritualism,10508
2026-05-11 21:26:12.059953,B0D3XXZRRC,Witches Word Search,6248257,Word Search Games,30121
2026-05-11 21:26:28.353230,B0D3XXY1HV,Witches Word Search Large Print,,,
2026-05-11 21:26:44.514944,B0G43ZNNRX,Weather Word Search Large Print,,,
2026-05-11 21:27:00.854697,B0D97NFBG2,Weather Word Search,793727,Natural Disasters (Books),296
2026-05-11 21:27:00.854698,B0D97NFBG2,Weather Word Search,793727,Weather (Books),345
2026-05-11 21:27:00.854699,B0D97NFBG2,Weather Word Search,793727,Word Search Games,3826
2026-05-11 21:27:17.303337,B0D9B6HKC8,Space Word Search,9175021,Solar System (Books),828
2026-05-11 21:27:17.303339,B0D9B6HKC8,Space Word Search,9175021,Astronomy (Books),10538
2026-05-11 21:27:17.303339,B0D9B6HKC8,Space Word Search,9175021,Word Search Games,45494
2026-05-11 21:27:33.662950,B0D986WRQY,Ocean Word Search,,,
2026-05-11 21:27:49.842688,B0D9D6QJKD,Earth Science Word Search,,,
2026-05-11 21:28:06.124825,B0D9DRYQSH,Animal Word Search,,,
2026-05-11 21:28:22.399590,B0FPDF7GQV,Halloween Word Search,7670638,Holidays (Books),888
2026-05-11 21:28:22.399592,B0FPDF7GQV,Halloween Word Search,7670638,Customs & Traditions Social Sciences,5727
2026-05-11 21:28:22.399593,B0FPDF7GQV,Halloween Word Search,7670638,Ghosts & Hauntings,5893
2026-05-11 21:28:38.693736,B0DXP99LNN,Spring Word Search,6159645,Gardening & Landscape Design,27138
2026-05-11 21:28:38.693739,B0DXP99LNN,Spring Word Search,6159645,Word Search Games,29505
2026-05-11 21:28:38.693739,B0DXP99LNN,Spring Word Search,6159645,Word Games (Books),31585
2026-05-11 21:28:54.974962,B0F61TRMXM,Summer Word Search,,,
2026-05-11 21:29:11.373558,B0DTKGRKC2,Romance Word Search,8243518,Humorous Erotica (Books),22541
2026-05-11 21:29:11.373560,B0DTKGRKC2,Romance Word Search,8243518,Romantic Erotica (Books),36806
2026-05-11 21:29:11.373561,B0DTKGRKC2,Romance Word Search,8243518,Word Search Games,41006
2026-05-11 21:29:27.834382,B0DS5HPJ1M,Alien Adult Activity Book,2406518,UFOs (Books),2314
2026-05-11 21:29:27.834384,B0DS5HPJ1M,Alien Adult Activity Book,2406518,Logic & Brain Teasers (Books),5519
2026-05-11 21:29:27.834385,B0DS5HPJ1M,Alien Adult Activity Book,2406518,Puzzles (Books),11075
2026-05-11 21:29:44.281765,B0FJ8TFSZ1,Fall Word Search,6616899,Holidays (Books),765
2026-05-11 21:29:44.281768,B0FJ8TFSZ1,Fall Word Search,6616899,Word Search Games,32147
2026-05-11 21:29:44.281768,B0FJ8TFSZ1,Fall Word Search,6616899,Word Games (Books),34325
2026-05-11 21:30:00.669961,B0G4GQL5TG,Winter Word Search,9469915,Holidays (Books),1071
2026-05-11 21:30:00.669963,B0G4GQL5TG,Winter Word Search,9469915,Word Search Games,47700
2026-05-11 21:30:00.669964,B0G4GQL5TG,Winter Word Search,9469915,Word Games (Books),50426
2026-05-11 21:30:16.952155,B0G5Z47WY7,Christmas Word Search,9469449,Holidays (Books),1070
2026-05-11 21:30:16.952159,B0G5Z47WY7,Christmas Word Search,9469449,Word Search Games,47681
2026-05-11 21:30:16.952160,B0G5Z47WY7,Christmas Word Search,9469449,Word Games (Books),50406
2026-05-11 21:30:33.143261,B0D2HQ2N8G,Cryptids Word Search Large Print,,,
2026-05-11 21:30:49.402699,B0CVNHV3CV,Cryptids Word Search,3897607,Ancient & Controversial Knowledge,3931
2026-05-11 21:30:49.402701,B0CVNHV3CV,Cryptids Word Search,3897607,Unexplained Mysteries (Books),5188
2026-05-11 21:30:49.402702,B0CVNHV3CV,Cryptids Word Search,3897607,Word Search Games,17320
2026-05-11 21:31:05.630967,B0D429W5H1,Sasquatch Word Search,3944183,Unexplained Mysteries (Books),5239
2026-05-11 21:31:05.630969,B0D429W5H1,Sasquatch Word Search,3944183,Word Search Games,17518
2026-05-11 21:31:05.630970,B0D429W5H1,Sasquatch Word Search,3944183,Word Games (Books),19052
2026-05-11 21:31:21.910328,B0D429WWSQ,Sasquatch Word Search,2871779,Unexplained Mysteries (Books),4098
2026-05-11 21:31:21.910330,B0D429WWSQ,Sasquatch Word Search,2871779,Word Search Games,12576
2026-05-11 21:31:21.910331,B0D429WWSQ,Sasquatch Word Search,2871779,Word Games (Books),13840
2026-05-11 21:31:38.565244,B0D22PKCGW,Alien Word Search Large Print,4213807,UFOs (Books),3494
2026-05-11 21:31:38.565245,B0D22PKCGW,Alien Word Search Large Print,4213807,Ancient & Controversial Knowledge,4187
2026-05-11 21:31:38.565246,B0D22PKCGW,Alien Word Search Large Print,4213807,Word Search Games,18869
2026-05-11 21:31:54.869268,B0CTPR6KZ4,Alien Word Search,2371515,UFOs (Books),2282
2026-05-11 21:31:54.869270,B0CTPR6KZ4,Alien Word Search,2371515,Ancient & Controversial Knowledge,2631
2026-05-11 21:31:54.869271,B0CTPR6KZ4,Alien Word Search,2371515,Word Search Games,10356
2026-05-11 23:21:15.343011,B0FPDF7GQV,Halloween Word Search,,,
2026-05-11 23:21:32.016784,B0DXP99LNN,Spring Word Search,6161861,Gardening & Landscape Design,27148
2026-05-11 23:21:32.016786,B0DXP99LNN,Spring Word Search,6161861,Word Search Games,29503
2026-05-11 23:21:32.016787,B0DXP99LNN,Spring Word Search,6161861,Word Games (Books),31585
2026-05-11 23:21:48.586255,B0F61TRMXM,Summer Word Search,,,
2026-05-11 23:22:04.694028,B0DTKGRKC2,Romance Word Search,8245111,Humorous Erotica (Books),22542
2026-05-11 23:22:04.694030,B0DTKGRKC2,Romance Word Search,8245111,Romantic Erotica (Books),36810
2026-05-11 23:22:04.694030,B0DTKGRKC2,Romance Word Search,8245111,Word Search Games,41002
2026-05-11 23:22:21.016537,B0DS5HPJ1M,Alien Adult Activity Book,2415649,UFOs (Books),2319
2026-05-11 23:22:21.016543,B0DS5HPJ1M,Alien Adult Activity Book,2415649,Logic & Brain Teasers (Books),5531
2026-05-11 23:22:21.016544,B0DS5HPJ1M,Alien Adult Activity Book,2415649,Puzzles (Books),11106
2026-05-11 23:22:37.243894,B0FJ8TFSZ1,Fall Word Search,6619261,Holidays (Books),765
2026-05-11 23:22:37.243896,B0FJ8TFSZ1,Fall Word Search,6619261,Word Search Games,32145
2026-05-11 23:22:37.243897,B0FJ8TFSZ1,Fall Word Search,6619261,Word Games (Books),34325
2026-05-11 23:22:53.458685,B0G4GQL5TG,Winter Word Search,9470817,Holidays (Books),1071
2026-05-11 23:22:53.458687,B0G4GQL5TG,Winter Word Search,9470817,Word Search Games,47695
2026-05-11 23:22:53.458688,B0G4GQL5TG,Winter Word Search,9470817,Word Games (Books),50423
2026-05-11 23:23:09.617199,B0G5Z47WY7,Christmas Word Search,9470624,Holidays (Books),1070
2026-05-11 23:23:09.617202,B0G5Z47WY7,Christmas Word Search,9470624,Word Search Games,47677
2026-05-11 23:23:09.617203,B0G5Z47WY7,Christmas Word Search,9470624,Word Games (Books),50404
2026-05-11 23:23:25.677036,B0D2HQ2N8G,Cryptids Word Search Large Print,,,
2026-05-11 23:23:41.898743,B0CVNHV3CV,Cryptids Word Search,3903066,Ancient & Controversial Knowledge,3942
2026-05-11 23:23:41.898745,B0CVNHV3CV,Cryptids Word Search,3903066,Unexplained Mysteries (Books),5196
2026-05-11 23:23:41.898746,B0CVNHV3CV,Cryptids Word Search,3903066,Word Search Games,17333
2026-05-11 23:23:58.031782,B0D429W5H1,Sasquatch Word Search,3948978,Unexplained Mysteries (Books),5247
2026-05-11 23:23:58.031784,B0D429W5H1,Sasquatch Word Search,3948978,Word Search Games,17530
2026-05-11 23:23:58.031785,B0D429W5H1,Sasquatch Word Search,3948978,Word Games (Books),19066
2026-05-11 23:24:14.179289,B0D429WWSQ,Sasquatch Word Search,2879773,Unexplained Mysteries (Books),4108
2026-05-11 23:24:14.179291,B0D429WWSQ,Sasquatch Word Search,2879773,Word Search Games,12593
2026-05-11 23:24:14.179292,B0D429WWSQ,Sasquatch Word Search,2879773,Word Games (Books),13860
2026-05-11 23:24:30.465576,B0D22PKCGW,Alien Word Search Large Print,4218734,UFOs (Books),3495
2026-05-11 23:24:30.465604,B0D22PKCGW,Alien Word Search Large Print,4218734,Ancient & Controversial Knowledge,4194
2026-05-11 23:24:30.465606,B0D22PKCGW,Alien Word Search Large Print,4218734,Word Search Games,18880
2026-05-11 23:24:46.560221,B0CTPR6KZ4,Alien Word Search,2381422,UFOs (Books),2287
2026-05-11 23:24:46.560223,B0CTPR6KZ4,Alien Word Search,2381422,Ancient & Controversial Knowledge,2644
2026-05-11 23:24:46.560224,B0CTPR6KZ4,Alien Word Search,2381422,Word Search Games,10378
2026-05-12 03:59:16.191886,B0D1MYMVCC,Haunted Word Search Large Print,,,
2026-05-12 03:59:33.175417,B0CSZDC243,Haunted Word Search,6849110,Ghosts & Hauntings,5530
2026-05-12 03:59:33.175420,B0CSZDC243,Haunted Word Search,6849110,Psychic Phenomena,7060
2026-05-12 03:59:33.175421,B0CSZDC243,Haunted Word Search,6849110,Supernaturalism (Books),8554
2026-05-12 03:59:49.747383,B0D3XXZRRC,Witches Word Search,6265783,Witchcraft Religion & Spirituality,7315
2026-05-12 03:59:49.747389,B0D3XXZRRC,Witches Word Search,6265783,Spiritualism,10525
2026-05-12 03:59:49.747390,B0D3XXZRRC,Witches Word Search,6265783,Word Search Games,30246
2026-05-12 04:00:06.326568,B0D3XXY1HV,Witches Word Search Large Print,,,
2026-05-12 04:00:22.426180,B0G43ZNNRX,Weather Word Search Large Print,,,
2026-05-12 04:00:38.750681,B0D97NFBG2,Weather Word Search,900070,Natural Disasters (Books),319
2026-05-12 04:00:38.750685,B0D97NFBG2,Weather Word Search,900070,Weather (Books),401
2026-05-12 04:00:38.750686,B0D97NFBG2,Weather Word Search,900070,Word Search Games,4228
2026-05-12 04:00:55.119502,B0D9B6HKC8,Space Word Search,9174281,Solar System (Books),829
2026-05-12 04:00:55.119504,B0D9B6HKC8,Space Word Search,9174281,Astronomy (Books),10538
2026-05-12 04:00:55.119505,B0D9B6HKC8,Space Word Search,9174281,Word Search Games,45503
2026-05-12 04:01:11.799924,B0D986WRQY,Ocean Word Search,,,
2026-05-12 04:01:28.839727,B0D9D6QJKD,Earth Science Word Search,,,
2026-05-12 04:01:45.340266,B0D9DRYQSH,Animal Word Search,,,
2026-05-12 04:02:01.832520,B0FPDF7GQV,Halloween Word Search,7671109,Holidays (Books),887
2026-05-12 04:02:01.832522,B0FPDF7GQV,Halloween Word Search,7671109,Customs & Traditions Social Sciences,5730
2026-05-12 04:02:01.832523,B0FPDF7GQV,Halloween Word Search,7671109,Ghosts & Hauntings,5893
2026-05-12 04:02:18.391520,B0DXP99LNN,Spring Word Search,6150796,Gardening & Landscape Design,27118
2026-05-12 04:02:18.391522,B0DXP99LNN,Spring Word Search,6150796,Word Search Games,29454
2026-05-12 04:02:18.391523,B0DXP99LNN,Spring Word Search,6150796,Word Games (Books),31534
2026-05-12 04:02:35.237012,B0F61TRMXM,Summer Word Search,,,
2026-05-12 04:02:52.208127,B0DTKGRKC2,Romance Word Search,8234949,Humorous Erotica (Books),22540
2026-05-12 04:02:52.208157,B0DTKGRKC2,Romance Word Search,8234949,Romantic Erotica (Books),36802
2026-05-12 04:02:52.208159,B0DTKGRKC2,Romance Word Search,8234949,Word Search Games,40971
2026-05-12 04:03:08.815724,B0DS5HPJ1M,Alien Adult Activity Book,2433777,UFOs (Books),2340
2026-05-12 04:03:08.815726,B0DS5HPJ1M,Alien Adult Activity Book,2433777,Logic & Brain Teasers (Books),5580
2026-05-12 04:03:08.815727,B0DS5HPJ1M,Alien Adult Activity Book,2433777,Puzzles (Books),11201
2026-05-12 04:03:25.416056,B0FJ8TFSZ1,Fall Word Search,6606654,Holidays (Books),765
2026-05-12 04:03:25.416058,B0FJ8TFSZ1,Fall Word Search,6606654,Word Search Games,32103
2026-05-12 04:03:25.416059,B0FJ8TFSZ1,Fall Word Search,6606654,Word Games (Books),34281
2026-05-12 04:03:42.022615,B0G4GQL5TG,Winter Word Search,9468856,Holidays (Books),1071
2026-05-12 04:03:42.022617,B0G4GQL5TG,Winter Word Search,9468856,Word Search Games,47709
2026-05-12 04:03:42.022618,B0G4GQL5TG,Winter Word Search,9468856,Word Games (Books),50437
2026-05-12 04:03:58.529505,B0G5Z47WY7,Christmas Word Search,9468390,Holidays (Books),1070
2026-05-12 04:03:58.529507,B0G5Z47WY7,Christmas Word Search,9468390,Word Search Games,47690
2026-05-12 04:03:58.529508,B0G5Z47WY7,Christmas Word Search,9468390,Word Games (Books),50417
2026-05-12 04:04:14.868965,B0D2HQ2N8G,Cryptids Word Search Large Print,,,
2026-05-12 04:04:31.285610,B0CVNHV3CV,Cryptids Word Search,3875688,Ancient & Controversial Knowledge,3923
2026-05-12 04:04:31.285613,B0CVNHV3CV,Cryptids Word Search,3875688,Unexplained Mysteries (Books),5177
2026-05-12 04:04:31.285613,B0CVNHV3CV,Cryptids Word Search,3875688,Word Search Games,17247
2026-05-12 04:04:47.777727,B0D429W5H1,Sasquatch Word Search,3923254,Unexplained Mysteries (Books),5232
2026-05-12 04:04:47.777730,B0D429W5H1,Sasquatch Word Search,3923254,Word Search Games,17458
2026-05-12 04:04:47.777730,B0D429W5H1,Sasquatch Word Search,3923254,Word Games (Books),18986
2026-05-12 04:05:04.327351,B0D429WWSQ,Sasquatch Word Search,2913060,Unexplained Mysteries (Books),4150
2026-05-12 04:05:04.327353,B0D429WWSQ,Sasquatch Word Search,2913060,Word Search Games,12744
2026-05-12 04:05:04.327353,B0D429WWSQ,Sasquatch Word Search,2913060,Word Games (Books),14013
2026-05-12 04:05:20.758372,B0D22PKCGW,Alien Word Search Large Print,4202388,UFOs (Books),3493
2026-05-12 04:05:20.758374,B0D22PKCGW,Alien Word Search Large Print,4202388,Ancient & Controversial Knowledge,4188
2026-05-12 04:05:20.758375,B0D22PKCGW,Alien Word Search Large Print,4202388,Word Search Games,18814
2026-05-12 04:05:37.158974,B0CTPR6KZ4,Alien Word Search,2394543,UFOs (Books),2306
2026-05-12 04:05:37.158976,B0CTPR6KZ4,Alien Word Search,2394543,Ancient & Controversial Knowledge,2649
2026-05-12 04:05:37.158977,B0CTPR6KZ4,Alien Word Search,2394543,Word Search Games,10455
2026-05-12 06:44:50.116836,B0D9JQ33BX,Paranormal Word Search,,,
2026-05-12 06:45:07.266113,B0D1MYMVCC,Haunted Word Search Large Print,,,
2026-05-12 06:45:23.704807,B0CSZDC243,Haunted Word Search,6849393,Ghosts & Hauntings,5530
2026-05-12 06:45:23.704810,B0CSZDC243,Haunted Word Search,6849393,Psychic Phenomena,7060
2026-05-12 06:45:23.704811,B0CSZDC243,Haunted Word Search,6849393,Supernaturalism (Books),8553
2026-05-12 06:45:40.108501,B0D3XXZRRC,Witches Word Search,6266074,Witchcraft Religion & Spirituality,7315
2026-05-12 06:45:40.108506,B0D3XXZRRC,Witches Word Search,6266074,Spiritualism,10524
2026-05-12 06:45:40.108507,B0D3XXZRRC,Witches Word Search,6266074,Word Search Games,30247
2026-05-12 06:45:56.598311,B0D3XXY1HV,Witches Word Search Large Print,,,
2026-05-12 06:46:13.070065,B0G43ZNNRX,Weather Word Search Large Print,,,
2026-05-12 06:46:29.660958,B0D97NFBG2,Weather Word Search,900279,Natural Disasters (Books),319
2026-05-12 06:46:29.660961,B0D97NFBG2,Weather Word Search,900279,Weather (Books),401
2026-05-12 06:46:29.660961,B0D97NFBG2,Weather Word Search,900279,Word Search Games,4228
2026-05-12 06:46:46.109710,B0D9B6HKC8,Space Word Search,9174537,Solar System (Books),828
2026-05-12 06:46:46.109712,B0D9B6HKC8,Space Word Search,9174537,Astronomy (Books),10537
2026-05-12 06:46:46.109713,B0D9B6HKC8,Space Word Search,9174537,Word Search Games,45504
2026-05-12 06:47:02.669359,B0D986WRQY,Ocean Word Search,,,
2026-05-12 06:47:19.117208,B0D9D6QJKD,Earth Science Word Search,,,
2026-05-12 06:47:35.536759,B0D9DRYQSH,Animal Word Search,,,
2026-05-12 06:47:52.113264,B0FPDF7GQV,Halloween Word Search,7671385,Holidays (Books),887
2026-05-12 06:47:52.113267,B0FPDF7GQV,Halloween Word Search,7671385,Customs & Traditions Social Sciences,5730
2026-05-12 06:47:52.113267,B0FPDF7GQV,Halloween Word Search,7671385,Ghosts & Hauntings,5893
2026-05-12 06:48:08.585639,B0DXP99LNN,Spring Word Search,6151089,Gardening & Landscape Design,27117
2026-05-12 06:48:08.585641,B0DXP99LNN,Spring Word Search,6151089,Word Search Games,29455
2026-05-12 06:48:08.585642,B0DXP99LNN,Spring Word Search,6151089,Word Games (Books),31535
2026-05-12 06:48:25.064243,B0F61TRMXM,Summer Word Search,,,
2026-05-12 06:48:41.487597,B0DTKGRKC2,Romance Word Search,8235221,Humorous Erotica (Books),22536
2026-05-12 06:48:41.487603,B0DTKGRKC2,Romance Word Search,8235221,Romantic Erotica (Books),36797
2026-05-12 06:48:41.487604,B0DTKGRKC2,Romance Word Search,8235221,Word Search Games,40972
2026-05-12 06:48:58.135606,B0DS5HPJ1M,Alien Adult Activity Book,2434050,UFOs (Books),2340
2026-05-12 06:48:58.135608,B0DS5HPJ1M,Alien Adult Activity Book,2434050,Logic & Brain Teasers (Books),5580
2026-05-12 06:48:58.135608,B0DS5HPJ1M,Alien Adult Activity Book,2434050,Puzzles (Books),11201
2026-05-12 06:49:14.770461,B0FJ8TFSZ1,Fall Word Search,6606942,Holidays (Books),765
2026-05-12 06:49:14.770467,B0FJ8TFSZ1,Fall Word Search,6606942,Word Search Games,32104
2026-05-12 06:49:14.770468,B0FJ8TFSZ1,Fall Word Search,6606942,Word Games (Books),34282
2026-05-12 06:49:31.331456,B0G4GQL5TG,Winter Word Search,9469117,Holidays (Books),1071
2026-05-12 06:49:31.331458,B0G4GQL5TG,Winter Word Search,9469117,Word Search Games,47710
2026-05-12 06:49:31.331458,B0G4GQL5TG,Winter Word Search,9469117,Word Games (Books),50438
2026-05-12 06:49:47.827814,B0G5Z47WY7,Christmas Word Search,9468651,Holidays (Books),1070
2026-05-12 06:49:47.827816,B0G5Z47WY7,Christmas Word Search,9468651,Word Search Games,47691
2026-05-12 06:49:47.827816,B0G5Z47WY7,Christmas Word Search,9468651,Word Games (Books),50418
2026-05-12 06:50:04.110973,B0D2HQ2N8G,Cryptids Word Search Large Print,,,
2026-05-12 06:50:20.551974,B0CVNHV3CV,Cryptids Word Search,3875989,Ancient & Controversial Knowledge,3923
2026-05-12 06:50:20.551976,B0CVNHV3CV,Cryptids Word Search,3875989,Unexplained Mysteries (Books),5177
2026-05-12 06:50:20.551977,B0CVNHV3CV,Cryptids Word Search,3875989,Word Search Games,17248
2026-05-12 06:50:36.758795,B0D429W5H1,Sasquatch Word Search,3923554,Unexplained Mysteries (Books),5232
2026-05-12 06:50:36.758798,B0D429W5H1,Sasquatch Word Search,3923554,Word Search Games,17459
2026-05-12 06:50:36.758799,B0D429W5H1,Sasquatch Word Search,3923554,Word Games (Books),18987
2026-05-12 06:50:53.170592,B0D429WWSQ,Sasquatch Word Search,2913347,Unexplained Mysteries (Books),4150
2026-05-12 06:50:53.170594,B0D429WWSQ,Sasquatch Word Search,2913347,Word Search Games,12744
2026-05-12 06:50:53.170594,B0D429WWSQ,Sasquatch Word Search,2913347,Word Games (Books),14013
2026-05-12 06:51:09.733509,B0D22PKCGW,Alien Word Search Large Print,4202690,UFOs (Books),3493
2026-05-12 06:51:09.733511,B0D22PKCGW,Alien Word Search Large Print,4202690,Ancient & Controversial Knowledge,4188
2026-05-12 06:51:09.733512,B0D22PKCGW,Alien Word Search Large Print,4202690,Word Search Games,18815
2026-05-12 06:51:26.233138,B0CTPR6KZ4,Alien Word Search,2394815,UFOs (Books),2306
2026-05-12 06:51:26.233140,B0CTPR6KZ4,Alien Word Search,2394815,Ancient & Controversial Knowledge,2649
2026-05-12 06:51:26.233141,B0CTPR6KZ4,Alien Word Search,2394815,Word Search Games,10455
2026-05-12 10:02:16.742374,B0D9D6QJKD,Earth Science Word Search,,,
2026-05-12 10:02:33.455436,B0D9DRYQSH,Animal Word Search,,,
2026-05-12 10:02:49.835014,B0FPDF7GQV,Halloween Word Search,7678447,Holidays (Books),887
2026-05-12 10:02:49.835016,B0FPDF7GQV,Halloween Word Search,7678447,Customs & Traditions Social Sciences,5731
2026-05-12 10:02:49.835017,B0FPDF7GQV,Halloween Word Search,7678447,Ghosts & Hauntings,5894
2026-05-12 10:03:06.191254,B0DXP99LNN,Spring Word Search,6159908,Gardening & Landscape Design,27113
2026-05-12 10:03:06.191256,B0DXP99LNN,Spring Word Search,6159908,Word Search Games,29479
2026-05-12 10:03:06.191257,B0DXP99LNN,Spring Word Search,6159908,Word Games (Books),31566
2026-05-12 10:03:22.536529,B0F61TRMXM,Summer Word Search,,,
2026-05-12 10:03:38.815829,B0DTKGRKC2,Romance Word Search,8241621,Humorous Erotica (Books),22556
2026-05-12 10:03:38.815831,B0DTKGRKC2,Romance Word Search,8241621,Romantic Erotica (Books),36813
2026-05-12 10:03:38.815832,B0DTKGRKC2,Romance Word Search,8241621,Word Search Games,40979
2026-05-12 10:03:55.251514,B0DS5HPJ1M,Alien Adult Activity Book,2456995,UFOs (Books),2359
2026-05-12 10:03:55.251516,B0DS5HPJ1M,Alien Adult Activity Book,2456995,Logic & Brain Teasers (Books),5622
2026-05-12 10:03:55.251516,B0DS5HPJ1M,Alien Adult Activity Book,2456995,Puzzles (Books),11269
2026-05-12 10:04:11.739654,B0FJ8TFSZ1,Fall Word Search,6615200,Holidays (Books),765
2026-05-12 10:04:11.739657,B0FJ8TFSZ1,Fall Word Search,6615200,Word Search Games,32124
2026-05-12 10:04:11.739658,B0FJ8TFSZ1,Fall Word Search,6615200,Word Games (Books),34309
2026-05-12 10:04:28.259311,B0G4GQL5TG,Winter Word Search,9474108,Holidays (Books),1071
2026-05-12 10:04:28.259313,B0G4GQL5TG,Winter Word Search,9474108,Word Search Games,47714
2026-05-12 10:04:28.259314,B0G4GQL5TG,Winter Word Search,9474108,Word Games (Books),50446
2026-05-12 10:04:44.649713,B0G5Z47WY7,Christmas Word Search,9473643,Holidays (Books),1070
2026-05-12 10:04:44.649715,B0G5Z47WY7,Christmas Word Search,9473643,Word Search Games,47695
2026-05-12 10:04:44.649716,B0G5Z47WY7,Christmas Word Search,9473643,Word Games (Books),50426
2026-05-12 10:05:00.872989,B0D2HQ2N8G,Cryptids Word Search Large Print,,,
2026-05-12 10:05:17.228536,B0CVNHV3CV,Cryptids Word Search,3890750,Ancient & Controversial Knowledge,3933
2026-05-12 10:05:17.228539,B0CVNHV3CV,Cryptids Word Search,3890750,Unexplained Mysteries (Books),5180
2026-05-12 10:05:17.228539,B0CVNHV3CV,Cryptids Word Search,3890750,Word Search Games,17278
2026-05-12 10:05:33.498342,B0D429W5H1,Sasquatch Word Search,3938139,Unexplained Mysteries (Books),5234
2026-05-12 10:05:33.498344,B0D429W5H1,Sasquatch Word Search,3938139,Word Search Games,17491
2026-05-12 10:05:33.498345,B0D429W5H1,Sasquatch Word Search,3938139,Word Games (Books),19028
2026-05-12 10:05:49.890496,B0D429WWSQ,Sasquatch Word Search,2932879,Unexplained Mysteries (Books),4165
2026-05-12 10:05:49.890498,B0D429WWSQ,Sasquatch Word Search,2932879,Word Search Games,12789
2026-05-12 10:05:49.890499,B0D429WWSQ,Sasquatch Word Search,2932879,Word Games (Books),14069
2026-05-12 10:06:06.263878,B0D22PKCGW,Alien Word Search Large Print,4216266,UFOs (Books),3498
2026-05-12 10:06:06.263880,B0D22PKCGW,Alien Word Search Large Print,4216266,Ancient & Controversial Knowledge,4199
2026-05-12 10:06:06.263881,B0D22PKCGW,Alien Word Search Large Print,4216266,Word Search Games,18844
2026-05-12 10:06:22.588729,B0CTPR6KZ4,Alien Word Search,2418109,UFOs (Books),2325
2026-05-12 10:06:22.588731,B0CTPR6KZ4,Alien Word Search,2418109,Ancient & Controversial Knowledge,2669
2026-05-12 10:06:22.588732,B0CTPR6KZ4,Alien Word Search,2418109,Word Search Games,10515
2026-05-12 12:06:32.537847,B0CSZDC243,Haunted Word Search,6857090,Ghosts & Hauntings,5530
2026-05-12 12:06:32.537849,B0CSZDC243,Haunted Word Search,6857090,Psychic Phenomena,7058
2026-05-12 12:06:32.537850,B0CSZDC243,Haunted Word Search,6857090,Supernaturalism (Books),8556
2026-05-12 12:06:48.986934,B0D3XXZRRC,Witches Word Search,6274619,Witchcraft Religion & Spirituality,7316
2026-05-12 12:06:48.986940,B0D3XXZRRC,Witches Word Search,6274619,Spiritualism,10527
2026-05-12 12:06:48.986941,B0D3XXZRRC,Witches Word Search,6274619,Word Search Games,30269
2026-05-12 12:07:05.010931,B0D3XXY1HV,Witches Word Search Large Print,,,
2026-05-12 12:07:20.970728,B0G43ZNNRX,Weather Word Search Large Print,,,
2026-05-12 12:07:37.087089,B0D97NFBG2,Weather Word Search,950147,Natural Disasters (Books),337
2026-05-12 12:07:37.087091,B0D97NFBG2,Weather Word Search,950147,Weather (Books),425
2026-05-12 12:07:37.087092,B0D97NFBG2,Weather Word Search,950147,Word Search Games,4418
2026-05-12 12:07:53.226149,B0D9B6HKC8,Space Word Search,9179545,Solar System (Books),828
2026-05-12 12:07:53.226152,B0D9B6HKC8,Space Word Search,9179545,Astronomy (Books),10532
2026-05-12 12:07:53.226152,B0D9B6HKC8,Space Word Search,9179545,Word Search Games,45510
2026-05-12 12:08:09.470305,B0D986WRQY,Ocean Word Search,,,
2026-05-12 12:08:25.664878,B0D9D6QJKD,Earth Science Word Search,,,
2026-05-12 12:08:41.728181,B0D9DRYQSH,Animal Word Search,,,
2026-05-12 12:08:57.894889,B0FPDF7GQV,Halloween Word Search,7678252,Holidays (Books),887
2026-05-12 12:08:57.894891,B0FPDF7GQV,Halloween Word Search,7678252,Customs & Traditions Social Sciences,5731
2026-05-12 12:08:57.894891,B0FPDF7GQV,Halloween Word Search,7678252,Ghosts & Hauntings,5894
2026-05-12 12:09:14.276526,B0DXP99LNN,Spring Word Search,6159769,Gardening & Landscape Design,27112
2026-05-12 12:09:14.276529,B0DXP99LNN,Spring Word Search,6159769,Word Search Games,29479
2026-05-12 12:09:14.276529,B0DXP99LNN,Spring Word Search,6159769,Word Games (Books),31566
2026-05-12 12:09:30.445476,B0F61TRMXM,Summer Word Search,,,
2026-05-12 12:09:47.151126,B0DTKGRKC2,Romance Word Search,8241407,Humorous Erotica (Books),22542
2026-05-12 12:09:47.151128,B0DTKGRKC2,Romance Word Search,8241407,Romantic Erotica (Books),36813
2026-05-12 12:09:47.151129,B0DTKGRKC2,Romance Word Search,8241407,Word Search Games,40979
2026-05-12 12:10:03.250475,B0DS5HPJ1M,Alien Adult Activity Book,2456971,UFOs (Books),2359
2026-05-12 12:10:03.250478,B0DS5HPJ1M,Alien Adult Activity Book,2456971,Logic & Brain Teasers (Books),5622
2026-05-12 12:10:03.250478,B0DS5HPJ1M,Alien Adult Activity Book,2456971,Puzzles (Books),11268
2026-05-12 12:10:19.604622,B0FJ8TFSZ1,Fall Word Search,6615042,Holidays (Books),765
2026-05-12 12:10:19.604624,B0FJ8TFSZ1,Fall Word Search,6615042,Word Search Games,32124
2026-05-12 12:10:19.604625,B0FJ8TFSZ1,Fall Word Search,6615042,Word Games (Books),34309
2026-05-12 12:10:36.006935,B0G4GQL5TG,Winter Word Search,9473841,Holidays (Books),1071
2026-05-12 12:10:36.006938,B0G4GQL5TG,Winter Word Search,9473841,Word Search Games,47714
2026-05-12 12:10:36.006938,B0G4GQL5TG,Winter Word Search,9473841,Word Games (Books),50446
2026-05-12 12:10:52.224434,B0G5Z47WY7,Christmas Word Search,9473376,Holidays (Books),1070
2026-05-12 12:10:52.224440,B0G5Z47WY7,Christmas Word Search,9473376,Word Search Games,47695
2026-05-12 12:10:52.224440,B0G5Z47WY7,Christmas Word Search,9473376,Word Games (Books),50426
2026-05-12 12:11:08.357235,B0D2HQ2N8G,Cryptids Word Search Large Print,,,
2026-05-12 12:11:24.635760,B0CVNHV3CV,Cryptids Word Search,3890675,Ancient & Controversial Knowledge,3933
2026-05-12 12:11:24.635764,B0CVNHV3CV,Cryptids Word Search,3890675,Unexplained Mysteries (Books),5180
2026-05-12 12:11:24.635765,B0CVNHV3CV,Cryptids Word Search,3890675,Word Search Games,17278
2026-05-12 12:11:40.655988,B0D429W5H1,Sasquatch Word Search,3938061,Unexplained Mysteries (Books),5234
2026-05-12 12:11:40.655995,B0D429W5H1,Sasquatch Word Search,3938061,Word Search Games,17491
2026-05-12 12:11:40.655996,B0D429W5H1,Sasquatch Word Search,3938061,Word Games (Books),19028
2026-05-12 12:11:56.808407,B0D429WWSQ,Sasquatch Word Search,2932837,Unexplained Mysteries (Books),4165
2026-05-12 12:11:56.808409,B0D429WWSQ,Sasquatch Word Search,2932837,Word Search Games,12789
2026-05-12 12:11:56.808410,B0D429WWSQ,Sasquatch Word Search,2932837,Word Games (Books),14069
2026-05-12 12:12:14.770107,B0D22PKCGW,Alien Word Search Large Print,4216181,UFOs (Books),3498
2026-05-12 12:12:14.770109,B0D22PKCGW,Alien Word Search Large Print,4216181,Ancient & Controversial Knowledge,4199
2026-05-12 12:12:14.770110,B0D22PKCGW,Alien Word Search Large Print,4216181,Word Search Games,18844
2026-05-12 12:12:31.314202,B0CTPR6KZ4,Alien Word Search,2418086,UFOs (Books),2325
2026-05-12 12:12:31.314205,B0CTPR6KZ4,Alien Word Search,2418086,Ancient & Controversial Knowledge,2669
2026-05-12 12:12:31.314206,B0CTPR6KZ4,Alien Word Search,2418086,Word Search Games,10515
2026-05-12 15:48:48.730153,B0D3XXZRRC,Witches Word Search,6278280,Witchcraft Religion & Spirituality,7317
2026-05-12 15:48:48.730156,B0D3XXZRRC,Witches Word Search,6278280,Spiritualism,10534
2026-05-12 15:48:48.730156,B0D3XXZRRC,Witches Word Search,6278280,Word Search Games,30278
2026-05-12 15:49:04.883460,B0D3XXY1HV,Witches Word Search Large Print,,,
2026-05-12 15:49:21.530337,B0G43ZNNRX,Weather Word Search Large Print,,,
2026-05-12 15:49:37.691490,B0D97NFBG2,Weather Word Search,969082,Natural Disasters (Books),347
2026-05-12 15:49:37.691492,B0D97NFBG2,Weather Word Search,969082,Weather (Books),436
2026-05-12 15:49:37.691493,B0D97NFBG2,Weather Word Search,969082,Word Search Games,4484
2026-05-12 15:49:53.830037,B0D9B6HKC8,Space Word Search,9182089,Solar System (Books),828
2026-05-12 15:49:53.830039,B0D9B6HKC8,Space Word Search,9182089,Astronomy (Books),10532
2026-05-12 15:49:53.830040,B0D9B6HKC8,Space Word Search,9182089,Word Search Games,45510
2026-05-12 15:50:10.118665,B0D986WRQY,Ocean Word Search,,,
2026-05-12 15:50:26.310686,B0D9D6QJKD,Earth Science Word Search,,,
2026-05-12 15:50:42.567595,B0D9DRYQSH,Animal Word Search,,,
2026-05-12 15:50:58.819718,B0FPDF7GQV,Halloween Word Search,7681277,Holidays (Books),887
2026-05-12 15:50:58.819720,B0FPDF7GQV,Halloween Word Search,7681277,Customs & Traditions Social Sciences,5731
2026-05-12 15:50:58.819721,B0FPDF7GQV,Halloween Word Search,7681277,Ghosts & Hauntings,5896
2026-05-12 15:51:15.238555,B0DXP99LNN,Spring Word Search,6163490,Gardening & Landscape Design,27121
2026-05-12 15:51:15.238557,B0DXP99LNN,Spring Word Search,6163490,Word Search Games,29489
2026-05-12 15:51:15.238558,B0DXP99LNN,Spring Word Search,6163490,Word Games (Books),31577
2026-05-12 15:51:31.491268,B0F61TRMXM,Summer Word Search,,,
2026-05-12 15:51:47.867438,B0DTKGRKC2,Romance Word Search,8244236,Humorous Erotica (Books),22538
2026-05-12 15:51:47.867441,B0DTKGRKC2,Romance Word Search,8244236,Romantic Erotica (Books),36801
2026-05-12 15:51:47.867441,B0DTKGRKC2,Romance Word Search,8244236,Word Search Games,40982
2026-05-12 15:52:04.169375,B0DS5HPJ1M,Alien Adult Activity Book,2466045,UFOs (Books),2367
2026-05-12 15:52:04.169377,B0DS5HPJ1M,Alien Adult Activity Book,2466045,Logic & Brain Teasers (Books),5633
2026-05-12 15:52:04.169378,B0DS5HPJ1M,Alien Adult Activity Book,2466045,Puzzles (Books),11303
2026-05-12 15:52:20.355696,B0FJ8TFSZ1,Fall Word Search,6618528,Holidays (Books),765
2026-05-12 15:52:20.355698,B0FJ8TFSZ1,Fall Word Search,6618528,Word Search Games,32132
2026-05-12 15:52:20.355698,B0FJ8TFSZ1,Fall Word Search,6618528,Word Games (Books),34318
2026-05-12 15:52:36.722356,B0G4GQL5TG,Winter Word Search,9476321,Holidays (Books),1071
2026-05-12 15:52:36.722358,B0G4GQL5TG,Winter Word Search,9476321,Word Search Games,47714
2026-05-12 15:52:36.722358,B0G4GQL5TG,Winter Word Search,9476321,Word Games (Books),50447
2026-05-12 15:52:53.051756,B0G5Z47WY7,Christmas Word Search,9475856,Holidays (Books),1070
2026-05-12 15:52:53.051758,B0G5Z47WY7,Christmas Word Search,9475856,Word Search Games,47695
2026-05-12 15:52:53.051759,B0G5Z47WY7,Christmas Word Search,9475856,Word Games (Books),50427
2026-05-12 15:53:09.320421,B0D2HQ2N8G,Cryptids Word Search Large Print,,,
2026-05-12 15:53:25.364168,B0CVNHV3CV,Cryptids Word Search,3896532,Ancient & Controversial Knowledge,3935
2026-05-12 15:53:25.364172,B0CVNHV3CV,Cryptids Word Search,3896532,Unexplained Mysteries (Books),5179
2026-05-12 15:53:25.364172,B0CVNHV3CV,Cryptids Word Search,3896532,Word Search Games,17293
2026-05-12 15:53:41.487083,B0D429W5H1,Sasquatch Word Search,3943863,Unexplained Mysteries (Books),5233
2026-05-12 15:53:41.487085,B0D429W5H1,Sasquatch Word Search,3943863,Word Search Games,17506
2026-05-12 15:53:41.487086,B0D429W5H1,Sasquatch Word Search,3943863,Word Games (Books),19045
2026-05-12 15:53:57.575222,B0D429WWSQ,Sasquatch Word Search,2940617,Unexplained Mysteries (Books),4170
2026-05-12 15:53:57.575225,B0D429WWSQ,Sasquatch Word Search,2940617,Word Search Games,12813
2026-05-12 15:53:57.575225,B0D429WWSQ,Sasquatch Word Search,2940617,Word Games (Books),14096
2026-05-12 15:54:13.804191,B0D22PKCGW,Alien Word Search Large Print,4221625,UFOs (Books),3501
2026-05-12 15:54:13.804193,B0D22PKCGW,Alien Word Search Large Print,4221625,Ancient & Controversial Knowledge,4201
2026-05-12 15:54:13.804194,B0D22PKCGW,Alien Word Search Large Print,4221625,Word Search Games,18858
2026-05-12 15:54:29.940568,B0CTPR6KZ4,Alien Word Search,2427308,UFOs (Books),2333
2026-05-12 15:54:29.940570,B0CTPR6KZ4,Alien Word Search,2427308,Ancient & Controversial Knowledge,2674
2026-05-12 15:54:29.940570,B0CTPR6KZ4,Alien Word Search,2427308,Word Search Games,10548
2026-05-12 18:11:19.121045,B0CSZDC243,Haunted Word Search,,,
2026-05-12 18:11:35.721367,B0D3XXZRRC,Witches Word Search,6281570,Witchcraft Religion & Spirituality,7318
2026-05-12 18:11:35.721370,B0D3XXZRRC,Witches Word Search,6281570,Spiritualism,10549
2026-05-12 18:11:35.721371,B0D3XXZRRC,Witches Word Search,6281570,Word Search Games,30317
2026-05-12 18:11:51.829668,B0D3XXY1HV,Witches Word Search Large Print,,,
2026-05-12 18:12:07.936326,B0G43ZNNRX,Weather Word Search Large Print,,,
2026-05-12 18:12:24.202696,B0D97NFBG2,Weather Word Search,972186,Natural Disasters (Books),346
2026-05-12 18:12:24.202700,B0D97NFBG2,Weather Word Search,972186,Weather (Books),440
2026-05-12 18:12:24.202700,B0D97NFBG2,Weather Word Search,972186,Word Search Games,4538
2026-05-12 18:12:40.396336,B0D9B6HKC8,Space Word Search,9185533,Solar System (Books),831
2026-05-12 18:12:40.396338,B0D9B6HKC8,Space Word Search,9185533,Astronomy (Books),10542
2026-05-12 18:12:40.396339,B0D9B6HKC8,Space Word Search,9185533,Word Search Games,45538
2026-05-12 18:12:56.677158,B0D986WRQY,Ocean Word Search,,,
2026-05-12 18:13:12.743969,B0D9D6QJKD,Earth Science Word Search,,,
2026-05-12 18:13:28.619294,B0D9DRYQSH,Animal Word Search,,,
2026-05-12 18:13:44.746434,B0FPDF7GQV,Halloween Word Search,7684626,Holidays (Books),888
2026-05-12 18:13:44.746437,B0FPDF7GQV,Halloween Word Search,7684626,Customs & Traditions Social Sciences,5734
2026-05-12 18:13:44.746438,B0FPDF7GQV,Halloween Word Search,7684626,Ghosts & Hauntings,5909
2026-05-12 18:14:00.909961,B0DXP99LNN,Spring Word Search,6166770,Gardening & Landscape Design,27153
2026-05-12 18:14:00.909963,B0DXP99LNN,Spring Word Search,6166770,Word Search Games,29528
2026-05-12 18:14:00.909964,B0DXP99LNN,Spring Word Search,6166770,Word Games (Books),31614
2026-05-12 18:14:16.908742,B0F61TRMXM,Summer Word Search,,,
2026-05-12 18:14:33.047908,B0DTKGRKC2,Romance Word Search,8247605,Humorous Erotica (Books),22553
2026-05-12 18:14:33.047910,B0DTKGRKC2,Romance Word Search,8247605,Romantic Erotica (Books),36846
2026-05-12 18:14:33.047911,B0DTKGRKC2,Romance Word Search,8247605,Word Search Games,41009
2026-05-12 18:14:49.267204,B0DS5HPJ1M,Alien Adult Activity Book,2469229,UFOs (Books),2368
2026-05-12 18:14:49.267206,B0DS5HPJ1M,Alien Adult Activity Book,2469229,Logic & Brain Teasers (Books),5648
2026-05-12 18:14:49.267206,B0DS5HPJ1M,Alien Adult Activity Book,2469229,Puzzles (Books),11337
2026-05-12 18:15:05.456483,B0FJ8TFSZ1,Fall Word Search,6621831,Holidays (Books),766
2026-05-12 18:15:05.456485,B0FJ8TFSZ1,Fall Word Search,6621831,Word Search Games,32169
2026-05-12 18:15:05.456486,B0FJ8TFSZ1,Fall Word Search,6621831,Word Games (Books),34350
2026-05-12 18:15:21.474125,B0G4GQL5TG,Winter Word Search,9479790,Holidays (Books),1072
2026-05-12 18:15:21.474127,B0G4GQL5TG,Winter Word Search,9479790,Word Search Games,47748
2026-05-12 18:15:21.474128,B0G4GQL5TG,Winter Word Search,9479790,Word Games (Books),50474
2026-05-12 18:15:37.660835,B0G5Z47WY7,Christmas Word Search,9479325,Holidays (Books),1071
2026-05-12 18:15:37.660837,B0G5Z47WY7,Christmas Word Search,9479325,Word Search Games,47729
2026-05-12 18:15:37.660838,B0G5Z47WY7,Christmas Word Search,9479325,Word Games (Books),50454
2026-05-12 18:15:53.651242,B0D2HQ2N8G,Cryptids Word Search Large Print,,,
2026-05-12 18:16:09.884200,B0CVNHV3CV,Cryptids Word Search,3899756,Ancient & Controversial Knowledge,3938
2026-05-12 18:16:09.884203,B0CVNHV3CV,Cryptids Word Search,3899756,Unexplained Mysteries (Books),5181
2026-05-12 18:16:09.884203,B0CVNHV3CV,Cryptids Word Search,3899756,Word Search Games,17339
2026-05-12 18:16:26.027244,B0D429W5H1,Sasquatch Word Search,3947087,Unexplained Mysteries (Books),5235
2026-05-12 18:16:26.027246,B0D429W5H1,Sasquatch Word Search,3947087,Word Search Games,17552
2026-05-12 18:16:26.027247,B0D429W5H1,Sasquatch Word Search,3947087,Word Games (Books),19093
2026-05-12 18:16:42.153814,B0D429WWSQ,Sasquatch Word Search,2943816,Unexplained Mysteries (Books),4172
2026-05-12 18:16:42.153816,B0D429WWSQ,Sasquatch Word Search,2943816,Word Search Games,12862
2026-05-12 18:16:42.153817,B0D429WWSQ,Sasquatch Word Search,2943816,Word Games (Books),14146
2026-05-12 18:16:58.396581,B0D22PKCGW,Alien Word Search Large Print,4224857,UFOs (Books),3502
2026-05-12 18:16:58.396584,B0D22PKCGW,Alien Word Search Large Print,4224857,Ancient & Controversial Knowledge,4204
2026-05-12 18:16:58.396584,B0D22PKCGW,Alien Word Search Large Print,4224857,Word Search Games,18901
2026-05-12 18:17:14.563548,B0CTPR6KZ4,Alien Word Search,2430493,UFOs (Books),2334
2026-05-12 18:17:14.563550,B0CTPR6KZ4,Alien Word Search,2430493,Ancient & Controversial Knowledge,2675
2026-05-12 18:17:14.563550,B0CTPR6KZ4,Alien Word Search,2430493,Word Search Games,10600
2026-05-12 20:51:22.486965,B0D3XXY1HV,Witches Word Search Large Print,,,
2026-05-12 20:51:38.599552,B0G43ZNNRX,Weather Word Search Large Print,,,
2026-05-12 20:51:55.053902,B0D97NFBG2,Weather Word Search,972205,Natural Disasters (Books),346
2026-05-12 20:51:55.053909,B0D97NFBG2,Weather Word Search,972205,Weather (Books),440
2026-05-12 20:51:55.053910,B0D97NFBG2,Weather Word Search,972205,Word Search Games,4537
2026-05-12 20:52:11.152620,B0D9B6HKC8,Space Word Search,9183941,Solar System (Books),831
2026-05-12 20:52:11.152622,B0D9B6HKC8,Space Word Search,9183941,Astronomy (Books),10538
2026-05-12 20:52:11.152622,B0D9B6HKC8,Space Word Search,9183941,Word Search Games,45521
2026-05-12 20:52:27.339662,B0D986WRQY,Ocean Word Search,,,
2026-05-12 20:52:43.441737,B0D9D6QJKD,Earth Science Word Search,,,
2026-05-12 20:52:59.597431,B0D9DRYQSH,Animal Word Search,,,
2026-05-12 20:53:15.762504,B0FPDF7GQV,Halloween Word Search,7683317,Holidays (Books),887
2026-05-12 20:53:15.762506,B0FPDF7GQV,Halloween Word Search,7683317,Customs & Traditions Social Sciences,5734
2026-05-12 20:53:15.762507,B0FPDF7GQV,Halloween Word Search,7683317,Ghosts & Hauntings,5907
2026-05-12 20:53:32.015269,B0DXP99LNN,Spring Word Search,6165779,Gardening & Landscape Design,27150
2026-05-12 20:53:32.015271,B0DXP99LNN,Spring Word Search,6165779,Word Search Games,29514
2026-05-12 20:53:32.015272,B0DXP99LNN,Spring Word Search,6165779,Word Games (Books),31601
2026-05-12 20:53:48.196354,B0F61TRMXM,Summer Word Search,,,
2026-05-12 20:54:04.349289,B0DTKGRKC2,Romance Word Search,8246187,Humorous Erotica (Books),22543
2026-05-12 20:54:04.349291,B0DTKGRKC2,Romance Word Search,8246187,Romantic Erotica (Books),36845
2026-05-12 20:54:04.349292,B0DTKGRKC2,Romance Word Search,8246187,Word Search Games,40992
2026-05-12 20:54:20.463613,B0DS5HPJ1M,Alien Adult Activity Book,2468991,UFOs (Books),2368
2026-05-12 20:54:20.463615,B0DS5HPJ1M,Alien Adult Activity Book,2468991,Logic & Brain Teasers (Books),5646
2026-05-12 20:54:20.463616,B0DS5HPJ1M,Alien Adult Activity Book,2468991,Puzzles (Books),11336
2026-05-12 20:54:36.776274,B0FJ8TFSZ1,Fall Word Search,6620739,Holidays (Books),765
2026-05-12 20:54:36.776277,B0FJ8TFSZ1,Fall Word Search,6620739,Word Search Games,32154
2026-05-12 20:54:36.776278,B0FJ8TFSZ1,Fall Word Search,6620739,Word Games (Books),34336
2026-05-12 20:54:52.913812,B0G4GQL5TG,Winter Word Search,9478110,Holidays (Books),1071
2026-05-12 20:54:52.913814,B0G4GQL5TG,Winter Word Search,9478110,Word Search Games,47731
2026-05-12 20:54:52.913815,B0G4GQL5TG,Winter Word Search,9478110,Word Games (Books),50458
2026-05-12 20:55:09.127886,B0G5Z47WY7,Christmas Word Search,9477645,Holidays (Books),1070
2026-05-12 20:55:09.127889,B0G5Z47WY7,Christmas Word Search,9477645,Word Search Games,47712
2026-05-12 20:55:09.127890,B0G5Z47WY7,Christmas Word Search,9477645,Word Games (Books),50438
2026-05-12 20:55:25.239930,B0D2HQ2N8G,Cryptids Word Search Large Print,,,
2026-05-12 20:55:41.455745,B0CVNHV3CV,Cryptids Word Search,3899265,Ancient & Controversial Knowledge,3938
2026-05-12 20:55:41.455747,B0CVNHV3CV,Cryptids Word Search,3899265,Unexplained Mysteries (Books),5181
2026-05-12 20:55:41.455748,B0CVNHV3CV,Cryptids Word Search,3899265,Word Search Games,17331
2026-05-12 20:55:57.555347,B0D429W5H1,Sasquatch Word Search,3946587,Unexplained Mysteries (Books),5235
2026-05-12 20:55:57.555350,B0D429W5H1,Sasquatch Word Search,3946587,Word Search Games,17544
2026-05-12 20:55:57.555350,B0D429W5H1,Sasquatch Word Search,3946587,Word Games (Books),19086
2026-05-12 20:56:13.645468,B0D429WWSQ,Sasquatch Word Search,2943481,Unexplained Mysteries (Books),4172
2026-05-12 20:56:13.645470,B0D429WWSQ,Sasquatch Word Search,2943481,Word Search Games,12857
2026-05-12 20:56:13.645471,B0D429WWSQ,Sasquatch Word Search,2943481,Word Games (Books),14142
2026-05-12 20:56:29.741040,B0D22PKCGW,Alien Word Search Large Print,4224293,UFOs (Books),3502
2026-05-12 20:56:29.741042,B0D22PKCGW,Alien Word Search Large Print,4224293,Ancient & Controversial Knowledge,4204
2026-05-12 20:56:29.741043,B0D22PKCGW,Alien Word Search Large Print,4224293,Word Search Games,18892
2026-05-12 20:56:45.886443,B0CTPR6KZ4,Alien Word Search,2430259,UFOs (Books),2334
2026-05-12 20:56:45.886446,B0CTPR6KZ4,Alien Word Search,2430259,Ancient & Controversial Knowledge,2675
2026-05-12 20:56:45.886446,B0CTPR6KZ4,Alien Word Search,2430259,Word Search Games,10597
2026-05-12 22:20:56.794665,B0D1MYMVCC,Haunted Word Search Large Print,,,
2026-05-12 22:21:13.543717,B0CSZDC243,Haunted Word Search,6867877,Ghosts & Hauntings,5546
2026-05-12 22:21:13.543719,B0CSZDC243,Haunted Word Search,6867877,Psychic Phenomena,7055
2026-05-12 22:21:13.543719,B0CSZDC243,Haunted Word Search,6867877,Supernaturalism (Books),8565
2026-05-12 22:21:29.822769,B0D3XXZRRC,Witches Word Search,6280551,Witchcraft Religion & Spirituality,7318
2026-05-12 22:21:29.822775,B0D3XXZRRC,Witches Word Search,6280551,Spiritualism,10549
2026-05-12 22:21:29.822776,B0D3XXZRRC,Witches Word Search,6280551,Word Search Games,30303
2026-05-12 22:21:46.127735,B0D3XXY1HV,Witches Word Search Large Print,,,
2026-05-12 22:22:02.256185,B0G43ZNNRX,Weather Word Search Large Print,,,
2026-05-12 22:22:18.615566,B0D97NFBG2,Weather Word Search,972205,Natural Disasters (Books),346
2026-05-12 22:22:18.615568,B0D97NFBG2,Weather Word Search,972205,Weather (Books),440
2026-05-12 22:22:18.615569,B0D97NFBG2,Weather Word Search,972205,Word Search Games,4537
2026-05-12 22:22:34.818253,B0D9B6HKC8,Space Word Search,9183941,Solar System (Books),831
2026-05-12 22:22:34.818255,B0D9B6HKC8,Space Word Search,9183941,Astronomy (Books),10538
2026-05-12 22:22:34.818256,B0D9B6HKC8,Space Word Search,9183941,Word Search Games,45521
2026-05-12 22:22:50.927188,B0D986WRQY,Ocean Word Search,,,
2026-05-12 22:23:06.947003,B0D9D6QJKD,Earth Science Word Search,,,
2026-05-12 22:23:23.312515,B0D9DRYQSH,Animal Word Search,,,
2026-05-12 22:23:39.675314,B0FPDF7GQV,Halloween Word Search,7683317,Holidays (Books),887
2026-05-12 22:23:39.675316,B0FPDF7GQV,Halloween Word Search,7683317,Customs & Traditions Social Sciences,5734
2026-05-12 22:23:39.675316,B0FPDF7GQV,Halloween Word Search,7683317,Ghosts & Hauntings,5907
2026-05-12 22:23:55.706705,B0DXP99LNN,Spring Word Search,6165779,Gardening & Landscape Design,27150
2026-05-12 22:23:55.706708,B0DXP99LNN,Spring Word Search,6165779,Word Search Games,29514
2026-05-12 22:23:55.706709,B0DXP99LNN,Spring Word Search,6165779,Word Games (Books),31601
2026-05-12 22:24:11.824823,B0F61TRMXM,Summer Word Search,,,
2026-05-12 22:24:28.103154,B0DTKGRKC2,Romance Word Search,8246187,Humorous Erotica (Books),22543
2026-05-12 22:24:28.103157,B0DTKGRKC2,Romance Word Search,8246187,Romantic Erotica (Books),36845
2026-05-12 22:24:28.103157,B0DTKGRKC2,Romance Word Search,8246187,Word Search Games,40992
2026-05-12 22:24:44.247874,B0DS5HPJ1M,Alien Adult Activity Book,2468991,UFOs (Books),2368
2026-05-12 22:24:44.247876,B0DS5HPJ1M,Alien Adult Activity Book,2468991,Logic & Brain Teasers (Books),5646
2026-05-12 22:24:44.247877,B0DS5HPJ1M,Alien Adult Activity Book,2468991,Puzzles (Books),11336
2026-05-12 22:25:00.666076,B0FJ8TFSZ1,Fall Word Search,6626089,Holidays (Books),766
2026-05-12 22:25:00.666078,B0FJ8TFSZ1,Fall Word Search,6626089,Word Search Games,32175
2026-05-12 22:25:00.666079,B0FJ8TFSZ1,Fall Word Search,6626089,Word Games (Books),34359
2026-05-12 22:25:16.838736,B0G4GQL5TG,Winter Word Search,9482942,Holidays (Books),1072
2026-05-12 22:25:16.838739,B0G4GQL5TG,Winter Word Search,9482942,Word Search Games,47752
2026-05-12 22:25:16.838739,B0G4GQL5TG,Winter Word Search,9482942,Word Games (Books),50481
2026-05-12 22:25:32.942252,B0G5Z47WY7,Christmas Word Search,9482477,Holidays (Books),1071
2026-05-12 22:25:32.942254,B0G5Z47WY7,Christmas Word Search,9482477,Word Search Games,47733
2026-05-12 22:25:32.942255,B0G5Z47WY7,Christmas Word Search,9482477,Word Games (Books),50461
2026-05-12 22:25:48.886916,B0D2HQ2N8G,Cryptids Word Search Large Print,,,
2026-05-12 22:26:04.926850,B0CVNHV3CV,Cryptids Word Search,3907018,Ancient & Controversial Knowledge,3941
2026-05-12 22:26:04.926854,B0CVNHV3CV,Cryptids Word Search,3907018,Unexplained Mysteries (Books),5181
2026-05-12 22:26:04.926855,B0CVNHV3CV,Cryptids Word Search,3907018,Word Search Games,17352
2026-05-12 22:26:20.997011,B0D429W5H1,Sasquatch Word Search,3954264,Unexplained Mysteries (Books),5235
2026-05-12 22:26:20.997013,B0D429W5H1,Sasquatch Word Search,3954264,Word Search Games,17565
2026-05-12 22:26:20.997013,B0D429W5H1,Sasquatch Word Search,3954264,Word Games (Books),19111
2026-05-12 22:26:37.098767,B0D429WWSQ,Sasquatch Word Search,2953410,Unexplained Mysteries (Books),4175
2026-05-12 22:26:37.098769,B0D429WWSQ,Sasquatch Word Search,2953410,Word Search Games,12886
2026-05-12 22:26:37.098769,B0D429WWSQ,Sasquatch Word Search,2953410,Word Games (Books),14176
2026-05-12 22:26:53.226248,B0D22PKCGW,Alien Word Search Large Print,4224293,UFOs (Books),3502
2026-05-12 22:26:53.226254,B0D22PKCGW,Alien Word Search Large Print,4224293,Ancient & Controversial Knowledge,4204
2026-05-12 22:26:53.226255,B0D22PKCGW,Alien Word Search Large Print,4224293,Word Search Games,18892
2026-05-12 22:27:09.403745,B0CTPR6KZ4,Alien Word Search,2430259,UFOs (Books),2334
2026-05-12 22:27:09.403748,B0CTPR6KZ4,Alien Word Search,2430259,Ancient & Controversial Knowledge,2675
2026-05-12 22:27:09.403748,B0CTPR6KZ4,Alien Word Search,2430259,Word Search Games,10597
2026-05-13 00:11:45.895401,B0D1MYMVCC,Haunted Word Search Large Print,,,
2026-05-13 00:12:03.136436,B0CSZDC243,Haunted Word Search,6867734,Ghosts & Hauntings,5546
2026-05-13 00:12:03.136439,B0CSZDC243,Haunted Word Search,6867734,Psychic Phenomena,7055
2026-05-13 00:12:03.136439,B0CSZDC243,Haunted Word Search,6867734,Supernaturalism (Books),8565
2026-05-13 00:12:19.320541,B0D3XXZRRC,Witches Word Search,6285944,Witchcraft Religion & Spirituality,7321
2026-05-13 00:12:19.320547,B0D3XXZRRC,Witches Word Search,6285944,Spiritualism,10553
2026-05-13 00:12:19.320548,B0D3XXZRRC,Witches Word Search,6285944,Word Search Games,30324
2026-05-13 00:12:35.533237,B0D3XXY1HV,Witches Word Search Large Print,,,
2026-05-13 00:12:51.722632,B0G43ZNNRX,Weather Word Search Large Print,,,
2026-05-13 00:13:08.040720,B0D97NFBG2,Weather Word Search,997339,Natural Disasters (Books),353
2026-05-13 00:13:08.040727,B0D97NFBG2,Weather Word Search,997339,Weather (Books),448
2026-05-13 00:13:08.040728,B0D97NFBG2,Weather Word Search,997339,Word Search Games,4607
2026-05-13 00:13:24.281306,B0D9B6HKC8,Space Word Search,9188586,Solar System (Books),831
2026-05-13 00:13:24.281309,B0D9B6HKC8,Space Word Search,9188586,Astronomy (Books),10541
2026-05-13 00:13:24.281309,B0D9B6HKC8,Space Word Search,9188586,Word Search Games,45542
2026-05-13 00:13:40.613308,B0D986WRQY,Ocean Word Search,,,
2026-05-13 00:13:56.624142,B0D9D6QJKD,Earth Science Word Search,,,
2026-05-13 00:14:12.733343,B0D9DRYQSH,Animal Word Search,,,
2026-05-13 00:14:28.866907,B0FPDF7GQV,Halloween Word Search,7688193,Holidays (Books),888
2026-05-13 00:14:28.866909,B0FPDF7GQV,Halloween Word Search,7688193,Customs & Traditions Social Sciences,5734
2026-05-13 00:14:28.866910,B0FPDF7GQV,Halloween Word Search,7688193,Ghosts & Hauntings,5910
2026-05-13 00:14:45.022485,B0DXP99LNN,Spring Word Search,6171226,Gardening & Landscape Design,27154
2026-05-13 00:14:45.022487,B0DXP99LNN,Spring Word Search,6171226,Word Search Games,29535
2026-05-13 00:14:45.022487,B0DXP99LNN,Spring Word Search,6171226,Word Games (Books),31624
2026-05-13 00:15:01.254988,B0F61TRMXM,Summer Word Search,,,
2026-05-13 00:15:17.451421,B0DTKGRKC2,Romance Word Search,8250940,Humorous Erotica (Books),22562
2026-05-13 00:15:17.451423,B0DTKGRKC2,Romance Word Search,8250940,Romantic Erotica (Books),36859
2026-05-13 00:15:17.451424,B0DTKGRKC2,Romance Word Search,8250940,Word Search Games,41014
2026-05-13 00:15:33.589759,B0DS5HPJ1M,Alien Adult Activity Book,2480592,UFOs (Books),2373
2026-05-13 00:15:33.589762,B0DS5HPJ1M,Alien Adult Activity Book,2480592,Logic & Brain Teasers (Books),5666
2026-05-13 00:15:33.589762,B0DS5HPJ1M,Alien Adult Activity Book,2480592,Puzzles (Books),11376
2026-05-13 00:15:49.843548,B0FJ8TFSZ1,Fall Word Search,6625960,Holidays (Books),766
2026-05-13 00:15:49.843550,B0FJ8TFSZ1,Fall Word Search,6625960,Word Search Games,32175
2026-05-13 00:15:49.843550,B0FJ8TFSZ1,Fall Word Search,6625960,Word Games (Books),34359
2026-05-13 00:16:06.028351,B0G4GQL5TG,Winter Word Search,9482755,Holidays (Books),1072
2026-05-13 00:16:06.028355,B0G4GQL5TG,Winter Word Search,9482755,Word Search Games,47752
2026-05-13 00:16:06.028355,B0G4GQL5TG,Winter Word Search,9482755,Word Games (Books),50481
2026-05-13 00:16:22.448619,B0G5Z47WY7,Christmas Word Search,9482289,Holidays (Books),1071
2026-05-13 00:16:22.448621,B0G5Z47WY7,Christmas Word Search,9482289,Word Search Games,47733
2026-05-13 00:16:22.448622,B0G5Z47WY7,Christmas Word Search,9482289,Word Games (Books),50461
2026-05-13 00:16:38.570443,B0D2HQ2N8G,Cryptids Word Search Large Print,,,
2026-05-13 00:16:54.675783,B0CVNHV3CV,Cryptids Word Search,3906951,Ancient & Controversial Knowledge,3941
2026-05-13 00:16:54.675785,B0CVNHV3CV,Cryptids Word Search,3906951,Unexplained Mysteries (Books),5181
2026-05-13 00:16:54.675785,B0CVNHV3CV,Cryptids Word Search,3906951,Word Search Games,17352
2026-05-13 00:17:10.886012,B0D429W5H1,Sasquatch Word Search,3954194,Unexplained Mysteries (Books),5235
2026-05-13 00:17:10.886014,B0D429W5H1,Sasquatch Word Search,3954194,Word Search Games,17565
2026-05-13 00:17:10.886015,B0D429W5H1,Sasquatch Word Search,3954194,Word Games (Books),19111
2026-05-13 00:17:27.123466,B0D429WWSQ,Sasquatch Word Search,2953358,Unexplained Mysteries (Books),4175
2026-05-13 00:17:27.123468,B0D429WWSQ,Sasquatch Word Search,2953358,Word Search Games,12886
2026-05-13 00:17:27.123469,B0D429WWSQ,Sasquatch Word Search,2953358,Word Games (Books),14176
2026-05-13 00:17:43.324472,B0D22PKCGW,Alien Word Search Large Print,4231469,UFOs (Books),3503
2026-05-13 00:17:43.324474,B0D22PKCGW,Alien Word Search Large Print,4231469,Ancient & Controversial Knowledge,4206
2026-05-13 00:17:43.324475,B0D22PKCGW,Alien Word Search Large Print,4231469,Word Search Games,18912
2026-05-13 00:17:59.584696,B0CTPR6KZ4,Alien Word Search,2442064,UFOs (Books),2339
2026-05-13 00:17:59.584699,B0CTPR6KZ4,Alien Word Search,2442064,Ancient & Controversial Knowledge,2681
2026-05-13 00:17:59.584700,B0CTPR6KZ4,Alien Word Search,2442064,Word Search Games,10626
2026-05-13 04:55:51.241647,B0D1MYMVCC,Haunted Word Search Large Print,,,
2026-05-13 04:56:07.892801,B0CSZDC243,Haunted Word Search,6862234,Ghosts & Hauntings,5540
2026-05-13 04:56:07.892804,B0CSZDC243,Haunted Word Search,6862234,Psychic Phenomena,7043
2026-05-13 04:56:07.892804,B0CSZDC243,Haunted Word Search,6862234,Supernaturalism (Books),8560
2026-05-13 04:56:23.940678,B0D3XXZRRC,Witches Word Search,6305323,Witchcraft Religion & Spirituality,7343
2026-05-13 04:56:23.940684,B0D3XXZRRC,Witches Word Search,6305323,Spiritualism,10571
2026-05-13 04:56:23.940685,B0D3XXZRRC,Witches Word Search,6305323,Word Search Games,30409
2026-05-13 04:56:40.082259,B0D3XXY1HV,Witches Word Search Large Print,,,
2026-05-13 04:56:56.214814,B0G43ZNNRX,Weather Word Search Large Print,,,
2026-05-13 04:57:12.428834,B0D97NFBG2,Weather Word Search,1079152,Natural Disasters (Books),383
2026-05-13 04:57:12.428837,B0D97NFBG2,Weather Word Search,1079152,Weather (Books),487
2026-05-13 04:57:12.428838,B0D97NFBG2,Weather Word Search,1079152,Word Search Games,4948
2026-05-13 04:57:28.666664,B0D9B6HKC8,Space Word Search,9194933,Solar System (Books),833
2026-05-13 04:57:28.666667,B0D9B6HKC8,Space Word Search,9194933,Astronomy (Books),10540
2026-05-13 04:57:28.666667,B0D9B6HKC8,Space Word Search,9194933,Word Search Games,45551
2026-05-13 04:57:44.800840,B0D986WRQY,Ocean Word Search,,,
2026-05-13 04:58:00.839375,B0D9D6QJKD,Earth Science Word Search,,,
2026-05-13 04:58:17.117512,B0D9DRYQSH,Animal Word Search,,,
2026-05-13 04:58:33.220491,B0FPDF7GQV,Halloween Word Search,7681466,Holidays (Books),887
2026-05-13 04:58:33.220493,B0FPDF7GQV,Halloween Word Search,7681466,Customs & Traditions Social Sciences,5726
2026-05-13 04:58:33.220494,B0FPDF7GQV,Halloween Word Search,7681466,Ghosts & Hauntings,5907
2026-05-13 04:58:49.428888,B0DXP99LNN,Spring Word Search,6164261,Gardening & Landscape Design,27118
2026-05-13 04:58:49.428890,B0DXP99LNN,Spring Word Search,6164261,Word Search Games,29494
2026-05-13 04:58:49.428891,B0DXP99LNN,Spring Word Search,6164261,Word Games (Books),31580
2026-05-13 04:59:05.450502,B0F61TRMXM,Summer Word Search,,,
2026-05-13 04:59:21.563533,B0DTKGRKC2,Romance Word Search,8250379,Humorous Erotica (Books),22558
2026-05-13 04:59:21.563535,B0DTKGRKC2,Romance Word Search,8250379,Romantic Erotica (Books),36847
2026-05-13 04:59:21.563536,B0DTKGRKC2,Romance Word Search,8250379,Word Search Games,40977
2026-05-13 04:59:37.709071,B0DS5HPJ1M,Alien Adult Activity Book,2513373,UFOs (Books),2397
2026-05-13 04:59:37.709076,B0DS5HPJ1M,Alien Adult Activity Book,2513373,Logic & Brain Teasers (Books),5728
2026-05-13 04:59:37.709077,B0DS5HPJ1M,Alien Adult Activity Book,2513373,Puzzles (Books),11458
2026-05-13 04:59:53.825660,B0FJ8TFSZ1,Fall Word Search,6619669,Holidays (Books),766
2026-05-13 04:59:53.825664,B0FJ8TFSZ1,Fall Word Search,6619669,Word Search Games,32133
2026-05-13 04:59:53.825665,B0FJ8TFSZ1,Fall Word Search,6619669,Word Games (Books),34312
2026-05-13 05:00:10.065288,B0G4GQL5TG,Winter Word Search,9486994,Holidays (Books),1071
2026-05-13 05:00:10.065291,B0G4GQL5TG,Winter Word Search,9486994,Word Search Games,47748
2026-05-13 05:00:10.065292,B0G4GQL5TG,Winter Word Search,9486994,Word Games (Books),50477
2026-05-13 05:00:26.223045,B0G5Z47WY7,Christmas Word Search,9488480,Holidays (Books),1071
2026-05-13 05:00:26.223047,B0G5Z47WY7,Christmas Word Search,9488480,Word Search Games,47742
2026-05-13 05:00:26.223048,B0G5Z47WY7,Christmas Word Search,9488480,Word Games (Books),50470
2026-05-13 05:00:42.384057,B0D2HQ2N8G,Cryptids Word Search Large Print,,,
2026-05-13 05:00:58.679503,B0CVNHV3CV,Cryptids Word Search,3884671,Ancient & Controversial Knowledge,3927
2026-05-13 05:00:58.679505,B0CVNHV3CV,Cryptids Word Search,3884671,Unexplained Mysteries (Books),5148
2026-05-13 05:00:58.679506,B0CVNHV3CV,Cryptids Word Search,3884671,Word Search Games,17214
2026-05-13 05:01:14.718240,B0D429W5H1,Sasquatch Word Search,3932611,Unexplained Mysteries (Books),5203
2026-05-13 05:01:14.718242,B0D429W5H1,Sasquatch Word Search,3932611,Word Search Games,17456
2026-05-13 05:01:14.718243,B0D429W5H1,Sasquatch Word Search,3932611,Word Games (Books),18989
2026-05-13 05:01:30.750718,B0D429WWSQ,Sasquatch Word Search,2991603,Unexplained Mysteries (Books),4210
2026-05-13 05:01:30.750720,B0D429WWSQ,Sasquatch Word Search,2991603,Word Search Games,13034
2026-05-13 05:01:30.750721,B0D429WWSQ,Sasquatch Word Search,2991603,Word Games (Books),14332
2026-05-13 05:01:46.872663,B0D22PKCGW,Alien Word Search Large Print,4213694,UFOs (Books),3501
2026-05-13 05:01:46.872665,B0D22PKCGW,Alien Word Search Large Print,4213694,Ancient & Controversial Knowledge,4188
2026-05-13 05:01:46.872666,B0D22PKCGW,Alien Word Search Large Print,4213694,Word Search Games,18843
2026-05-13 05:02:03.055642,B0CTPR6KZ4,Alien Word Search,2413945,UFOs (Books),2331
2026-05-13 05:02:03.055644,B0CTPR6KZ4,Alien Word Search,2413945,Ancient & Controversial Knowledge,2686
2026-05-13 05:02:03.055645,B0CTPR6KZ4,Alien Word Search,2413945,Word Search Games,10642
2026-05-13 07:58:25.287031,B0D1MYMVCC,Haunted Word Search Large Print,,,
2026-05-13 07:58:42.093967,B0CSZDC243,Haunted Word Search,6862286,Ghosts & Hauntings,5540
2026-05-13 07:58:42.093969,B0CSZDC243,Haunted Word Search,6862286,Psychic Phenomena,7042
2026-05-13 07:58:42.093970,B0CSZDC243,Haunted Word Search,6862286,Supernaturalism (Books),8560
2026-05-13 07:58:58.333158,B0D3XXZRRC,Witches Word Search,6306988,Witchcraft Religion & Spirituality,7344
2026-05-13 07:58:58.333166,B0D3XXZRRC,Witches Word Search,6306988,Spiritualism,10573
2026-05-13 07:58:58.333167,B0D3XXZRRC,Witches Word Search,6306988,Word Search Games,30408
2026-05-13 07:59:14.336968,B0D3XXY1HV,Witches Word Search Large Print,,,
2026-05-13 07:59:30.440527,B0G43ZNNRX,Weather Word Search Large Print,,,
2026-05-13 07:59:46.656365,B0D97NFBG2,Weather Word Search,1080350,Natural Disasters (Books),383
2026-05-13 07:59:46.656369,B0D97NFBG2,Weather Word Search,1080350,Weather (Books),487
2026-05-13 07:59:46.656370,B0D97NFBG2,Weather Word Search,1080350,Word Search Games,4948
2026-05-13 08:00:02.927570,B0D9B6HKC8,Space Word Search,9194974,Solar System (Books),832
2026-05-13 08:00:02.927572,B0D9B6HKC8,Space Word Search,9194974,Astronomy (Books),10537
2026-05-13 08:00:02.927573,B0D9B6HKC8,Space Word Search,9194974,Word Search Games,45539
2026-05-13 08:00:19.144583,B0D986WRQY,Ocean Word Search,,,
2026-05-13 08:00:35.305832,B0D9D6QJKD,Earth Science Word Search,,,
2026-05-13 08:00:51.332058,B0D9DRYQSH,Animal Word Search,,,
2026-05-13 08:01:07.455031,B0FPDF7GQV,Halloween Word Search,7683273,Holidays (Books),888
2026-05-13 08:01:07.455034,B0FPDF7GQV,Halloween Word Search,7683273,Customs & Traditions Social Sciences,5726
2026-05-13 08:01:07.455035,B0FPDF7GQV,Halloween Word Search,7683273,Ghosts & Hauntings,5908
2026-05-13 08:01:23.728911,B0DXP99LNN,Spring Word Search,6165691,Gardening & Landscape Design,27111
2026-05-13 08:01:23.728915,B0DXP99LNN,Spring Word Search,6165691,Word Search Games,29489
2026-05-13 08:01:23.728916,B0DXP99LNN,Spring Word Search,6165691,Word Games (Books),31578
2026-05-13 08:01:39.722868,B0F61TRMXM,Summer Word Search,,,
2026-05-13 08:01:55.866542,B0DTKGRKC2,Romance Word Search,8252232,Humorous Erotica (Books),22562
2026-05-13 08:01:55.866546,B0DTKGRKC2,Romance Word Search,8252232,Romantic Erotica (Books),36847
2026-05-13 08:01:55.866547,B0DTKGRKC2,Romance Word Search,8252232,Word Search Games,40976
2026-05-13 08:02:12.153781,B0DS5HPJ1M,Alien Adult Activity Book,2513340,UFOs (Books),2397
2026-05-13 08:02:12.153785,B0DS5HPJ1M,Alien Adult Activity Book,2513340,Logic & Brain Teasers (Books),5724
2026-05-13 08:02:12.153785,B0DS5HPJ1M,Alien Adult Activity Book,2513340,Puzzles (Books),11449
2026-05-13 08:02:28.399929,B0FJ8TFSZ1,Fall Word Search,6619716,Holidays (Books),766
2026-05-13 08:02:28.399932,B0FJ8TFSZ1,Fall Word Search,6619716,Word Search Games,32121
2026-05-13 08:02:28.399933,B0FJ8TFSZ1,Fall Word Search,6619716,Word Games (Books),34304
2026-05-13 08:02:44.607485,B0G4GQL5TG,Winter Word Search,9488985,Holidays (Books),1072
2026-05-13 08:02:44.607488,B0G4GQL5TG,Winter Word Search,9488985,Word Search Games,47748
2026-05-13 08:02:44.607488,B0G4GQL5TG,Winter Word Search,9488985,Word Games (Books),50481
2026-05-13 08:03:00.787044,B0G5Z47WY7,Christmas Word Search,9488519,Holidays (Books),1071
2026-05-13 08:03:00.787047,B0G5Z47WY7,Christmas Word Search,9488519,Word Search Games,47729
2026-05-13 08:03:00.787048,B0G5Z47WY7,Christmas Word Search,9488519,Word Games (Books),50461
2026-05-13 08:03:16.936477,B0D2HQ2N8G,Cryptids Word Search Large Print,,,
2026-05-13 08:03:33.042298,B0CVNHV3CV,Cryptids Word Search,3884735,Ancient & Controversial Knowledge,3927
2026-05-13 08:03:33.042301,B0CVNHV3CV,Cryptids Word Search,3884735,Unexplained Mysteries (Books),5148
2026-05-13 08:03:33.042302,B0CVNHV3CV,Cryptids Word Search,3884735,Word Search Games,17206
2026-05-13 08:03:48.989586,B0D429W5H1,Sasquatch Word Search,3932526,Unexplained Mysteries (Books),5203
2026-05-13 08:03:48.989588,B0D429W5H1,Sasquatch Word Search,3932526,Word Search Games,17445
2026-05-13 08:03:48.989589,B0D429W5H1,Sasquatch Word Search,3932526,Word Games (Books),18982
2026-05-13 08:04:05.102978,B0D429WWSQ,Sasquatch Word Search,2991554,Unexplained Mysteries (Books),4210
2026-05-13 08:04:05.102980,B0D429WWSQ,Sasquatch Word Search,2991554,Word Search Games,13023
2026-05-13 08:04:05.102981,B0D429WWSQ,Sasquatch Word Search,2991554,Word Games (Books),14325
2026-05-13 08:04:21.220479,B0D22PKCGW,Alien Word Search Large Print,4213754,UFOs (Books),3501
2026-05-13 08:04:21.220482,B0D22PKCGW,Alien Word Search Large Print,4213754,Ancient & Controversial Knowledge,4188
2026-05-13 08:04:21.220483,B0D22PKCGW,Alien Word Search Large Print,4213754,Word Search Games,18835
2026-05-13 08:04:37.399131,B0CTPR6KZ4,Alien Word Search,2415302,UFOs (Books),2331
2026-05-13 08:04:37.399134,B0CTPR6KZ4,Alien Word Search,2415302,Ancient & Controversial Knowledge,2686
2026-05-13 08:04:37.399134,B0CTPR6KZ4,Alien Word Search,2415302,Word Search Games,10642
2026-05-13 10:44:57.064425,B0D3XXZRRC,Witches Word Search,,,
2026-05-13 10:45:13.865282,B0D3XXY1HV,Witches Word Search Large Print,,,
2026-05-13 10:45:30.061499,B0G43ZNNRX,Weather Word Search Large Print,,,
2026-05-13 10:45:53.654348,B0D97NFBG2,Weather Word Search,1121660,Natural Disasters (Books),394
2026-05-13 10:45:53.654355,B0D97NFBG2,Weather Word Search,1121660,Weather (Books),509
2026-05-13 10:45:53.654356,B0D97NFBG2,Weather Word Search,1121660,Word Search Games,5086
2026-05-13 10:46:09.752703,B0D9B6HKC8,Space Word Search,9197474,Solar System (Books),836
2026-05-13 10:46:09.752705,B0D9B6HKC8,Space Word Search,9197474,Astronomy (Books),10543
2026-05-13 10:46:09.752706,B0D9B6HKC8,Space Word Search,9197474,Word Search Games,45513
2026-05-13 10:46:25.882354,B0D986WRQY,Ocean Word Search,,,
2026-05-13 10:46:41.962742,B0D9D6QJKD,Earth Science Word Search,,,
2026-05-13 10:46:57.961742,B0D9DRYQSH,Animal Word Search,,,
2026-05-13 10:47:14.155358,B0FPDF7GQV,Halloween Word Search,7687690,Holidays (Books),888
2026-05-13 10:47:14.155363,B0FPDF7GQV,Halloween Word Search,7687690,Customs & Traditions Social Sciences,5729
2026-05-13 10:47:14.155364,B0FPDF7GQV,Halloween Word Search,7687690,Ghosts & Hauntings,5909
2026-05-13 10:47:30.276894,B0DXP99LNN,Spring Word Search,6172647,Gardening & Landscape Design,27116
2026-05-13 10:47:30.276896,B0DXP99LNN,Spring Word Search,6172647,Word Search Games,29491
2026-05-13 10:47:30.276897,B0DXP99LNN,Spring Word Search,6172647,Word Games (Books),31577
2026-05-13 10:47:46.467727,B0F61TRMXM,Summer Word Search,,,
2026-05-13 10:48:02.612466,B0DTKGRKC2,Romance Word Search,8255992,Humorous Erotica (Books),22557
2026-05-13 10:48:02.612468,B0DTKGRKC2,Romance Word Search,8255992,Romantic Erotica (Books),36855
2026-05-13 10:48:02.612469,B0DTKGRKC2,Romance Word Search,8255992,Word Search Games,40955
2026-05-13 10:48:18.741950,B0DS5HPJ1M,Alien Adult Activity Book,2533794,UFOs (Books),2422
2026-05-13 10:48:18.741953,B0DS5HPJ1M,Alien Adult Activity Book,2533794,Logic & Brain Teasers (Books),5759
2026-05-13 10:48:18.741953,B0DS5HPJ1M,Alien Adult Activity Book,2533794,Puzzles (Books),11514
2026-05-13 10:48:34.876373,B0FJ8TFSZ1,Fall Word Search,6625638,Holidays (Books),766
2026-05-13 10:48:34.876375,B0FJ8TFSZ1,Fall Word Search,6625638,Word Search Games,32115
2026-05-13 10:48:34.876376,B0FJ8TFSZ1,Fall Word Search,6625638,Word Games (Books),34296
2026-05-13 10:48:51.557003,B0G4GQL5TG,Winter Word Search,9491210,Holidays (Books),1072
2026-05-13 10:48:51.557006,B0G4GQL5TG,Winter Word Search,9491210,Word Search Games,47718
2026-05-13 10:48:51.557007,B0G4GQL5TG,Winter Word Search,9491210,Word Games (Books),50451
2026-05-13 10:49:07.858065,B0G5Z47WY7,Christmas Word Search,9490744,Holidays (Books),1071
2026-05-13 10:49:07.858067,B0G5Z47WY7,Christmas Word Search,9490744,Word Search Games,47699
2026-05-13 10:49:07.858068,B0G5Z47WY7,Christmas Word Search,9490744,Word Games (Books),50431
2026-05-13 10:49:24.019641,B0D2HQ2N8G,Cryptids Word Search Large Print,,,
2026-05-13 10:49:40.189803,B0CVNHV3CV,Cryptids Word Search,3897616,Ancient & Controversial Knowledge,3930
2026-05-13 10:49:40.189805,B0CVNHV3CV,Cryptids Word Search,3897616,Unexplained Mysteries (Books),5154
2026-05-13 10:49:40.189806,B0CVNHV3CV,Cryptids Word Search,3897616,Word Search Games,17235
2026-05-13 10:49:56.316285,B0D429W5H1,Sasquatch Word Search,3945298,Unexplained Mysteries (Books),5211
2026-05-13 10:49:56.316288,B0D429W5H1,Sasquatch Word Search,3945298,Word Search Games,17476
2026-05-13 10:49:56.316289,B0D429W5H1,Sasquatch Word Search,3945298,Word Games (Books),19016
2026-05-13 10:50:14.136058,B0D429WWSQ,Sasquatch Word Search,3008812,Unexplained Mysteries (Books),4225
2026-05-13 10:50:14.136061,B0D429WWSQ,Sasquatch Word Search,3008812,Word Search Games,13072
2026-05-13 10:50:14.136061,B0D429WWSQ,Sasquatch Word Search,3008812,Word Games (Books),14374
2026-05-13 10:50:30.737849,B0D22PKCGW,Alien Word Search Large Print,4225386,UFOs (Books),3515
2026-05-13 10:50:30.737851,B0D22PKCGW,Alien Word Search Large Print,4225386,Ancient & Controversial Knowledge,4187
2026-05-13 10:50:30.737851,B0D22PKCGW,Alien Word Search Large Print,4225386,Word Search Games,18853
2026-05-13 10:50:47.156820,B0CTPR6KZ4,Alien Word Search,2436177,UFOs (Books),2356
2026-05-13 10:50:47.156822,B0CTPR6KZ4,Alien Word Search,2436177,Ancient & Controversial Knowledge,2702
2026-05-13 10:50:47.156823,B0CTPR6KZ4,Alien Word Search,2436177,Word Search Games,10709
2026-05-13 13:31:00.871923,B0G43ZNNRX,Weather Word Search Large Print,,,
2026-05-13 13:31:17.180399,B0D97NFBG2,Weather Word Search,1123182,Natural Disasters (Books),394
2026-05-13 13:31:17.180405,B0D97NFBG2,Weather Word Search,1123182,Weather (Books),509
2026-05-13 13:31:17.180406,B0D97NFBG2,Weather Word Search,1123182,Word Search Games,5088
2026-05-13 13:31:33.384970,B0D9B6HKC8,Space Word Search,9197881,Solar System (Books),836
2026-05-13 13:31:33.384973,B0D9B6HKC8,Space Word Search,9197881,Astronomy (Books),10544
2026-05-13 13:31:33.384974,B0D9B6HKC8,Space Word Search,9197881,Word Search Games,45513
2026-05-13 13:31:49.693816,B0D986WRQY,Ocean Word Search,,,
2026-05-13 13:32:05.853927,B0D9D6QJKD,Earth Science Word Search,,,
2026-05-13 13:32:22.089934,B0D9DRYQSH,Animal Word Search,,,
2026-05-13 13:32:38.372328,B0FPDF7GQV,Halloween Word Search,7688378,Holidays (Books),888
2026-05-13 13:32:38.372331,B0FPDF7GQV,Halloween Word Search,7688378,Customs & Traditions Social Sciences,5729
2026-05-13 13:32:38.372331,B0FPDF7GQV,Halloween Word Search,7688378,Ghosts & Hauntings,5909
2026-05-13 13:32:54.820191,B0DXP99LNN,Spring Word Search,6173626,Gardening & Landscape Design,27118
2026-05-13 13:32:54.820197,B0DXP99LNN,Spring Word Search,6173626,Word Search Games,29492
2026-05-13 13:32:54.820198,B0DXP99LNN,Spring Word Search,6173626,Word Games (Books),31578
2026-05-13 13:33:11.026987,B0F61TRMXM,Summer Word Search,,,
2026-05-13 13:33:27.203340,B0DTKGRKC2,Romance Word Search,8256566,Humorous Erotica (Books),22559
2026-05-13 13:33:27.203343,B0DTKGRKC2,Romance Word Search,8256566,Romantic Erotica (Books),36853
2026-05-13 13:33:27.203344,B0DTKGRKC2,Romance Word Search,8256566,Word Search Games,40955
2026-05-13 13:33:43.575975,B0DS5HPJ1M,Alien Adult Activity Book,2535201,UFOs (Books),2422
2026-05-13 13:33:43.575978,B0DS5HPJ1M,Alien Adult Activity Book,2535201,Logic & Brain Teasers (Books),5760
2026-05-13 13:33:43.575979,B0DS5HPJ1M,Alien Adult Activity Book,2535201,Puzzles (Books),11517
2026-05-13 13:33:59.815686,B0FJ8TFSZ1,Fall Word Search,6626515,Holidays (Books),766
2026-05-13 13:33:59.815689,B0FJ8TFSZ1,Fall Word Search,6626515,Word Search Games,32116
2026-05-13 13:33:59.815689,B0FJ8TFSZ1,Fall Word Search,6626515,Word Games (Books),34297
2026-05-13 13:34:16.227979,B0G4GQL5TG,Winter Word Search,9491549,Holidays (Books),1072
2026-05-13 13:34:16.227982,B0G4GQL5TG,Winter Word Search,9491549,Word Search Games,47717
2026-05-13 13:34:16.227983,B0G4GQL5TG,Winter Word Search,9491549,Word Games (Books),50450
2026-05-13 13:34:32.636187,B0G5Z47WY7,Christmas Word Search,9491083,Holidays (Books),1071
2026-05-13 13:34:32.636190,B0G5Z47WY7,Christmas Word Search,9491083,Word Search Games,47698
2026-05-13 13:34:32.636190,B0G5Z47WY7,Christmas Word Search,9491083,Word Games (Books),50430
2026-05-13 13:34:49.070040,B0D2HQ2N8G,Cryptids Word Search Large Print,,,
2026-05-13 13:35:05.440128,B0CVNHV3CV,Cryptids Word Search,3898900,Ancient & Controversial Knowledge,3930
2026-05-13 13:35:05.440131,B0CVNHV3CV,Cryptids Word Search,3898900,Unexplained Mysteries (Books),5154
2026-05-13 13:35:05.440131,B0CVNHV3CV,Cryptids Word Search,3898900,Word Search Games,17236
2026-05-13 13:35:21.600525,B0D429W5H1,Sasquatch Word Search,3946578,Unexplained Mysteries (Books),5211
2026-05-13 13:35:21.600528,B0D429W5H1,Sasquatch Word Search,3946578,Word Search Games,17477
2026-05-13 13:35:21.600528,B0D429W5H1,Sasquatch Word Search,3946578,Word Games (Books),19017
2026-05-13 13:35:37.887913,B0D429WWSQ,Sasquatch Word Search,3010176,Unexplained Mysteries (Books),4225
2026-05-13 13:35:37.887916,B0D429WWSQ,Sasquatch Word Search,3010176,Word Search Games,13074
2026-05-13 13:35:37.887917,B0D429WWSQ,Sasquatch Word Search,3010176,Word Games (Books),14376
2026-05-13 13:35:54.153406,B0D22PKCGW,Alien Word Search Large Print,4226630,UFOs (Books),3515
2026-05-13 13:35:54.153408,B0D22PKCGW,Alien Word Search Large Print,4226630,Ancient & Controversial Knowledge,4187
2026-05-13 13:35:54.153409,B0D22PKCGW,Alien Word Search Large Print,4226630,Word Search Games,18856
2026-05-13 13:36:10.582986,B0CTPR6KZ4,Alien Word Search,2437593,UFOs (Books),2356
2026-05-13 13:36:10.582989,B0CTPR6KZ4,Alien Word Search,2437593,Ancient & Controversial Knowledge,2702
2026-05-13 13:36:10.582990,B0CTPR6KZ4,Alien Word Search,2437593,Word Search Games,10711
2026-05-13 16:29:11.722483,B0D9JQ33BX,Paranormal Word Search,,,
2026-05-13 16:29:28.486623,B0D1MYMVCC,Haunted Word Search Large Print,,,
2026-05-13 16:29:44.611057,B0CSZDC243,Haunted Word Search,6871368,Ghosts & Hauntings,5539
2026-05-13 16:29:44.611060,B0CSZDC243,Haunted Word Search,6871368,Psychic Phenomena,7042
2026-05-13 16:29:44.611060,B0CSZDC243,Haunted Word Search,6871368,Supernaturalism (Books),8559
2026-05-13 16:30:01.059645,B0D3XXZRRC,Witches Word Search,6317161,Witchcraft Religion & Spirituality,7343
2026-05-13 16:30:01.059650,B0D3XXZRRC,Witches Word Search,6317161,Spiritualism,10577
2026-05-13 16:30:01.059651,B0D3XXZRRC,Witches Word Search,6317161,Word Search Games,30405
2026-05-13 16:30:17.600113,B0D3XXY1HV,Witches Word Search Large Print,,,
2026-05-13 16:30:33.794506,B0G43ZNNRX,Weather Word Search Large Print,,,
2026-05-13 16:30:49.999164,B0D97NFBG2,Weather Word Search,1125975,Natural Disasters (Books),394
2026-05-13 16:30:49.999166,B0D97NFBG2,Weather Word Search,1125975,Weather (Books),510
2026-05-13 16:30:49.999167,B0D97NFBG2,Weather Word Search,1125975,Word Search Games,5091
2026-05-13 16:31:06.146039,B0D9B6HKC8,Space Word Search,9200454,Solar System (Books),836
2026-05-13 16:31:06.146041,B0D9B6HKC8,Space Word Search,9200454,Astronomy (Books),10544
2026-05-13 16:31:06.146042,B0D9B6HKC8,Space Word Search,9200454,Word Search Games,45514
2026-05-13 16:31:22.462140,B0D986WRQY,Ocean Word Search,,,
2026-05-13 16:31:38.613135,B0D9D6QJKD,Earth Science Word Search,,,
2026-05-13 16:31:54.597428,B0D9DRYQSH,Animal Word Search,,,
2026-05-13 16:32:10.643067,B0FPDF7GQV,Halloween Word Search,7690997,Holidays (Books),888
2026-05-13 16:32:10.643069,B0FPDF7GQV,Halloween Word Search,7690997,Customs & Traditions Social Sciences,5729
2026-05-13 16:32:10.643069,B0FPDF7GQV,Halloween Word Search,7690997,Ghosts & Hauntings,5909
2026-05-13 16:32:26.996977,B0DXP99LNN,Spring Word Search,6176300,Gardening & Landscape Design,27116
2026-05-13 16:32:26.996979,B0DXP99LNN,Spring Word Search,6176300,Word Search Games,29495
2026-05-13 16:32:26.996980,B0DXP99LNN,Spring Word Search,6176300,Word Games (Books),31583
2026-05-13 16:32:43.106424,B0F61TRMXM,Summer Word Search,,,
2026-05-13 16:32:59.351223,B0DTKGRKC2,Romance Word Search,8259159,Humorous Erotica (Books),22556
2026-05-13 16:32:59.351225,B0DTKGRKC2,Romance Word Search,8259159,Romantic Erotica (Books),36855
2026-05-13 16:32:59.351226,B0DTKGRKC2,Romance Word Search,8259159,Word Search Games,40956
2026-05-13 16:33:15.776062,B0DS5HPJ1M,Alien Adult Activity Book,2537978,UFOs (Books),2422
2026-05-13 16:33:15.776068,B0DS5HPJ1M,Alien Adult Activity Book,2537978,Logic & Brain Teasers (Books),5758
2026-05-13 16:33:15.776069,B0DS5HPJ1M,Alien Adult Activity Book,2537978,Puzzles (Books),11516
2026-05-13 16:33:32.005694,B0FJ8TFSZ1,Fall Word Search,6629189,Holidays (Books),766
2026-05-13 16:33:32.005696,B0FJ8TFSZ1,Fall Word Search,6629189,Word Search Games,32119
2026-05-13 16:33:32.005697,B0FJ8TFSZ1,Fall Word Search,6629189,Word Games (Books),34302
2026-05-13 16:33:48.235296,B0G4GQL5TG,Winter Word Search,9494121,Holidays (Books),1072
2026-05-13 16:33:48.235299,B0G4GQL5TG,Winter Word Search,9494121,Word Search Games,47718
2026-05-13 16:33:48.235300,B0G4GQL5TG,Winter Word Search,9494121,Word Games (Books),50454
2026-05-13 16:34:04.537092,B0G5Z47WY7,Christmas Word Search,9493655,Holidays (Books),1071
2026-05-13 16:34:04.537097,B0G5Z47WY7,Christmas Word Search,9493655,Word Search Games,47699
2026-05-13 16:34:04.537098,B0G5Z47WY7,Christmas Word Search,9493655,Word Games (Books),50434
2026-05-13 16:34:20.577893,B0D2HQ2N8G,Cryptids Word Search Large Print,,,
2026-05-13 16:34:36.752038,B0CVNHV3CV,Cryptids Word Search,3901648,Ancient & Controversial Knowledge,3930
2026-05-13 16:34:36.752041,B0CVNHV3CV,Cryptids Word Search,3901648,Unexplained Mysteries (Books),5154
2026-05-13 16:34:36.752041,B0CVNHV3CV,Cryptids Word Search,3901648,Word Search Games,17241
2026-05-13 16:34:52.816394,B0D429W5H1,Sasquatch Word Search,3949324,Unexplained Mysteries (Books),5211
2026-05-13 16:34:52.816396,B0D429W5H1,Sasquatch Word Search,3949324,Word Search Games,17482
2026-05-13 16:34:52.816397,B0D429W5H1,Sasquatch Word Search,3949324,Word Games (Books),19022
2026-05-13 16:35:08.939144,B0D429WWSQ,Sasquatch Word Search,3012946,Unexplained Mysteries (Books),4225
2026-05-13 16:35:08.939146,B0D429WWSQ,Sasquatch Word Search,3012946,Word Search Games,13077
2026-05-13 16:35:08.939146,B0D429WWSQ,Sasquatch Word Search,3012946,Word Games (Books),14380
2026-05-13 16:35:25.144484,B0D22PKCGW,Alien Word Search Large Print,4229369,UFOs (Books),3515
2026-05-13 16:35:25.144486,B0D22PKCGW,Alien Word Search Large Print,4229369,Ancient & Controversial Knowledge,4187
2026-05-13 16:35:25.144486,B0D22PKCGW,Alien Word Search Large Print,4229369,Word Search Games,18861
2026-05-13 16:35:42.085782,B0CTPR6KZ4,Alien Word Search,2440370,UFOs (Books),2356
2026-05-13 16:35:42.085785,B0CTPR6KZ4,Alien Word Search,2440370,Ancient & Controversial Knowledge,2702
2026-05-13 16:35:42.085785,B0CTPR6KZ4,Alien Word Search,2440370,Word Search Games,10715
2026-05-13 19:09:17.145845,B0D3XXY1HV,Witches Word Search Large Print,,,
2026-05-13 19:09:33.885990,B0G43ZNNRX,Weather Word Search Large Print,,,
2026-05-13 19:09:50.102636,B0D97NFBG2,Weather Word Search,1137800,Natural Disasters (Books),394
2026-05-13 19:09:50.102642,B0D97NFBG2,Weather Word Search,1137800,Weather (Books),513
2026-05-13 19:09:50.102643,B0D97NFBG2,Weather Word Search,1137800,Word Search Games,5132
2026-05-13 19:10:06.381927,B0D9B6HKC8,Space Word Search,9202516,Solar System (Books),834
2026-05-13 19:10:06.381929,B0D9B6HKC8,Space Word Search,9202516,Astronomy (Books),10546
2026-05-13 19:10:06.381930,B0D9B6HKC8,Space Word Search,9202516,Word Search Games,45519
2026-05-13 19:10:22.705519,B0D986WRQY,Ocean Word Search,,,
2026-05-13 19:10:39.058308,B0D9D6QJKD,Earth Science Word Search,,,
2026-05-13 19:10:55.296332,B0D9DRYQSH,Animal Word Search,,,
2026-05-13 19:11:11.600367,B0FPDF7GQV,Halloween Word Search,7693242,Holidays (Books),888
2026-05-13 19:11:11.600369,B0FPDF7GQV,Halloween Word Search,7693242,Customs & Traditions Social Sciences,5729
2026-05-13 19:11:11.600370,B0FPDF7GQV,Halloween Word Search,7693242,Ghosts & Hauntings,5911
2026-05-13 19:11:27.924449,B0DXP99LNN,Spring Word Search,6178922,Gardening & Landscape Design,27124
2026-05-13 19:11:27.924452,B0DXP99LNN,Spring Word Search,6178922,Word Search Games,29500
2026-05-13 19:11:27.924453,B0DXP99LNN,Spring Word Search,6178922,Word Games (Books),31590
2026-05-13 19:11:44.243433,B0F61TRMXM,Summer Word Search,,,
2026-05-13 19:12:00.584272,B0DTKGRKC2,Romance Word Search,8261293,Humorous Erotica (Books),22560
2026-05-13 19:12:00.584275,B0DTKGRKC2,Romance Word Search,8261293,Romantic Erotica (Books),36859
2026-05-13 19:12:00.584276,B0DTKGRKC2,Romance Word Search,8261293,Word Search Games,40963
2026-05-13 19:12:16.835252,B0DS5HPJ1M,Alien Adult Activity Book,2543996,UFOs (Books),2428
2026-05-13 19:12:16.835255,B0DS5HPJ1M,Alien Adult Activity Book,2543996,Logic & Brain Teasers (Books),5779
2026-05-13 19:12:16.835255,B0DS5HPJ1M,Alien Adult Activity Book,2543996,Puzzles (Books),11540
2026-05-13 19:12:33.159009,B0FJ8TFSZ1,Fall Word Search,6631665,Holidays (Books),766
2026-05-13 19:12:33.159012,B0FJ8TFSZ1,Fall Word Search,6631665,Word Search Games,32124
2026-05-13 19:12:33.159013,B0FJ8TFSZ1,Fall Word Search,6631665,Word Games (Books),34309
2026-05-13 19:12:49.691032,B0G4GQL5TG,Winter Word Search,9496165,Holidays (Books),1071
2026-05-13 19:12:49.691034,B0G4GQL5TG,Winter Word Search,9496165,Word Search Games,47724
2026-05-13 19:12:49.691035,B0G4GQL5TG,Winter Word Search,9496165,Word Games (Books),50462
2026-05-13 19:13:05.963757,B0G5Z47WY7,Christmas Word Search,9495699,Holidays (Books),1070
2026-05-13 19:13:05.963759,B0G5Z47WY7,Christmas Word Search,9495699,Word Search Games,47705
2026-05-13 19:13:05.963760,B0G5Z47WY7,Christmas Word Search,9495699,Word Games (Books),50442
2026-05-13 19:13:22.183706,B0D2HQ2N8G,Cryptids Word Search Large Print,,,
2026-05-13 19:13:38.424439,B0CVNHV3CV,Cryptids Word Search,3905638,Ancient & Controversial Knowledge,3936
2026-05-13 19:13:38.424442,B0CVNHV3CV,Cryptids Word Search,3905638,Unexplained Mysteries (Books),5160
2026-05-13 19:13:38.424442,B0CVNHV3CV,Cryptids Word Search,3905638,Word Search Games,17254
2026-05-13 19:13:54.710230,B0D429W5H1,Sasquatch Word Search,3953273,Unexplained Mysteries (Books),5217
2026-05-13 19:13:54.710232,B0D429W5H1,Sasquatch Word Search,3953273,Word Search Games,17495
2026-05-13 19:13:54.710233,B0D429W5H1,Sasquatch Word Search,3953273,Word Games (Books),19038
2026-05-13 19:14:10.928807,B0D429WWSQ,Sasquatch Word Search,3018006,Unexplained Mysteries (Books),4235
2026-05-13 19:14:10.928810,B0D429WWSQ,Sasquatch Word Search,3018006,Word Search Games,13092
2026-05-13 19:14:10.928811,B0D429WWSQ,Sasquatch Word Search,3018006,Word Games (Books),14400
2026-05-13 19:14:27.565223,B0D22PKCGW,Alien Word Search Large Print,4233078,UFOs (Books),3518
2026-05-13 19:14:27.565226,B0D22PKCGW,Alien Word Search Large Print,4233078,Ancient & Controversial Knowledge,4193
2026-05-13 19:14:27.565227,B0D22PKCGW,Alien Word Search Large Print,4233078,Word Search Games,18872
2026-05-13 19:14:43.774700,B0CTPR6KZ4,Alien Word Search,2446520,UFOs (Books),2362
2026-05-13 19:14:43.774702,B0CTPR6KZ4,Alien Word Search,2446520,Ancient & Controversial Knowledge,2713
2026-05-13 19:14:43.774702,B0CTPR6KZ4,Alien Word Search,2446520,Word Search Games,10736
2026-05-13 21:51:57.438039,B0D97NFBG2,Weather Word Search,,,
2026-05-13 21:52:14.344866,B0D9B6HKC8,Space Word Search,9205322,Solar System (Books),835
2026-05-13 21:52:14.344868,B0D9B6HKC8,Space Word Search,9205322,Astronomy (Books),10563
2026-05-13 21:52:14.344869,B0D9B6HKC8,Space Word Search,9205322,Word Search Games,45557
2026-05-13 21:52:30.964423,B0D986WRQY,Ocean Word Search,,,
2026-05-13 21:52:47.397865,B0D9D6QJKD,Earth Science Word Search,,,
2026-05-13 21:53:03.801628,B0D9DRYQSH,Animal Word Search,,,
2026-05-13 21:53:20.073820,B0FPDF7GQV,Halloween Word Search,7696877,Holidays (Books),888
2026-05-13 21:53:20.073823,B0FPDF7GQV,Halloween Word Search,7696877,Customs & Traditions Social Sciences,5735
2026-05-13 21:53:20.073824,B0FPDF7GQV,Halloween Word Search,7696877,Ghosts & Hauntings,5911
2026-05-13 21:53:36.598814,B0DXP99LNN,Spring Word Search,6183772,Gardening & Landscape Design,27168
2026-05-13 21:53:36.598817,B0DXP99LNN,Spring Word Search,6183772,Word Search Games,29543
2026-05-13 21:53:36.598818,B0DXP99LNN,Spring Word Search,6183772,Word Games (Books),31636
2026-05-13 21:53:52.922878,B0F61TRMXM,Summer Word Search,,,
2026-05-13 21:54:09.367951,B0DTKGRKC2,Romance Word Search,8264569,Humorous Erotica (Books),22568
2026-05-13 21:54:09.367953,B0DTKGRKC2,Romance Word Search,8264569,Romantic Erotica (Books),36872
2026-05-13 21:54:09.367953,B0DTKGRKC2,Romance Word Search,8264569,Word Search Games,41002
2026-05-13 21:54:25.805416,B0DS5HPJ1M,Alien Adult Activity Book,2557515,UFOs (Books),2445
2026-05-13 21:54:25.805418,B0DS5HPJ1M,Alien Adult Activity Book,2557515,Logic & Brain Teasers (Books),5807
2026-05-13 21:54:25.805418,B0DS5HPJ1M,Alien Adult Activity Book,2557515,Puzzles (Books),11614
2026-05-13 21:54:42.373508,B0FJ8TFSZ1,Fall Word Search,6636077,Holidays (Books),766
2026-05-13 21:54:42.373510,B0FJ8TFSZ1,Fall Word Search,6636077,Word Search Games,32166
2026-05-13 21:54:42.373511,B0FJ8TFSZ1,Fall Word Search,6636077,Word Games (Books),34354
2026-05-13 21:54:58.911187,B0G4GQL5TG,Winter Word Search,9498812,Holidays (Books),1071
2026-05-13 21:54:58.911190,B0G4GQL5TG,Winter Word Search,9498812,Word Search Games,47762
2026-05-13 21:54:58.911191,B0G4GQL5TG,Winter Word Search,9498812,Word Games (Books),50503
2026-05-13 21:55:15.345187,B0G5Z47WY7,Christmas Word Search,9498346,Holidays (Books),1070
2026-05-13 21:55:15.345190,B0G5Z47WY7,Christmas Word Search,9498346,Word Search Games,47743
2026-05-13 21:55:15.345190,B0G5Z47WY7,Christmas Word Search,9498346,Word Games (Books),50483
2026-05-13 21:55:31.621045,B0D2HQ2N8G,Cryptids Word Search Large Print,,,
2026-05-13 21:55:48.095563,B0CVNHV3CV,Cryptids Word Search,3914064,Ancient & Controversial Knowledge,3945
2026-05-13 21:55:48.095565,B0CVNHV3CV,Cryptids Word Search,3914064,Unexplained Mysteries (Books),5171
2026-05-13 21:55:48.095565,B0CVNHV3CV,Cryptids Word Search,3914064,Word Search Games,17311
2026-05-13 21:56:04.425305,B0D429W5H1,Sasquatch Word Search,3961596,Unexplained Mysteries (Books),5228
2026-05-13 21:56:04.425308,B0D429W5H1,Sasquatch Word Search,3961596,Word Search Games,17552
2026-05-13 21:56:04.425308,B0D429W5H1,Sasquatch Word Search,3961596,Word Games (Books),19099
2026-05-13 21:56:21.029658,B0D429WWSQ,Sasquatch Word Search,3029236,Unexplained Mysteries (Books),4247
2026-05-13 21:56:21.029660,B0D429WWSQ,Sasquatch Word Search,3029236,Word Search Games,13161
2026-05-13 21:56:21.029661,B0D429WWSQ,Sasquatch Word Search,3029236,Word Games (Books),14473
2026-05-13 21:56:37.511185,B0D22PKCGW,Alien Word Search Large Print,4240761,UFOs (Books),3529
2026-05-13 21:56:37.511187,B0D22PKCGW,Alien Word Search Large Print,4240761,Ancient & Controversial Knowledge,4202
2026-05-13 21:56:37.511188,B0D22PKCGW,Alien Word Search Large Print,4240761,Word Search Games,18927
2026-05-13 21:56:53.994377,B0CTPR6KZ4,Alien Word Search,2460401,UFOs (Books),2380
2026-05-13 21:56:53.994379,B0CTPR6KZ4,Alien Word Search,2460401,Ancient & Controversial Knowledge,2729
2026-05-13 21:56:53.994379,B0CTPR6KZ4,Alien Word Search,2460401,Word Search Games,10817
2026-05-13 23:15:52.970785,B0D1MYMVCC,Haunted Word Search Large Print,,,
2026-05-13 23:16:09.758257,B0CSZDC243,Haunted Word Search,6879161,Ghosts & Hauntings,5543
2026-05-13 23:16:09.758259,B0CSZDC243,Haunted Word Search,6879161,Psychic Phenomena,7046
2026-05-13 23:16:09.758260,B0CSZDC243,Haunted Word Search,6879161,Supernaturalism (Books),8564
2026-05-13 23:16:26.136658,B0D3XXZRRC,Witches Word Search,6325566,Witchcraft Religion & Spirituality,7354
2026-05-13 23:16:26.136664,B0D3XXZRRC,Witches Word Search,6325566,Spiritualism,10594
2026-05-13 23:16:26.136665,B0D3XXZRRC,Witches Word Search,6325566,Word Search Games,30456
2026-05-13 23:16:42.551247,B0D3XXY1HV,Witches Word Search Large Print,,,
2026-05-13 23:16:59.047510,B0G43ZNNRX,Weather Word Search Large Print,,,
2026-05-13 23:17:15.600995,B0D97NFBG2,Weather Word Search,1165616,Natural Disasters (Books),405
2026-05-13 23:17:15.600998,B0D97NFBG2,Weather Word Search,1165616,Weather (Books),538
2026-05-13 23:17:15.600999,B0D97NFBG2,Weather Word Search,1165616,Word Search Games,5244
2026-05-13 23:17:31.840280,B0D9B6HKC8,Space Word Search,9206771,Solar System (Books),835
2026-05-13 23:17:31.840282,B0D9B6HKC8,Space Word Search,9206771,Astronomy (Books),10566
2026-05-13 23:17:31.840282,B0D9B6HKC8,Space Word Search,9206771,Word Search Games,45560
2026-05-13 23:17:48.264973,B0D986WRQY,Ocean Word Search,,,
2026-05-13 23:18:04.517769,B0D9D6QJKD,Earth Science Word Search,,,
2026-05-13 23:18:20.943872,B0D9DRYQSH,Animal Word Search,,,
2026-05-13 23:18:37.315039,B0FPDF7GQV,Halloween Word Search,7698149,Holidays (Books),889
2026-05-13 23:18:37.315041,B0FPDF7GQV,Halloween Word Search,7698149,Customs & Traditions Social Sciences,5735
2026-05-13 23:18:37.315042,B0FPDF7GQV,Halloween Word Search,7698149,Ghosts & Hauntings,5913
2026-05-13 23:18:53.722971,B0DXP99LNN,Spring Word Search,6184887,Gardening & Landscape Design,27139
2026-05-13 23:18:53.722973,B0DXP99LNN,Spring Word Search,6184887,Word Search Games,29546
2026-05-13 23:18:53.722974,B0DXP99LNN,Spring Word Search,6184887,Word Games (Books),31639
2026-05-13 23:19:09.895966,B0F61TRMXM,Summer Word Search,,,
2026-05-13 23:19:26.260959,B0DTKGRKC2,Romance Word Search,8265912,Humorous Erotica (Books),22573
2026-05-13 23:19:26.260961,B0DTKGRKC2,Romance Word Search,8265912,Romantic Erotica (Books),36879
2026-05-13 23:19:26.260961,B0DTKGRKC2,Romance Word Search,8265912,Word Search Games,41005
2026-05-13 23:19:42.656308,B0DS5HPJ1M,Alien Adult Activity Book,2558385,UFOs (Books),2445
2026-05-13 23:19:42.656310,B0DS5HPJ1M,Alien Adult Activity Book,2558385,Logic & Brain Teasers (Books),5809
2026-05-13 23:19:42.656311,B0DS5HPJ1M,Alien Adult Activity Book,2558385,Puzzles (Books),11615
2026-05-13 23:19:59.156865,B0FJ8TFSZ1,Fall Word Search,6637235,Holidays (Books),767
2026-05-13 23:19:59.156868,B0FJ8TFSZ1,Fall Word Search,6637235,Word Search Games,32169
2026-05-13 23:19:59.156869,B0FJ8TFSZ1,Fall Word Search,6637235,Word Games (Books),34357
2026-05-13 23:20:15.502686,B0G4GQL5TG,Winter Word Search,9500330,Holidays (Books),1073
2026-05-13 23:20:15.502688,B0G4GQL5TG,Winter Word Search,9500330,Word Search Games,47766
2026-05-13 23:20:15.502688,B0G4GQL5TG,Winter Word Search,9500330,Word Games (Books),50507
2026-05-13 23:20:31.893023,B0G5Z47WY7,Christmas Word Search,9499864,Holidays (Books),1072
2026-05-13 23:20:31.893025,B0G5Z47WY7,Christmas Word Search,9499864,Word Search Games,47747
2026-05-13 23:20:31.893025,B0G5Z47WY7,Christmas Word Search,9499864,Word Games (Books),50487
2026-05-13 23:20:48.221011,B0D2HQ2N8G,Cryptids Word Search Large Print,,,
2026-05-13 23:21:04.512971,B0CVNHV3CV,Cryptids Word Search,3914996,Ancient & Controversial Knowledge,3943
2026-05-13 23:21:04.512973,B0CVNHV3CV,Cryptids Word Search,3914996,Unexplained Mysteries (Books),5174
2026-05-13 23:21:04.512973,B0CVNHV3CV,Cryptids Word Search,3914996,Word Search Games,17312
2026-05-13 23:21:20.697593,B0D429W5H1,Sasquatch Word Search,3962532,Unexplained Mysteries (Books),5231
2026-05-13 23:21:20.697595,B0D429W5H1,Sasquatch Word Search,3962532,Word Search Games,17553
2026-05-13 23:21:20.697595,B0D429W5H1,Sasquatch Word Search,3962532,Word Games (Books),19100
2026-05-13 23:21:37.087465,B0D429WWSQ,Sasquatch Word Search,3030130,Unexplained Mysteries (Books),4249
2026-05-13 23:21:37.087467,B0D429WWSQ,Sasquatch Word Search,3030130,Word Search Games,13161
2026-05-13 23:21:37.087467,B0D429WWSQ,Sasquatch Word Search,3030130,Word Games (Books),14473
2026-05-13 23:21:53.435631,B0D22PKCGW,Alien Word Search Large Print,4241718,UFOs (Books),3529
2026-05-13 23:21:53.435632,B0D22PKCGW,Alien Word Search Large Print,4241718,Ancient & Controversial Knowledge,4200
2026-05-13 23:21:53.435633,B0D22PKCGW,Alien Word Search Large Print,4241718,Word Search Games,18928
2026-05-13 23:22:09.872108,B0CTPR6KZ4,Alien Word Search,2461269,UFOs (Books),2380
2026-05-13 23:22:09.872111,B0CTPR6KZ4,Alien Word Search,2461269,Ancient & Controversial Knowledge,2727
2026-05-13 23:22:09.872111,B0CTPR6KZ4,Alien Word Search,2461269,Word Search Games,10817
2026-05-14 04:12:19.326613,B0G43ZNNRX,Weather Word Search Large Print,,,
2026-05-14 04:12:36.238309,B0D97NFBG2,Weather Word Search,1248203,Natural Disasters (Books),422
2026-05-14 04:12:36.238315,B0D97NFBG2,Weather Word Search,1248203,Weather (Books),579
2026-05-14 04:12:36.238317,B0D97NFBG2,Weather Word Search,1248203,Word Search Games,5549
2026-05-14 04:12:52.615412,B0D9B6HKC8,Space Word Search,9212101,Solar System (Books),835
2026-05-14 04:12:52.615415,B0D9B6HKC8,Space Word Search,9212101,Astronomy (Books),10570
2026-05-14 04:12:52.615416,B0D9B6HKC8,Space Word Search,9212101,Word Search Games,45586
2026-05-14 04:13:09.129159,B0D986WRQY,Ocean Word Search,,,
2026-05-14 04:13:25.390492,B0D9D6QJKD,Earth Science Word Search,,,
2026-05-14 04:13:41.597686,B0D9DRYQSH,Animal Word Search,,,
2026-05-14 04:13:58.856061,B0FPDF7GQV,Halloween Word Search,7693173,Holidays (Books),889
2026-05-14 04:13:58.856063,B0FPDF7GQV,Halloween Word Search,7693173,Customs & Traditions Social Sciences,5727
2026-05-14 04:13:58.856063,B0FPDF7GQV,Halloween Word Search,7693173,Ghosts & Hauntings,5910
2026-05-14 04:14:15.183447,B0DXP99LNN,Spring Word Search,6177115,Gardening & Landscape Design,27120
2026-05-14 04:14:15.183452,B0DXP99LNN,Spring Word Search,6177115,Word Search Games,29504
2026-05-14 04:14:15.183453,B0DXP99LNN,Spring Word Search,6177115,Word Games (Books),31595
2026-05-14 04:14:31.654522,B0F61TRMXM,Summer Word Search,,,
2026-05-14 04:14:48.061027,B0DTKGRKC2,Romance Word Search,8271865,Humorous Erotica (Books),22574
2026-05-14 04:14:48.061030,B0DTKGRKC2,Romance Word Search,8271865,Romantic Erotica (Books),36897
2026-05-14 04:14:48.061031,B0DTKGRKC2,Romance Word Search,8271865,Word Search Games,41033
2026-05-14 04:15:05.853147,B0DS5HPJ1M,Alien Adult Activity Book,2549699,UFOs (Books),2457
2026-05-14 04:15:05.853149,B0DS5HPJ1M,Alien Adult Activity Book,2549699,Logic & Brain Teasers (Books),5874
2026-05-14 04:15:05.853150,B0DS5HPJ1M,Alien Adult Activity Book,2549699,Puzzles (Books),11714
2026-05-14 04:15:22.342044,B0FJ8TFSZ1,Fall Word Search,6629255,Holidays (Books),768
2026-05-14 04:15:22.342046,B0FJ8TFSZ1,Fall Word Search,6629255,Word Search Games,32140
2026-05-14 04:15:22.342047,B0FJ8TFSZ1,Fall Word Search,6629255,Word Games (Books),34325
2026-05-14 04:15:38.843736,B0G4GQL5TG,Winter Word Search,9505513,Holidays (Books),1074
2026-05-14 04:15:38.843738,B0G4GQL5TG,Winter Word Search,9505513,Word Search Games,47792
2026-05-14 04:15:38.843739,B0G4GQL5TG,Winter Word Search,9505513,Word Games (Books),50533
2026-05-14 04:15:55.175439,B0G5Z47WY7,Christmas Word Search,9505047,Holidays (Books),1073
2026-05-14 04:15:55.175441,B0G5Z47WY7,Christmas Word Search,9505047,Word Search Games,47773
2026-05-14 04:15:55.175441,B0G5Z47WY7,Christmas Word Search,9505047,Word Games (Books),50513
2026-05-14 04:16:11.581477,B0D2HQ2N8G,Cryptids Word Search Large Print,,,
2026-05-14 04:16:28.003772,B0CVNHV3CV,Cryptids Word Search,3891580,Ancient & Controversial Knowledge,3923
2026-05-14 04:16:28.003774,B0CVNHV3CV,Cryptids Word Search,3891580,Unexplained Mysteries (Books),5148
2026-05-14 04:16:28.003774,B0CVNHV3CV,Cryptids Word Search,3891580,Word Search Games,17217
2026-05-14 04:16:44.253335,B0D429W5H1,Sasquatch Word Search,3938411,Unexplained Mysteries (Books),5195
2026-05-14 04:16:44.253337,B0D429W5H1,Sasquatch Word Search,3938411,Word Search Games,17437
2026-05-14 04:16:44.253338,B0D429W5H1,Sasquatch Word Search,3938411,Word Games (Books),18972
2026-05-14 04:17:00.624816,B0D429WWSQ,Sasquatch Word Search,3059472,Unexplained Mysteries (Books),4276
2026-05-14 04:17:00.624819,B0D429WWSQ,Sasquatch Word Search,3059472,Word Search Games,13318
2026-05-14 04:17:00.624820,B0D429WWSQ,Sasquatch Word Search,3059472,Word Games (Books),14636
2026-05-14 04:17:17.075763,B0D22PKCGW,Alien Word Search Large Print,4226347,UFOs (Books),3526
2026-05-14 04:17:17.075767,B0D22PKCGW,Alien Word Search Large Print,4226347,Ancient & Controversial Knowledge,4189
2026-05-14 04:17:17.075768,B0D22PKCGW,Alien Word Search Large Print,4226347,Word Search Games,18872
2026-05-14 04:17:33.470537,B0CTPR6KZ4,Alien Word Search,2476702,UFOs (Books),2393
2026-05-14 04:17:33.470539,B0CTPR6KZ4,Alien Word Search,2476702,Ancient & Controversial Knowledge,2738
2026-05-14 04:17:33.470539,B0CTPR6KZ4,Alien Word Search,2476702,Word Search Games,10898
2026-05-14 07:59:01.492356,B0D97NFBG2,Weather Word Search,1248153,Natural Disasters (Books),422
2026-05-14 07:59:01.492362,B0D97NFBG2,Weather Word Search,1248153,Weather (Books),579
2026-05-14 07:59:01.492363,B0D97NFBG2,Weather Word Search,1248153,Word Search Games,5551
2026-05-14 07:59:17.631855,B0D9B6HKC8,Space Word Search,9211864,Solar System (Books),835
2026-05-14 07:59:17.631859,B0D9B6HKC8,Space Word Search,9211864,Astronomy (Books),10567
2026-05-14 07:59:17.631860,B0D9B6HKC8,Space Word Search,9211864,Word Search Games,45600
2026-05-14 07:59:33.889605,B0D986WRQY,Ocean Word Search,,,
2026-05-14 07:59:50.083997,B0D9D6QJKD,Earth Science Word Search,,,
2026-05-14 08:00:06.176430,B0D9DRYQSH,Animal Word Search,,,
2026-05-14 08:00:22.332572,B0FPDF7GQV,Halloween Word Search,7692992,Holidays (Books),889
2026-05-14 08:00:22.332577,B0FPDF7GQV,Halloween Word Search,7692992,Customs & Traditions Social Sciences,5727
2026-05-14 08:00:22.332577,B0FPDF7GQV,Halloween Word Search,7692992,Ghosts & Hauntings,5910
2026-05-14 08:00:38.735672,B0DXP99LNN,Spring Word Search,6176972,Gardening & Landscape Design,27118
2026-05-14 08:00:38.735675,B0DXP99LNN,Spring Word Search,6176972,Word Search Games,29510
2026-05-14 08:00:38.735676,B0DXP99LNN,Spring Word Search,6176972,Word Games (Books),31615
2026-05-14 08:00:54.820502,B0F61TRMXM,Summer Word Search,,,
2026-05-14 08:01:10.926497,B0DTKGRKC2,Romance Word Search,8271662,Humorous Erotica (Books),22575
2026-05-14 08:01:10.926501,B0DTKGRKC2,Romance Word Search,8271662,Romantic Erotica (Books),36899
2026-05-14 08:01:10.926502,B0DTKGRKC2,Romance Word Search,8271662,Word Search Games,41047
2026-05-14 08:01:26.973512,B0DS5HPJ1M,Alien Adult Activity Book,2549613,UFOs (Books),2457
2026-05-14 08:01:26.973516,B0DS5HPJ1M,Alien Adult Activity Book,2549613,Logic & Brain Teasers (Books),5877
2026-05-14 08:01:26.973516,B0DS5HPJ1M,Alien Adult Activity Book,2549613,Puzzles (Books),11723
2026-05-14 08:01:43.211241,B0FJ8TFSZ1,Fall Word Search,6629102,Holidays (Books),768
2026-05-14 08:01:43.211247,B0FJ8TFSZ1,Fall Word Search,6629102,Word Search Games,32147
2026-05-14 08:01:43.211248,B0FJ8TFSZ1,Fall Word Search,6629102,Word Games (Books),34349
2026-05-14 08:01:59.485262,B0G4GQL5TG,Winter Word Search,9505259,Holidays (Books),1074
2026-05-14 08:01:59.485265,B0G4GQL5TG,Winter Word Search,9505259,Word Search Games,47807
2026-05-14 08:01:59.485266,B0G4GQL5TG,Winter Word Search,9505259,Word Games (Books),50568
2026-05-14 08:02:15.714146,B0G5Z47WY7,Christmas Word Search,9504793,Holidays (Books),1073
2026-05-14 08:02:15.714149,B0G5Z47WY7,Christmas Word Search,9504793,Word Search Games,47788
2026-05-14 08:02:15.714150,B0G5Z47WY7,Christmas Word Search,9504793,Word Games (Books),50548
2026-05-14 08:02:31.848136,B0D2HQ2N8G,Cryptids Word Search Large Print,,,
2026-05-14 08:02:48.127020,B0CVNHV3CV,Cryptids Word Search,3891473,Ancient & Controversial Knowledge,3923
2026-05-14 08:02:48.127024,B0CVNHV3CV,Cryptids Word Search,3891473,Unexplained Mysteries (Books),5148
2026-05-14 08:02:48.127025,B0CVNHV3CV,Cryptids Word Search,3891473,Word Search Games,17222
2026-05-14 08:03:04.090162,B0D429W5H1,Sasquatch Word Search,3938305,Unexplained Mysteries (Books),5195
2026-05-14 08:03:04.090167,B0D429W5H1,Sasquatch Word Search,3938305,Word Search Games,17442
2026-05-14 08:03:04.090168,B0D429W5H1,Sasquatch Word Search,3938305,Word Games (Books),18983
2026-05-14 08:03:20.274838,B0D429WWSQ,Sasquatch Word Search,3059382,Unexplained Mysteries (Books),4276
2026-05-14 08:03:20.274842,B0D429WWSQ,Sasquatch Word Search,3059382,Word Search Games,13322
2026-05-14 08:03:20.274843,B0D429WWSQ,Sasquatch Word Search,3059382,Word Games (Books),14645
2026-05-14 08:03:36.384197,B0D22PKCGW,Alien Word Search Large Print,4226231,UFOs (Books),3526
2026-05-14 08:03:36.384201,B0D22PKCGW,Alien Word Search Large Print,4226231,Ancient & Controversial Knowledge,4189
2026-05-14 08:03:36.384202,B0D22PKCGW,Alien Word Search Large Print,4226231,Word Search Games,18877
2026-05-14 08:03:52.569748,B0CTPR6KZ4,Alien Word Search,2476616,UFOs (Books),2393
2026-05-14 08:03:52.569752,B0CTPR6KZ4,Alien Word Search,2476616,Ancient & Controversial Knowledge,2738
2026-05-14 08:03:52.569753,B0CTPR6KZ4,Alien Word Search,2476616,Word Search Games,10903
2026-05-14 10:31:16.193321,B0D1MYMVCC,Haunted Word Search Large Print,,,
2026-05-14 10:31:32.912571,B0CSZDC243,Haunted Word Search,6879446,Ghosts & Hauntings,5539
2026-05-14 10:31:32.912573,B0CSZDC243,Haunted Word Search,6879446,Psychic Phenomena,7040
2026-05-14 10:31:32.912574,B0CSZDC243,Haunted Word Search,6879446,Supernaturalism (Books),8560
2026-05-14 10:31:49.128183,B0D3XXZRRC,Witches Word Search,6355599,Witchcraft Religion & Spirituality,7374
2026-05-14 10:31:49.128190,B0D3XXZRRC,Witches Word Search,6355599,Spiritualism,10622
2026-05-14 10:31:49.128192,B0D3XXZRRC,Witches Word Search,6355599,Word Search Games,30617
2026-05-14 10:32:05.409135,B0D3XXY1HV,Witches Word Search Large Print,,,
2026-05-14 10:32:21.477639,B0G43ZNNRX,Weather Word Search Large Print,,,
2026-05-14 10:32:37.761442,B0D97NFBG2,Weather Word Search,1284306,Natural Disasters (Books),425
2026-05-14 10:32:37.761445,B0D97NFBG2,Weather Word Search,1284306,Weather (Books),596
2026-05-14 10:32:37.761446,B0D97NFBG2,Weather Word Search,1284306,Word Search Games,5693
2026-05-14 10:32:53.774317,B0D9B6HKC8,Space Word Search,9214989,Solar System (Books),834
2026-05-14 10:32:53.774320,B0D9B6HKC8,Space Word Search,9214989,Astronomy (Books),10567
2026-05-14 10:32:53.774320,B0D9B6HKC8,Space Word Search,9214989,Word Search Games,45599
2026-05-14 10:33:10.015136,B0D986WRQY,Ocean Word Search,,,
2026-05-14 10:33:26.043622,B0D9D6QJKD,Earth Science Word Search,,,
2026-05-14 10:33:42.027264,B0D9DRYQSH,Animal Word Search,,,
2026-05-14 10:33:58.200445,B0FPDF7GQV,Halloween Word Search,7697608,Holidays (Books),889
2026-05-14 10:33:58.200447,B0FPDF7GQV,Halloween Word Search,7697608,Customs & Traditions Social Sciences,5726
2026-05-14 10:33:58.200448,B0FPDF7GQV,Halloween Word Search,7697608,Ghosts & Hauntings,5910
2026-05-14 10:34:14.249345,B0DXP99LNN,Spring Word Search,6183532,Gardening & Landscape Design,27121
2026-05-14 10:34:14.249347,B0DXP99LNN,Spring Word Search,6183532,Word Search Games,29525
2026-05-14 10:34:14.249348,B0DXP99LNN,Spring Word Search,6183532,Word Games (Books),31633
2026-05-14 10:34:30.179117,B0F61TRMXM,Summer Word Search,,,
2026-05-14 10:34:46.294386,B0DTKGRKC2,Romance Word Search,8275944,Humorous Erotica (Books),22569
2026-05-14 10:34:46.294388,B0DTKGRKC2,Romance Word Search,8275944,Romantic Erotica (Books),36906
2026-05-14 10:34:46.294389,B0DTKGRKC2,Romance Word Search,8275944,Word Search Games,41050
2026-05-14 10:35:02.449237,B0DS5HPJ1M,Alien Adult Activity Book,2568996,UFOs (Books),2462
2026-05-14 10:35:02.449239,B0DS5HPJ1M,Alien Adult Activity Book,2568996,Logic & Brain Teasers (Books),5908
2026-05-14 10:35:02.449240,B0DS5HPJ1M,Alien Adult Activity Book,2568996,Puzzles (Books),11799
2026-05-14 10:35:18.701886,B0FJ8TFSZ1,Fall Word Search,6634865,Holidays (Books),768
2026-05-14 10:35:18.701888,B0FJ8TFSZ1,Fall Word Search,6634865,Word Search Games,32153
2026-05-14 10:35:18.701889,B0FJ8TFSZ1,Fall Word Search,6634865,Word Games (Books),34358
2026-05-14 10:35:34.929823,B0G4GQL5TG,Winter Word Search,9508244,Holidays (Books),1074
2026-05-14 10:35:34.929825,B0G4GQL5TG,Winter Word Search,9508244,Word Search Games,47808
2026-05-14 10:35:34.929826,B0G4GQL5TG,Winter Word Search,9508244,Word Games (Books),50572
2026-05-14 10:35:51.128238,B0G5Z47WY7,Christmas Word Search,9507778,Holidays (Books),1073
2026-05-14 10:35:51.128240,B0G5Z47WY7,Christmas Word Search,9507778,Word Search Games,47789
2026-05-14 10:35:51.128241,B0G5Z47WY7,Christmas Word Search,9507778,Word Games (Books),50552
2026-05-14 10:36:07.131724,B0D2HQ2N8G,Cryptids Word Search Large Print,,,
2026-05-14 10:36:23.293321,B0CVNHV3CV,Cryptids Word Search,3903858,Ancient & Controversial Knowledge,3933
2026-05-14 10:36:23.293324,B0CVNHV3CV,Cryptids Word Search,3903858,Unexplained Mysteries (Books),5159
2026-05-14 10:36:23.293324,B0CVNHV3CV,Cryptids Word Search,3903858,Word Search Games,17263
2026-05-14 10:36:39.297114,B0D429W5H1,Sasquatch Word Search,3950599,Unexplained Mysteries (Books),5206
2026-05-14 10:36:39.297116,B0D429W5H1,Sasquatch Word Search,3950599,Word Search Games,17484
2026-05-14 10:36:39.297117,B0D429W5H1,Sasquatch Word Search,3950599,Word Games (Books),19031
2026-05-14 10:36:55.417117,B0D429WWSQ,Sasquatch Word Search,3075713,Unexplained Mysteries (Books),4292
2026-05-14 10:36:55.417119,B0D429WWSQ,Sasquatch Word Search,3075713,Word Search Games,13377
2026-05-14 10:36:55.417119,B0D429WWSQ,Sasquatch Word Search,3075713,Word Games (Books),14709
2026-05-14 10:37:11.507314,B0D22PKCGW,Alien Word Search Large Print,4237451,UFOs (Books),3527
2026-05-14 10:37:11.507315,B0D22PKCGW,Alien Word Search Large Print,4237451,Ancient & Controversial Knowledge,4196
2026-05-14 10:37:11.507316,B0D22PKCGW,Alien Word Search Large Print,4237451,Word Search Games,18914
2026-05-14 10:37:27.678289,B0CTPR6KZ4,Alien Word Search,2496527,UFOs (Books),2397
2026-05-14 10:37:27.678291,B0CTPR6KZ4,Alien Word Search,2496527,Ancient & Controversial Knowledge,2762
2026-05-14 10:37:27.678292,B0CTPR6KZ4,Alien Word Search,2496527,Word Search Games,10966
2026-05-14 13:00:17.484597,B0D9JQ33BX,Paranormal Word Search,,,
2026-05-14 13:00:34.308751,B0D1MYMVCC,Haunted Word Search Large Print,,,
2026-05-14 13:00:50.416557,B0CSZDC243,Haunted Word Search,6879452,Ghosts & Hauntings,5538
2026-05-14 13:00:50.416560,B0CSZDC243,Haunted Word Search,6879452,Psychic Phenomena,7039
2026-05-14 13:00:50.416560,B0CSZDC243,Haunted Word Search,6879452,Supernaturalism (Books),8559
2026-05-14 13:01:06.595460,B0D3XXZRRC,Witches Word Search,6355604,Witchcraft Religion & Spirituality,7374
2026-05-14 13:01:06.595465,B0D3XXZRRC,Witches Word Search,6355604,Spiritualism,10621
2026-05-14 13:01:06.595466,B0D3XXZRRC,Witches Word Search,6355604,Word Search Games,30617
2026-05-14 13:01:22.647780,B0D3XXY1HV,Witches Word Search Large Print,,,
2026-05-14 13:01:38.771597,B0G43ZNNRX,Weather Word Search Large Print,,,
2026-05-14 13:01:54.961725,B0D97NFBG2,Weather Word Search,1284311,Natural Disasters (Books),425
2026-05-14 13:01:54.961727,B0D97NFBG2,Weather Word Search,1284311,Weather (Books),596
2026-05-14 13:01:54.961728,B0D97NFBG2,Weather Word Search,1284311,Word Search Games,5694
2026-05-14 13:02:11.121750,B0D9B6HKC8,Space Word Search,9214996,Solar System (Books),834
2026-05-14 13:02:11.121753,B0D9B6HKC8,Space Word Search,9214996,Astronomy (Books),10565
2026-05-14 13:02:11.121754,B0D9B6HKC8,Space Word Search,9214996,Word Search Games,45600
2026-05-14 13:02:27.279132,B0D986WRQY,Ocean Word Search,,,
2026-05-14 13:02:43.374445,B0D9D6QJKD,Earth Science Word Search,,,
2026-05-14 13:02:59.411530,B0D9DRYQSH,Animal Word Search,,,
2026-05-14 13:03:15.486004,B0FPDF7GQV,Halloween Word Search,7697614,Holidays (Books),889
2026-05-14 13:03:15.486007,B0FPDF7GQV,Halloween Word Search,7697614,Customs & Traditions Social Sciences,5727
2026-05-14 13:03:15.486008,B0FPDF7GQV,Halloween Word Search,7697614,Ghosts & Hauntings,5909
2026-05-14 13:03:31.661018,B0DXP99LNN,Spring Word Search,6183538,Gardening & Landscape Design,27119
2026-05-14 13:03:31.661025,B0DXP99LNN,Spring Word Search,6183538,Word Search Games,29525
2026-05-14 13:03:31.661026,B0DXP99LNN,Spring Word Search,6183538,Word Games (Books),31634
2026-05-14 13:03:47.699053,B0F61TRMXM,Summer Word Search,,,
2026-05-14 13:04:03.879499,B0DTKGRKC2,Romance Word Search,8275950,Humorous Erotica (Books),22571
2026-05-14 13:04:03.879501,B0DTKGRKC2,Romance Word Search,8275950,Romantic Erotica (Books),36904
2026-05-14 13:04:03.879502,B0DTKGRKC2,Romance Word Search,8275950,Word Search Games,41051
2026-05-14 13:04:20.039895,B0DS5HPJ1M,Alien Adult Activity Book,2569000,UFOs (Books),2461
2026-05-14 13:04:20.039899,B0DS5HPJ1M,Alien Adult Activity Book,2569000,Logic & Brain Teasers (Books),5909
2026-05-14 13:04:20.039899,B0DS5HPJ1M,Alien Adult Activity Book,2569000,Puzzles (Books),11800
2026-05-14 13:04:36.174959,B0FJ8TFSZ1,Fall Word Search,6634871,Holidays (Books),768
2026-05-14 13:04:36.174962,B0FJ8TFSZ1,Fall Word Search,6634871,Word Search Games,32153
2026-05-14 13:04:36.174963,B0FJ8TFSZ1,Fall Word Search,6634871,Word Games (Books),34359
2026-05-14 13:04:52.371241,B0G4GQL5TG,Winter Word Search,9508251,Holidays (Books),1074
2026-05-14 13:04:52.371243,B0G4GQL5TG,Winter Word Search,9508251,Word Search Games,47809
2026-05-14 13:04:52.371243,B0G4GQL5TG,Winter Word Search,9508251,Word Games (Books),50573
2026-05-14 13:05:08.588144,B0G5Z47WY7,Christmas Word Search,9507449,Holidays (Books),1073
2026-05-14 13:05:08.588147,B0G5Z47WY7,Christmas Word Search,9507449,Word Search Games,47788
2026-05-14 13:05:08.588148,B0G5Z47WY7,Christmas Word Search,9507449,Word Games (Books),50551
2026-05-14 13:05:24.623559,B0D2HQ2N8G,Cryptids Word Search Large Print,,,
2026-05-14 13:05:40.735190,B0CVNHV3CV,Cryptids Word Search,3903865,Ancient & Controversial Knowledge,3932
2026-05-14 13:05:40.735193,B0CVNHV3CV,Cryptids Word Search,3903865,Unexplained Mysteries (Books),5158
2026-05-14 13:05:40.735194,B0CVNHV3CV,Cryptids Word Search,3903865,Word Search Games,17263
2026-05-14 13:05:56.795259,B0D429W5H1,Sasquatch Word Search,3950431,Unexplained Mysteries (Books),5205
2026-05-14 13:05:56.795261,B0D429W5H1,Sasquatch Word Search,3950431,Word Search Games,17483
2026-05-14 13:05:56.795262,B0D429W5H1,Sasquatch Word Search,3950431,Word Games (Books),19031
2026-05-14 13:06:13.032363,B0D429WWSQ,Sasquatch Word Search,3075573,Unexplained Mysteries (Books),4291
2026-05-14 13:06:13.032365,B0D429WWSQ,Sasquatch Word Search,3075573,Word Search Games,13376
2026-05-14 13:06:13.032366,B0D429WWSQ,Sasquatch Word Search,3075573,Word Games (Books),14709
2026-05-14 13:06:29.169075,B0D22PKCGW,Alien Word Search Large Print,4237458,UFOs (Books),3526
2026-05-14 13:06:29.169077,B0D22PKCGW,Alien Word Search Large Print,4237458,Ancient & Controversial Knowledge,4195
2026-05-14 13:06:29.169078,B0D22PKCGW,Alien Word Search Large Print,4237458,Word Search Games,18914
2026-05-14 13:06:45.462954,B0CTPR6KZ4,Alien Word Search,2496531,UFOs (Books),2396
2026-05-14 13:06:45.462957,B0CTPR6KZ4,Alien Word Search,2496531,Ancient & Controversial Knowledge,2761
2026-05-14 13:06:45.462958,B0CTPR6KZ4,Alien Word Search,2496531,Word Search Games,10966
2026-05-14 15:29:52.236277,B0D1MYMVCC,Haunted Word Search Large Print,,,
2026-05-14 15:30:08.334115,B0CSZDC243,Haunted Word Search,6879463,Ghosts & Hauntings,5538
2026-05-14 15:30:08.334118,B0CSZDC243,Haunted Word Search,6879463,Psychic Phenomena,7039
2026-05-14 15:30:08.334119,B0CSZDC243,Haunted Word Search,6879463,Supernaturalism (Books),8559
2026-05-14 15:30:24.322136,B0D3XXZRRC,Witches Word Search,6355614,Witchcraft Religion & Spirituality,7374
2026-05-14 15:30:24.322142,B0D3XXZRRC,Witches Word Search,6355614,Spiritualism,10621
2026-05-14 15:30:24.322143,B0D3XXZRRC,Witches Word Search,6355614,Word Search Games,30617
2026-05-14 15:30:40.361475,B0D3XXY1HV,Witches Word Search Large Print,,,
2026-05-14 15:30:56.578386,B0G43ZNNRX,Weather Word Search Large Print,,,
2026-05-14 15:31:12.701444,B0D97NFBG2,Weather Word Search,1284310,Natural Disasters (Books),425
2026-05-14 15:31:12.701447,B0D97NFBG2,Weather Word Search,1284310,Weather (Books),596
2026-05-14 15:31:12.701448,B0D97NFBG2,Weather Word Search,1284310,Word Search Games,5694
2026-05-14 15:31:28.806679,B0D9B6HKC8,Space Word Search,9215599,Solar System (Books),834
2026-05-14 15:31:28.806683,B0D9B6HKC8,Space Word Search,9215599,Astronomy (Books),10565
2026-05-14 15:31:28.806684,B0D9B6HKC8,Space Word Search,9215599,Word Search Games,45594
2026-05-14 15:31:45.221478,B0D986WRQY,Ocean Word Search,,,
2026-05-14 15:32:01.424436,B0D9D6QJKD,Earth Science Word Search,,,
2026-05-14 15:32:17.524403,B0D9DRYQSH,Animal Word Search,,,
2026-05-14 15:32:33.676807,B0FPDF7GQV,Halloween Word Search,7697626,Holidays (Books),889
2026-05-14 15:32:33.676809,B0FPDF7GQV,Halloween Word Search,7697626,Customs & Traditions Social Sciences,5727
2026-05-14 15:32:33.676810,B0FPDF7GQV,Halloween Word Search,7697626,Ghosts & Hauntings,5909
2026-05-14 15:32:49.815342,B0DXP99LNN,Spring Word Search,6184230,Gardening & Landscape Design,27116
2026-05-14 15:32:49.815344,B0DXP99LNN,Spring Word Search,6184230,Word Search Games,29520
2026-05-14 15:32:49.815344,B0DXP99LNN,Spring Word Search,6184230,Word Games (Books),31630
2026-05-14 15:33:05.904311,B0F61TRMXM,Summer Word Search,,,
2026-05-14 15:33:22.023797,B0DTKGRKC2,Romance Word Search,8275962,Humorous Erotica (Books),22571
2026-05-14 15:33:22.023799,B0DTKGRKC2,Romance Word Search,8275962,Romantic Erotica (Books),36904
2026-05-14 15:33:22.023800,B0DTKGRKC2,Romance Word Search,8275962,Word Search Games,41051
2026-05-14 15:33:38.156831,B0DS5HPJ1M,Alien Adult Activity Book,2569775,UFOs (Books),2461
2026-05-14 15:33:38.156833,B0DS5HPJ1M,Alien Adult Activity Book,2569775,Logic & Brain Teasers (Books),5908
2026-05-14 15:33:38.156834,B0DS5HPJ1M,Alien Adult Activity Book,2569775,Puzzles (Books),11802
2026-05-14 15:33:54.478427,B0FJ8TFSZ1,Fall Word Search,6635546,Holidays (Books),767
2026-05-14 15:33:54.478430,B0FJ8TFSZ1,Fall Word Search,6635546,Word Search Games,32148
2026-05-14 15:33:54.478431,B0FJ8TFSZ1,Fall Word Search,6635546,Word Games (Books),34355
2026-05-14 15:34:10.713530,B0G4GQL5TG,Winter Word Search,9508842,Holidays (Books),1072
2026-05-14 15:34:10.713532,B0G4GQL5TG,Winter Word Search,9508842,Word Search Games,47802
2026-05-14 15:34:10.713533,B0G4GQL5TG,Winter Word Search,9508842,Word Games (Books),50567
2026-05-14 15:34:27.029512,B0G5Z47WY7,Christmas Word Search,9508376,Holidays (Books),1071
2026-05-14 15:34:27.029515,B0G5Z47WY7,Christmas Word Search,9508376,Word Search Games,47783
2026-05-14 15:34:27.029515,B0G5Z47WY7,Christmas Word Search,9508376,Word Games (Books),50547
2026-05-14 15:34:43.247613,B0D2HQ2N8G,Cryptids Word Search Large Print,,,
2026-05-14 15:34:59.638080,B0CVNHV3CV,Cryptids Word Search,3904608,Ancient & Controversial Knowledge,3931
2026-05-14 15:34:59.638083,B0CVNHV3CV,Cryptids Word Search,3904608,Unexplained Mysteries (Books),5158
2026-05-14 15:34:59.638084,B0CVNHV3CV,Cryptids Word Search,3904608,Word Search Games,17260
2026-05-14 15:35:15.703415,B0D429W5H1,Sasquatch Word Search,3951345,Unexplained Mysteries (Books),5205
2026-05-14 15:35:15.703417,B0D429W5H1,Sasquatch Word Search,3951345,Word Search Games,17481
2026-05-14 15:35:15.703418,B0D429W5H1,Sasquatch Word Search,3951345,Word Games (Books),19030
2026-05-14 15:35:31.814745,B0D429WWSQ,Sasquatch Word Search,3075717,Unexplained Mysteries (Books),4291
2026-05-14 15:35:31.814748,B0D429WWSQ,Sasquatch Word Search,3075717,Word Search Games,13377
2026-05-14 15:35:31.814748,B0D429WWSQ,Sasquatch Word Search,3075717,Word Games (Books),14710
2026-05-14 15:35:47.996737,B0D22PKCGW,Alien Word Search Large Print,4238194,UFOs (Books),3526
2026-05-14 15:35:47.996739,B0D22PKCGW,Alien Word Search Large Print,4238194,Ancient & Controversial Knowledge,4194
2026-05-14 15:35:47.996740,B0D22PKCGW,Alien Word Search Large Print,4238194,Word Search Games,18911
2026-05-14 15:36:04.282933,B0CTPR6KZ4,Alien Word Search,2497306,UFOs (Books),2396
2026-05-14 15:36:04.282936,B0CTPR6KZ4,Alien Word Search,2497306,Ancient & Controversial Knowledge,2760
2026-05-14 15:36:04.282937,B0CTPR6KZ4,Alien Word Search,2497306,Word Search Games,10967
2026-05-14 18:03:52.795258,B0D1MYMVCC,Haunted Word Search Large Print,,,
2026-05-14 18:04:08.805301,B0CSZDC243,Haunted Word Search,6882589,Ghosts & Hauntings,5538
2026-05-14 18:04:08.805303,B0CSZDC243,Haunted Word Search,6882589,Psychic Phenomena,7038
2026-05-14 18:04:08.805304,B0CSZDC243,Haunted Word Search,6882589,Supernaturalism (Books),8569
2026-05-14 18:04:24.779180,B0D3XXZRRC,Witches Word Search,6358981,Witchcraft Religion & Spirituality,7373
2026-05-14 18:04:24.779185,B0D3XXZRRC,Witches Word Search,6358981,Spiritualism,10635
2026-05-14 18:04:24.779186,B0D3XXZRRC,Witches Word Search,6358981,Word Search Games,30635
2026-05-14 18:04:40.893052,B0D3XXY1HV,Witches Word Search Large Print,,,
2026-05-14 18:04:56.955032,B0G43ZNNRX,Weather Word Search Large Print,,,
2026-05-14 18:05:13.205737,B0D97NFBG2,Weather Word Search,1299125,Natural Disasters (Books),428
2026-05-14 18:05:13.205739,B0D97NFBG2,Weather Word Search,1299125,Weather (Books),602
2026-05-14 18:05:13.205740,B0D97NFBG2,Weather Word Search,1299125,Word Search Games,5752
2026-05-14 18:05:29.411399,B0D9B6HKC8,Space Word Search,9217456,Solar System (Books),835
2026-05-14 18:05:29.411401,B0D9B6HKC8,Space Word Search,9217456,Astronomy (Books),10569
2026-05-14 18:05:29.411401,B0D9B6HKC8,Space Word Search,9217456,Word Search Games,45617
2026-05-14 18:05:45.621477,B0D986WRQY,Ocean Word Search,,,
2026-05-14 18:06:01.747585,B0D9D6QJKD,Earth Science Word Search,,,
2026-05-14 18:06:17.856689,B0D9DRYQSH,Animal Word Search,,,
2026-05-14 18:06:34.124958,B0FPDF7GQV,Halloween Word Search,7700451,Holidays (Books),892
2026-05-14 18:06:34.124960,B0FPDF7GQV,Halloween Word Search,7700451,Customs & Traditions Social Sciences,5730
2026-05-14 18:06:34.124961,B0FPDF7GQV,Halloween Word Search,7700451,Ghosts & Hauntings,5909
2026-05-14 18:06:50.366725,B0DXP99LNN,Spring Word Search,6187001,Gardening & Landscape Design,27139
2026-05-14 18:06:50.366727,B0DXP99LNN,Spring Word Search,6187001,Word Search Games,29544
2026-05-14 18:06:50.366728,B0DXP99LNN,Spring Word Search,6187001,Word Games (Books),31659
2026-05-14 18:07:06.437174,B0F61TRMXM,Summer Word Search,,,
2026-05-14 18:07:22.633088,B0DTKGRKC2,Romance Word Search,8278623,Humorous Erotica (Books),22584
2026-05-14 18:07:22.633089,B0DTKGRKC2,Romance Word Search,8278623,Romantic Erotica (Books),36929
2026-05-14 18:07:22.633090,B0DTKGRKC2,Romance Word Search,8278623,Word Search Games,41068
2026-05-14 18:07:38.703002,B0DS5HPJ1M,Alien Adult Activity Book,2577167,UFOs (Books),2465
2026-05-14 18:07:38.703004,B0DS5HPJ1M,Alien Adult Activity Book,2577167,Logic & Brain Teasers (Books),5921
2026-05-14 18:07:38.703005,B0DS5HPJ1M,Alien Adult Activity Book,2577167,Puzzles (Books),11844
2026-05-14 18:07:54.990615,B0FJ8TFSZ1,Fall Word Search,6638108,Holidays (Books),771
2026-05-14 18:07:54.990617,B0FJ8TFSZ1,Fall Word Search,6638108,Word Search Games,32171
2026-05-14 18:07:54.990618,B0FJ8TFSZ1,Fall Word Search,6638108,Word Games (Books),34383
2026-05-14 18:08:11.095944,B0G4GQL5TG,Winter Word Search,9510658,Holidays (Books),1076
2026-05-14 18:08:11.095947,B0G4GQL5TG,Winter Word Search,9510658,Word Search Games,47826
2026-05-14 18:08:11.095947,B0G4GQL5TG,Winter Word Search,9510658,Word Games (Books),50596
2026-05-14 18:08:27.262844,B0G5Z47WY7,Christmas Word Search,9510192,Holidays (Books),1075
2026-05-14 18:08:27.262846,B0G5Z47WY7,Christmas Word Search,9510192,Word Search Games,47807
2026-05-14 18:08:27.262846,B0G5Z47WY7,Christmas Word Search,9510192,Word Games (Books),50576
2026-05-14 18:08:43.299323,B0D2HQ2N8G,Cryptids Word Search Large Print,,,
2026-05-14 18:08:59.446782,B0CVNHV3CV,Cryptids Word Search,3909224,Ancient & Controversial Knowledge,3931
2026-05-14 18:08:59.446785,B0CVNHV3CV,Cryptids Word Search,3909224,Unexplained Mysteries (Books),5162
2026-05-14 18:08:59.446785,B0CVNHV3CV,Cryptids Word Search,3909224,Word Search Games,17283
2026-05-14 18:09:15.529517,B0D429W5H1,Sasquatch Word Search,3955910,Unexplained Mysteries (Books),5209
2026-05-14 18:09:15.529519,B0D429W5H1,Sasquatch Word Search,3955910,Word Search Games,17504
2026-05-14 18:09:15.529519,B0D429W5H1,Sasquatch Word Search,3955910,Word Games (Books),19058
2026-05-14 18:09:31.780929,B0D429WWSQ,Sasquatch Word Search,3082666,Unexplained Mysteries (Books),4297
2026-05-14 18:09:31.780934,B0D429WWSQ,Sasquatch Word Search,3082666,Word Search Games,13404
2026-05-14 18:09:31.780935,B0D429WWSQ,Sasquatch Word Search,3082666,Word Games (Books),14743
2026-05-14 18:09:47.973950,B0D22PKCGW,Alien Word Search Large Print,4242412,UFOs (Books),3525
2026-05-14 18:09:47.973953,B0D22PKCGW,Alien Word Search Large Print,4242412,Ancient & Controversial Knowledge,4191
2026-05-14 18:09:47.973953,B0D22PKCGW,Alien Word Search Large Print,4242412,Word Search Games,18932
2026-05-14 18:10:04.070375,B0CTPR6KZ4,Alien Word Search,2504899,UFOs (Books),2400
2026-05-14 18:10:04.070377,B0CTPR6KZ4,Alien Word Search,2504899,Ancient & Controversial Knowledge,2765
2026-05-14 18:10:04.070378,B0CTPR6KZ4,Alien Word Search,2504899,Word Search Games,10998
2026-05-14 20:53:44.864495,B0D986WRQY,Ocean Word Search,,,
2026-05-14 20:54:01.527570,B0D9D6QJKD,Earth Science Word Search,,,
2026-05-14 20:54:17.867062,B0D9DRYQSH,Animal Word Search,,,
2026-05-14 20:54:34.074334,B0FPDF7GQV,Halloween Word Search,7700558,Holidays (Books),892
2026-05-14 20:54:34.074336,B0FPDF7GQV,Halloween Word Search,7700558,Customs & Traditions Social Sciences,5734
2026-05-14 20:54:34.074337,B0FPDF7GQV,Halloween Word Search,7700558,Ghosts & Hauntings,5911
2026-05-14 20:54:50.137011,B0DXP99LNN,Spring Word Search,6187107,Gardening & Landscape Design,27147
2026-05-14 20:54:50.137013,B0DXP99LNN,Spring Word Search,6187107,Word Search Games,29592
2026-05-14 20:54:50.137014,B0DXP99LNN,Spring Word Search,6187107,Word Games (Books),31709
2026-05-14 20:55:06.525917,B0F61TRMXM,Summer Word Search,,,
2026-05-14 20:55:22.677604,B0DTKGRKC2,Romance Word Search,8278739,Humorous Erotica (Books),22585
2026-05-14 20:55:22.677606,B0DTKGRKC2,Romance Word Search,8278739,Romantic Erotica (Books),36913
2026-05-14 20:55:22.677607,B0DTKGRKC2,Romance Word Search,8278739,Word Search Games,41116
2026-05-14 20:55:38.833435,B0DS5HPJ1M,Alien Adult Activity Book,2577226,UFOs (Books),2468
2026-05-14 20:55:38.833437,B0DS5HPJ1M,Alien Adult Activity Book,2577226,Logic & Brain Teasers (Books),5933
2026-05-14 20:55:38.833437,B0DS5HPJ1M,Alien Adult Activity Book,2577226,Puzzles (Books),11879
2026-05-14 20:55:55.153717,B0FJ8TFSZ1,Fall Word Search,6638214,Holidays (Books),771
2026-05-14 20:55:55.153723,B0FJ8TFSZ1,Fall Word Search,6638214,Word Search Games,32219
2026-05-14 20:55:55.153723,B0FJ8TFSZ1,Fall Word Search,6638214,Word Games (Books),34433
2026-05-14 20:56:11.428964,B0G4GQL5TG,Winter Word Search,9510795,Holidays (Books),1076
2026-05-14 20:56:11.428966,B0G4GQL5TG,Winter Word Search,9510795,Word Search Games,47874
2026-05-14 20:56:11.428967,B0G4GQL5TG,Winter Word Search,9510795,Word Games (Books),50646
2026-05-14 20:56:27.640665,B0G5Z47WY7,Christmas Word Search,9510329,Holidays (Books),1075
2026-05-14 20:56:27.640667,B0G5Z47WY7,Christmas Word Search,9510329,Word Search Games,47855
2026-05-14 20:56:27.640668,B0G5Z47WY7,Christmas Word Search,9510329,Word Games (Books),50626
2026-05-14 20:56:44.032577,B0D2HQ2N8G,Cryptids Word Search Large Print,,,
2026-05-14 20:57:00.402454,B0CVNHV3CV,Cryptids Word Search,3909303,Ancient & Controversial Knowledge,3936
2026-05-14 20:57:00.402457,B0CVNHV3CV,Cryptids Word Search,3909303,Unexplained Mysteries (Books),5162
2026-05-14 20:57:00.402457,B0CVNHV3CV,Cryptids Word Search,3909303,Word Search Games,17326
2026-05-14 20:57:16.617730,B0D429W5H1,Sasquatch Word Search,3955991,Unexplained Mysteries (Books),5209
2026-05-14 20:57:16.617732,B0D429W5H1,Sasquatch Word Search,3955991,Word Search Games,17547
2026-05-14 20:57:16.617733,B0D429W5H1,Sasquatch Word Search,3955991,Word Games (Books),19103
2026-05-14 20:57:32.798335,B0D429WWSQ,Sasquatch Word Search,3082736,Unexplained Mysteries (Books),4297
2026-05-14 20:57:32.798337,B0D429WWSQ,Sasquatch Word Search,3082736,Word Search Games,13446
2026-05-14 20:57:32.798338,B0D429WWSQ,Sasquatch Word Search,3082736,Word Games (Books),14787
2026-05-14 20:57:49.025019,B0D22PKCGW,Alien Word Search Large Print,4242497,UFOs (Books),3528
2026-05-14 20:57:49.025021,B0D22PKCGW,Alien Word Search Large Print,4242497,Ancient & Controversial Knowledge,4196
2026-05-14 20:57:49.025022,B0D22PKCGW,Alien Word Search Large Print,4242497,Word Search Games,18977
2026-05-14 20:58:05.204485,B0CTPR6KZ4,Alien Word Search,2504960,UFOs (Books),2403
2026-05-14 20:58:05.204487,B0CTPR6KZ4,Alien Word Search,2504960,Ancient & Controversial Knowledge,2769
2026-05-14 20:58:05.204488,B0CTPR6KZ4,Alien Word Search,2504960,Word Search Games,11039
2026-05-14 22:24:24.426620,B0D3XXY1HV,Witches Word Search Large Print,,,
2026-05-14 22:24:41.221567,B0G43ZNNRX,Weather Word Search Large Print,,,
2026-05-14 22:24:57.591943,B0D97NFBG2,Weather Word Search,1319406,Natural Disasters (Books),430
2026-05-14 22:24:57.591949,B0D97NFBG2,Weather Word Search,1319406,Weather (Books),623
2026-05-14 22:24:57.591950,B0D97NFBG2,Weather Word Search,1319406,Word Search Games,5842
2026-05-14 22:25:13.968075,B0D9B6HKC8,Space Word Search,9219857,Solar System (Books),835
2026-05-14 22:25:13.968077,B0D9B6HKC8,Space Word Search,9219857,Astronomy (Books),10587
2026-05-14 22:25:13.968078,B0D9B6HKC8,Space Word Search,9219857,Word Search Games,45665
2026-05-14 22:25:30.488252,B0D986WRQY,Ocean Word Search,,,
2026-05-14 22:25:46.732346,B0D9D6QJKD,Earth Science Word Search,,,
2026-05-14 22:26:02.917050,B0D9DRYQSH,Animal Word Search,,,
2026-05-14 22:26:19.506591,B0FPDF7GQV,Halloween Word Search,7703361,Holidays (Books),892
2026-05-14 22:26:19.506594,B0FPDF7GQV,Halloween Word Search,7703361,Customs & Traditions Social Sciences,5735
2026-05-14 22:26:19.506594,B0FPDF7GQV,Halloween Word Search,7703361,Ghosts & Hauntings,5912
2026-05-14 22:26:35.729328,B0DXP99LNN,Spring Word Search,6187107,Gardening & Landscape Design,27147
2026-05-14 22:26:35.729331,B0DXP99LNN,Spring Word Search,6187107,Word Search Games,29592
2026-05-14 22:26:35.729332,B0DXP99LNN,Spring Word Search,6187107,Word Games (Books),31709
2026-05-14 22:26:51.920763,B0F61TRMXM,Summer Word Search,,,
2026-05-14 22:27:08.104757,B0DTKGRKC2,Romance Word Search,8281295,Humorous Erotica (Books),22586
2026-05-14 22:27:08.104760,B0DTKGRKC2,Romance Word Search,8281295,Romantic Erotica (Books),36914
2026-05-14 22:27:08.104760,B0DTKGRKC2,Romance Word Search,8281295,Word Search Games,41117
2026-05-14 22:27:24.302387,B0DS5HPJ1M,Alien Adult Activity Book,2587972,UFOs (Books),2472
2026-05-14 22:27:24.302390,B0DS5HPJ1M,Alien Adult Activity Book,2587972,Logic & Brain Teasers (Books),5946
2026-05-14 22:27:24.302390,B0DS5HPJ1M,Alien Adult Activity Book,2587972,Puzzles (Books),11916
2026-05-14 22:27:41.135507,B0FJ8TFSZ1,Fall Word Search,6641622,Holidays (Books),771
2026-05-14 22:27:41.135510,B0FJ8TFSZ1,Fall Word Search,6641622,Word Search Games,32222
2026-05-14 22:27:41.135510,B0FJ8TFSZ1,Fall Word Search,6641622,Word Games (Books),34436
2026-05-14 22:27:59.531858,B0G4GQL5TG,Winter Word Search,9512998,Holidays (Books),1076
2026-05-14 22:27:59.531861,B0G4GQL5TG,Winter Word Search,9512998,Word Search Games,47875
2026-05-14 22:27:59.531861,B0G4GQL5TG,Winter Word Search,9512998,Word Games (Books),50647
2026-05-14 22:28:15.713956,B0G5Z47WY7,Christmas Word Search,9512533,Holidays (Books),1075
2026-05-14 22:28:15.713958,B0G5Z47WY7,Christmas Word Search,9512533,Word Search Games,47856
2026-05-14 22:28:15.713958,B0G5Z47WY7,Christmas Word Search,9512533,Word Games (Books),50627
2026-05-14 22:28:31.867745,B0D2HQ2N8G,Cryptids Word Search Large Print,,,
2026-05-14 22:28:48.506482,B0CVNHV3CV,Cryptids Word Search,3915904,Ancient & Controversial Knowledge,3942
2026-05-14 22:28:48.506485,B0CVNHV3CV,Cryptids Word Search,3915904,Unexplained Mysteries (Books),5163
2026-05-14 22:28:48.506485,B0CVNHV3CV,Cryptids Word Search,3915904,Word Search Games,17334
2026-05-14 22:29:06.401179,B0D429W5H1,Sasquatch Word Search,3962510,Unexplained Mysteries (Books),5210
2026-05-14 22:29:06.401182,B0D429W5H1,Sasquatch Word Search,3962510,Word Search Games,17555
2026-05-14 22:29:06.401183,B0D429W5H1,Sasquatch Word Search,3962510,Word Games (Books),19111
2026-05-14 22:29:23.268003,B0D429WWSQ,Sasquatch Word Search,3091518,Unexplained Mysteries (Books),4300
2026-05-14 22:29:23.268006,B0D429WWSQ,Sasquatch Word Search,3091518,Word Search Games,13458
2026-05-14 22:29:23.268007,B0D429WWSQ,Sasquatch Word Search,3091518,Word Games (Books),14799
2026-05-14 22:29:39.622274,B0D22PKCGW,Alien Word Search Large Print,4248474,UFOs (Books),3530
2026-05-14 22:29:39.622276,B0D22PKCGW,Alien Word Search Large Print,4248474,Ancient & Controversial Knowledge,4201
2026-05-14 22:29:39.622277,B0D22PKCGW,Alien Word Search Large Print,4248474,Word Search Games,18984
2026-05-14 22:29:55.929499,B0CTPR6KZ4,Alien Word Search,2516013,UFOs (Books),2407
2026-05-14 22:29:55.929502,B0CTPR6KZ4,Alien Word Search,2516013,Ancient & Controversial Knowledge,2780
2026-05-14 22:29:55.929503,B0CTPR6KZ4,Alien Word Search,2516013,Word Search Games,11062
2026-05-15 00:06:52.318124,B0D1MYMVCC,Haunted Word Search Large Print,,,
2026-05-15 00:07:09.118387,B0CSZDC243,Haunted Word Search,6886186,Ghosts & Hauntings,5541
2026-05-15 00:07:09.118389,B0CSZDC243,Haunted Word Search,6886186,Psychic Phenomena,7045
2026-05-15 00:07:09.118390,B0CSZDC243,Haunted Word Search,6886186,Supernaturalism (Books),8575
2026-05-15 00:07:25.757533,B0D3XXZRRC,Witches Word Search,6362954,Witchcraft Religion & Spirituality,7377
2026-05-15 00:07:25.757540,B0D3XXZRRC,Witches Word Search,6362954,Spiritualism,10650
2026-05-15 00:07:25.757541,B0D3XXZRRC,Witches Word Search,6362954,Word Search Games,30694
2026-05-15 00:07:42.214599,B0D3XXY1HV,Witches Word Search Large Print,,,
2026-05-15 00:07:58.573222,B0G43ZNNRX,Weather Word Search Large Print,,,
2026-05-15 00:08:14.990085,B0D97NFBG2,Weather Word Search,1319748,Natural Disasters (Books),430
2026-05-15 00:08:14.990087,B0D97NFBG2,Weather Word Search,1319748,Weather (Books),623
2026-05-15 00:08:14.990088,B0D97NFBG2,Weather Word Search,1319748,Word Search Games,5842
2026-05-15 00:08:31.427072,B0D9B6HKC8,Space Word Search,9220105,Solar System (Books),835
2026-05-15 00:08:31.427075,B0D9B6HKC8,Space Word Search,9220105,Astronomy (Books),10585
2026-05-15 00:08:31.427075,B0D9B6HKC8,Space Word Search,9220105,Word Search Games,45674
2026-05-15 00:08:47.822276,B0D986WRQY,Ocean Word Search,,,
2026-05-15 00:09:04.120372,B0D9D6QJKD,Earth Science Word Search,,,
2026-05-15 00:09:20.399445,B0D9DRYQSH,Animal Word Search,,,
2026-05-15 00:09:36.824310,B0FPDF7GQV,Halloween Word Search,7703630,Holidays (Books),892
2026-05-15 00:09:36.824312,B0FPDF7GQV,Halloween Word Search,7703630,Customs & Traditions Social Sciences,5735
2026-05-15 00:09:36.824313,B0FPDF7GQV,Halloween Word Search,7703630,Ghosts & Hauntings,5912
2026-05-15 00:09:53.211616,B0DXP99LNN,Spring Word Search,6191098,Gardening & Landscape Design,27155
2026-05-15 00:09:53.211618,B0DXP99LNN,Spring Word Search,6191098,Word Search Games,29603
2026-05-15 00:09:53.211619,B0DXP99LNN,Spring Word Search,6191098,Word Games (Books),31720
2026-05-15 00:10:09.560354,B0F61TRMXM,Summer Word Search,,,
2026-05-15 00:10:25.989766,B0DTKGRKC2,Romance Word Search,8281553,Humorous Erotica (Books),22584
2026-05-15 00:10:25.989769,B0DTKGRKC2,Romance Word Search,8281553,Romantic Erotica (Books),36906
2026-05-15 00:10:25.989770,B0DTKGRKC2,Romance Word Search,8281553,Word Search Games,41126
2026-05-15 00:10:42.433668,B0DS5HPJ1M,Alien Adult Activity Book,2588279,UFOs (Books),2473
2026-05-15 00:10:42.433670,B0DS5HPJ1M,Alien Adult Activity Book,2588279,Logic & Brain Teasers (Books),5947
2026-05-15 00:10:42.433671,B0DS5HPJ1M,Alien Adult Activity Book,2588279,Puzzles (Books),11914
2026-05-15 00:10:58.775313,B0FJ8TFSZ1,Fall Word Search,6641904,Holidays (Books),771
2026-05-15 00:10:58.775316,B0FJ8TFSZ1,Fall Word Search,6641904,Word Search Games,32229
2026-05-15 00:10:58.775317,B0FJ8TFSZ1,Fall Word Search,6641904,Word Games (Books),34443
2026-05-15 00:11:15.320945,B0G4GQL5TG,Winter Word Search,9513238,Holidays (Books),1076
2026-05-15 00:11:15.320948,B0G4GQL5TG,Winter Word Search,9513238,Word Search Games,47885
2026-05-15 00:11:15.320948,B0G4GQL5TG,Winter Word Search,9513238,Word Games (Books),50657
2026-05-15 00:11:32.034974,B0G5Z47WY7,Christmas Word Search,9512773,Holidays (Books),1075
2026-05-15 00:11:32.034977,B0G5Z47WY7,Christmas Word Search,9512773,Word Search Games,47866
2026-05-15 00:11:32.034977,B0G5Z47WY7,Christmas Word Search,9512773,Word Games (Books),50637
2026-05-15 00:11:48.400273,B0D2HQ2N8G,Cryptids Word Search Large Print,,,
2026-05-15 00:12:04.897851,B0CVNHV3CV,Cryptids Word Search,3916215,Ancient & Controversial Knowledge,3942
2026-05-15 00:12:04.897853,B0CVNHV3CV,Cryptids Word Search,3916215,Unexplained Mysteries (Books),5163
2026-05-15 00:12:04.897854,B0CVNHV3CV,Cryptids Word Search,3916215,Word Search Games,17335
2026-05-15 00:12:21.273947,B0D429W5H1,Sasquatch Word Search,3962822,Unexplained Mysteries (Books),5210
2026-05-15 00:12:21.273951,B0D429W5H1,Sasquatch Word Search,3962822,Word Search Games,17556
2026-05-15 00:12:21.273952,B0D429W5H1,Sasquatch Word Search,3962822,Word Games (Books),19112
2026-05-15 00:12:37.723085,B0D429WWSQ,Sasquatch Word Search,3091826,Unexplained Mysteries (Books),4300
2026-05-15 00:12:37.723088,B0D429WWSQ,Sasquatch Word Search,3091826,Word Search Games,13458
2026-05-15 00:12:37.723089,B0D429WWSQ,Sasquatch Word Search,3091826,Word Games (Books),14799
2026-05-15 00:12:54.184263,B0D22PKCGW,Alien Word Search Large Print,4248782,UFOs (Books),3531
2026-05-15 00:12:54.184266,B0D22PKCGW,Alien Word Search Large Print,4248782,Ancient & Controversial Knowledge,4201
2026-05-15 00:12:54.184267,B0D22PKCGW,Alien Word Search Large Print,4248782,Word Search Games,18985
2026-05-15 00:13:10.655271,B0CTPR6KZ4,Alien Word Search,2516322,UFOs (Books),2408
2026-05-15 00:13:10.655274,B0CTPR6KZ4,Alien Word Search,2516322,Ancient & Controversial Knowledge,2780
2026-05-15 00:13:10.655275,B0CTPR6KZ4,Alien Word Search,2516322,Word Search Games,11062
2026-05-15 05:02:22.357467,B0D3XXZRRC,Witches Word Search,,,
2026-05-15 05:02:39.114704,B0D3XXY1HV,Witches Word Search Large Print,,,
2026-05-15 05:02:55.332452,B0G43ZNNRX,Weather Word Search Large Print,,,
2026-05-15 05:03:11.579668,B0D97NFBG2,Weather Word Search,1398088,Natural Disasters (Books),450
2026-05-15 05:03:11.579673,B0D97NFBG2,Weather Word Search,1398088,Weather (Books),662
2026-05-15 05:03:11.579674,B0D97NFBG2,Weather Word Search,1398088,Word Search Games,6177
2026-05-15 05:03:27.649703,B0D9B6HKC8,Space Word Search,9227783,Solar System (Books),835
2026-05-15 05:03:27.649705,B0D9B6HKC8,Space Word Search,9227783,Astronomy (Books),10593
2026-05-15 05:03:27.649706,B0D9B6HKC8,Space Word Search,9227783,Word Search Games,45679
2026-05-15 05:03:43.942535,B0D986WRQY,Ocean Word Search,,,
2026-05-15 05:04:00.196979,B0D9D6QJKD,Earth Science Word Search,,,
2026-05-15 05:04:16.339562,B0D9DRYQSH,Animal Word Search,,,
2026-05-15 05:04:32.640223,B0FPDF7GQV,Halloween Word Search,7701649,Holidays (Books),890
2026-05-15 05:04:32.640226,B0FPDF7GQV,Halloween Word Search,7701649,Customs & Traditions Social Sciences,5733
2026-05-15 05:04:32.640227,B0FPDF7GQV,Halloween Word Search,7701649,Ghosts & Hauntings,5909
2026-05-15 05:04:48.939499,B0DXP99LNN,Spring Word Search,6185255,Gardening & Landscape Design,27129
2026-05-15 05:04:48.939501,B0DXP99LNN,Spring Word Search,6185255,Word Search Games,29561
2026-05-15 05:04:48.939502,B0DXP99LNN,Spring Word Search,6185255,Word Games (Books),31670
2026-05-15 05:05:05.886981,B0F61TRMXM,Summer Word Search,,,
2026-05-15 05:05:22.308066,B0DTKGRKC2,Romance Word Search,8282165,Humorous Erotica (Books),22575
2026-05-15 05:05:22.308068,B0DTKGRKC2,Romance Word Search,8282165,Romantic Erotica (Books),36905
2026-05-15 05:05:22.308069,B0DTKGRKC2,Romance Word Search,8282165,Word Search Games,41099
2026-05-15 05:05:38.314197,B0DS5HPJ1M,Alien Adult Activity Book,2611870,UFOs (Books),2490
2026-05-15 05:05:38.314199,B0DS5HPJ1M,Alien Adult Activity Book,2611870,Logic & Brain Teasers (Books),6009
2026-05-15 05:05:38.314200,B0DS5HPJ1M,Alien Adult Activity Book,2611870,Puzzles (Books),12007
2026-05-15 05:05:54.613482,B0FJ8TFSZ1,Fall Word Search,6639011,Holidays (Books),771
2026-05-15 05:05:54.613484,B0FJ8TFSZ1,Fall Word Search,6639011,Word Search Games,32187
2026-05-15 05:05:54.613485,B0FJ8TFSZ1,Fall Word Search,6639011,Word Games (Books),34401
2026-05-15 05:06:10.863303,B0G4GQL5TG,Winter Word Search,9520795,Holidays (Books),1076
2026-05-15 05:06:10.863306,B0G4GQL5TG,Winter Word Search,9520795,Word Search Games,47890
2026-05-15 05:06:10.863306,B0G4GQL5TG,Winter Word Search,9520795,Word Games (Books),50662
2026-05-15 05:06:27.235288,B0G5Z47WY7,Christmas Word Search,9520330,Holidays (Books),1075
2026-05-15 05:06:27.235290,B0G5Z47WY7,Christmas Word Search,9520330,Word Search Games,47871
2026-05-15 05:06:27.235291,B0G5Z47WY7,Christmas Word Search,9520330,Word Games (Books),50642
2026-05-15 05:06:43.349409,B0D2HQ2N8G,Cryptids Word Search Large Print,,,
2026-05-15 05:06:59.620681,B0CVNHV3CV,Cryptids Word Search,3892397,Ancient & Controversial Knowledge,3925
2026-05-15 05:06:59.620683,B0CVNHV3CV,Cryptids Word Search,3892397,Unexplained Mysteries (Books),5147
2026-05-15 05:06:59.620683,B0CVNHV3CV,Cryptids Word Search,3892397,Word Search Games,17213
2026-05-15 05:07:15.666143,B0D429W5H1,Sasquatch Word Search,3941253,Unexplained Mysteries (Books),5194
2026-05-15 05:07:15.666145,B0D429W5H1,Sasquatch Word Search,3941253,Word Search Games,17444
2026-05-15 05:07:15.666145,B0D429W5H1,Sasquatch Word Search,3941253,Word Games (Books),18998
2026-05-15 05:07:31.793533,B0D429WWSQ,Sasquatch Word Search,3127911,Unexplained Mysteries (Books),4342
2026-05-15 05:07:31.793535,B0D429WWSQ,Sasquatch Word Search,3127911,Word Search Games,13605
2026-05-15 05:07:31.793536,B0D429WWSQ,Sasquatch Word Search,3127911,Word Games (Books),14952
2026-05-15 05:07:47.966197,B0D22PKCGW,Alien Word Search Large Print,4234229,UFOs (Books),3520
2026-05-15 05:07:47.966199,B0D22PKCGW,Alien Word Search Large Print,4234229,Ancient & Controversial Knowledge,4192
2026-05-15 05:07:47.966200,B0D22PKCGW,Alien Word Search Large Print,4234229,Word Search Games,18912
2026-05-15 05:08:04.260136,B0CTPR6KZ4,Alien Word Search,2497159,UFOs (Books),2420
2026-05-15 05:08:04.260138,B0CTPR6KZ4,Alien Word Search,2497159,Ancient & Controversial Knowledge,2793
2026-05-15 05:08:04.260138,B0CTPR6KZ4,Alien Word Search,2497159,Word Search Games,11036
2026-05-15 08:20:39.278388,B0G43ZNNRX,Weather Word Search Large Print,,,
2026-05-15 08:20:55.990203,B0D97NFBG2,Weather Word Search,1398057,Natural Disasters (Books),450
2026-05-15 08:20:55.990208,B0D97NFBG2,Weather Word Search,1398057,Weather (Books),662
2026-05-15 08:20:55.990209,B0D97NFBG2,Weather Word Search,1398057,Word Search Games,6173
2026-05-15 08:21:12.190885,B0D9B6HKC8,Space Word Search,9227601,Solar System (Books),835
2026-05-15 08:21:12.190889,B0D9B6HKC8,Space Word Search,9227601,Astronomy (Books),10590
2026-05-15 08:21:12.190889,B0D9B6HKC8,Space Word Search,9227601,Word Search Games,45639
2026-05-15 08:21:28.317769,B0D986WRQY,Ocean Word Search,,,
2026-05-15 08:21:44.314062,B0D9D6QJKD,Earth Science Word Search,,,
2026-05-15 08:22:00.264641,B0D9DRYQSH,Animal Word Search,,,
2026-05-15 08:22:16.384865,B0FPDF7GQV,Halloween Word Search,7701503,Holidays (Books),890
2026-05-15 08:22:16.384867,B0FPDF7GQV,Halloween Word Search,7701503,Customs & Traditions Social Sciences,5733
2026-05-15 08:22:16.384867,B0FPDF7GQV,Halloween Word Search,7701503,Ghosts & Hauntings,5907
2026-05-15 08:22:32.441326,B0DXP99LNN,Spring Word Search,6185132,Gardening & Landscape Design,27118
2026-05-15 08:22:32.441329,B0DXP99LNN,Spring Word Search,6185132,Word Search Games,29543
2026-05-15 08:22:32.441329,B0DXP99LNN,Spring Word Search,6185132,Word Games (Books),31653
2026-05-15 08:22:48.522910,B0F61TRMXM,Summer Word Search,,,
2026-05-15 08:23:04.533248,B0DTKGRKC2,Romance Word Search,8282005,Humorous Erotica (Books),22575
2026-05-15 08:23:04.533250,B0DTKGRKC2,Romance Word Search,8282005,Romantic Erotica (Books),36906
2026-05-15 08:23:04.533251,B0DTKGRKC2,Romance Word Search,8282005,Word Search Games,41068
2026-05-15 08:23:20.618374,B0DS5HPJ1M,Alien Adult Activity Book,2611811,UFOs (Books),2490
2026-05-15 08:23:20.618376,B0DS5HPJ1M,Alien Adult Activity Book,2611811,Logic & Brain Teasers (Books),6008
2026-05-15 08:23:20.618377,B0DS5HPJ1M,Alien Adult Activity Book,2611811,Puzzles (Books),12006
2026-05-15 08:23:36.598594,B0FJ8TFSZ1,Fall Word Search,6638883,Holidays (Books),771
2026-05-15 08:23:36.598596,B0FJ8TFSZ1,Fall Word Search,6638883,Word Search Games,32165
2026-05-15 08:23:36.598597,B0FJ8TFSZ1,Fall Word Search,6638883,Word Games (Books),34380
2026-05-15 08:23:52.789693,B0G4GQL5TG,Winter Word Search,9520606,Holidays (Books),1075
2026-05-15 08:23:52.789695,B0G4GQL5TG,Winter Word Search,9520606,Word Search Games,47847
2026-05-15 08:23:52.789696,B0G4GQL5TG,Winter Word Search,9520606,Word Games (Books),50620
2026-05-15 08:24:08.837880,B0G5Z47WY7,Christmas Word Search,9520141,Holidays (Books),1074
2026-05-15 08:24:08.837883,B0G5Z47WY7,Christmas Word Search,9520141,Word Search Games,47828
2026-05-15 08:24:08.837883,B0G5Z47WY7,Christmas Word Search,9520141,Word Games (Books),50600
2026-05-15 08:24:24.908416,B0D2HQ2N8G,Cryptids Word Search Large Print,,,
2026-05-15 08:24:40.935312,B0CVNHV3CV,Cryptids Word Search,3892315,Ancient & Controversial Knowledge,3924
2026-05-15 08:24:40.935314,B0CVNHV3CV,Cryptids Word Search,3892315,Unexplained Mysteries (Books),5147
2026-05-15 08:24:40.935314,B0CVNHV3CV,Cryptids Word Search,3892315,Word Search Games,17207
2026-05-15 08:24:56.953953,B0D429W5H1,Sasquatch Word Search,3941173,Unexplained Mysteries (Books),5194
2026-05-15 08:24:56.953955,B0D429W5H1,Sasquatch Word Search,3941173,Word Search Games,17438
2026-05-15 08:24:56.953955,B0D429W5H1,Sasquatch Word Search,3941173,Word Games (Books),18994
2026-05-15 08:25:12.970490,B0D429WWSQ,Sasquatch Word Search,3127845,Unexplained Mysteries (Books),4342
2026-05-15 08:25:12.970492,B0D429WWSQ,Sasquatch Word Search,3127845,Word Search Games,13600
2026-05-15 08:25:12.970493,B0D429WWSQ,Sasquatch Word Search,3127845,Word Games (Books),14949
2026-05-15 08:25:29.042282,B0D22PKCGW,Alien Word Search Large Print,4234145,UFOs (Books),3520
2026-05-15 08:25:29.042284,B0D22PKCGW,Alien Word Search Large Print,4234145,Ancient & Controversial Knowledge,4191
2026-05-15 08:25:29.042284,B0D22PKCGW,Alien Word Search Large Print,4234145,Word Search Games,18901
2026-05-15 08:25:45.136584,B0CTPR6KZ4,Alien Word Search,2497100,UFOs (Books),2420
2026-05-15 08:25:45.136586,B0CTPR6KZ4,Alien Word Search,2497100,Ancient & Controversial Knowledge,2792
2026-05-15 08:25:45.136586,B0CTPR6KZ4,Alien Word Search,2497100,Word Search Games,11031
2026-05-15 11:27:20.192247,B0D9JQ33BX,Paranormal Word Search,,,
2026-05-15 11:27:37.167352,B0D1MYMVCC,Haunted Word Search Large Print,,,
2026-05-15 11:27:53.214637,B0CSZDC243,Haunted Word Search,6890745,Ghosts & Hauntings,5532
2026-05-15 11:27:53.214639,B0CSZDC243,Haunted Word Search,6890745,Psychic Phenomena,7048
2026-05-15 11:27:53.214640,B0CSZDC243,Haunted Word Search,6890745,Supernaturalism (Books),8574
2026-05-15 11:28:09.243474,B0D3XXZRRC,Witches Word Search,6390269,Witchcraft Religion & Spirituality,7398
2026-05-15 11:28:09.243480,B0D3XXZRRC,Witches Word Search,6390269,Spiritualism,10664
2026-05-15 11:28:09.243481,B0D3XXZRRC,Witches Word Search,6390269,Word Search Games,30746
2026-05-15 11:28:25.258698,B0D3XXY1HV,Witches Word Search Large Print,,,
2026-05-15 11:28:41.380099,B0G43ZNNRX,Weather Word Search Large Print,,,
2026-05-15 11:28:57.383384,B0D97NFBG2,Weather Word Search,1435878,Natural Disasters (Books),457
2026-05-15 11:28:57.383386,B0D97NFBG2,Weather Word Search,1435878,Weather (Books),682
2026-05-15 11:28:57.383387,B0D97NFBG2,Weather Word Search,1435878,Word Search Games,6270
2026-05-15 11:29:13.322595,B0D9B6HKC8,Space Word Search,9233899,Solar System (Books),836
2026-05-15 11:29:13.322597,B0D9B6HKC8,Space Word Search,9233899,Astronomy (Books),10585
2026-05-15 11:29:13.322598,B0D9B6HKC8,Space Word Search,9233899,Word Search Games,45622
2026-05-15 11:29:29.534615,B0D986WRQY,Ocean Word Search,,,
2026-05-15 11:29:45.529874,B0D9D6QJKD,Earth Science Word Search,,,
2026-05-15 11:30:01.446668,B0D9DRYQSH,Animal Word Search,,,
2026-05-15 11:30:17.598419,B0FPDF7GQV,Halloween Word Search,7709537,Holidays (Books),890
2026-05-15 11:30:17.598421,B0FPDF7GQV,Halloween Word Search,7709537,Customs & Traditions Social Sciences,5736
2026-05-15 11:30:17.598422,B0FPDF7GQV,Halloween Word Search,7709537,Ghosts & Hauntings,5908
2026-05-15 11:30:33.718566,B0DXP99LNN,Spring Word Search,6195347,Gardening & Landscape Design,27142
2026-05-15 11:30:33.718568,B0DXP99LNN,Spring Word Search,6195347,Word Search Games,29539
2026-05-15 11:30:33.718568,B0DXP99LNN,Spring Word Search,6195347,Word Games (Books),31652
2026-05-15 11:30:49.723542,B0F61TRMXM,Summer Word Search,,,
2026-05-15 11:31:05.744587,B0DTKGRKC2,Romance Word Search,8289496,Humorous Erotica (Books),22567
2026-05-15 11:31:05.744591,B0DTKGRKC2,Romance Word Search,8289496,Romantic Erotica (Books),36909
2026-05-15 11:31:05.744592,B0DTKGRKC2,Romance Word Search,8289496,Word Search Games,41061
2026-05-15 11:31:21.861315,B0DS5HPJ1M,Alien Adult Activity Book,2635388,UFOs (Books),2499
2026-05-15 11:31:21.861317,B0DS5HPJ1M,Alien Adult Activity Book,2635388,Logic & Brain Teasers (Books),6038
2026-05-15 11:31:21.861318,B0DS5HPJ1M,Alien Adult Activity Book,2635388,Puzzles (Books),12069
2026-05-15 11:31:38.109062,B0FJ8TFSZ1,Fall Word Search,6648309,Holidays (Books),772
2026-05-15 11:31:38.109064,B0FJ8TFSZ1,Fall Word Search,6648309,Word Search Games,32161
2026-05-15 11:31:38.109065,B0FJ8TFSZ1,Fall Word Search,6648309,Word Games (Books),34378
2026-05-15 11:31:54.329267,B0G4GQL5TG,Winter Word Search,9526666,Holidays (Books),1075
2026-05-15 11:31:54.329269,B0G4GQL5TG,Winter Word Search,9526666,Word Search Games,47821
2026-05-15 11:31:54.329270,B0G4GQL5TG,Winter Word Search,9526666,Word Games (Books),50594
2026-05-15 11:32:10.399653,B0G5Z47WY7,Christmas Word Search,9526204,Holidays (Books),1074
2026-05-15 11:32:10.399655,B0G5Z47WY7,Christmas Word Search,9526204,Word Search Games,47802
2026-05-15 11:32:10.399655,B0G5Z47WY7,Christmas Word Search,9526204,Word Games (Books),50574
2026-05-15 11:32:26.343430,B0D2HQ2N8G,Cryptids Word Search Large Print,,,
2026-05-15 11:32:42.330971,B0CVNHV3CV,Cryptids Word Search,3909135,Ancient & Controversial Knowledge,3930
2026-05-15 11:32:42.330973,B0CVNHV3CV,Cryptids Word Search,3909135,Unexplained Mysteries (Books),5166
2026-05-15 11:32:42.330973,B0CVNHV3CV,Cryptids Word Search,3909135,Word Search Games,17229
2026-05-15 11:32:58.431254,B0D429W5H1,Sasquatch Word Search,3957727,Unexplained Mysteries (Books),5209
2026-05-15 11:32:58.431256,B0D429W5H1,Sasquatch Word Search,3957727,Word Search Games,17458
2026-05-15 11:32:58.431257,B0D429W5H1,Sasquatch Word Search,3957727,Word Games (Books),19018
2026-05-15 11:33:14.883632,B0D429WWSQ,Sasquatch Word Search,3148310,Unexplained Mysteries (Books),4362
2026-05-15 11:33:14.883634,B0D429WWSQ,Sasquatch Word Search,3148310,Word Search Games,13636
2026-05-15 11:33:14.883635,B0D429WWSQ,Sasquatch Word Search,3148310,Word Games (Books),14990
2026-05-15 11:33:30.968059,B0D22PKCGW,Alien Word Search Large Print,4249558,UFOs (Books),3527
2026-05-15 11:33:30.968061,B0D22PKCGW,Alien Word Search Large Print,4249558,Ancient & Controversial Knowledge,4196
2026-05-15 11:33:30.968062,B0D22PKCGW,Alien Word Search Large Print,4249558,Word Search Games,18918
2026-05-15 11:33:47.138397,B0CTPR6KZ4,Alien Word Search,2521470,UFOs (Books),2431
2026-05-15 11:33:47.138399,B0CTPR6KZ4,Alien Word Search,2521470,Ancient & Controversial Knowledge,2804
2026-05-15 11:33:47.138400,B0CTPR6KZ4,Alien Word Search,2521470,Word Search Games,11077
2026-05-15 14:28:16.440773,B0D9JQ33BX,Paranormal Word Search,,,
2026-05-15 14:28:33.177338,B0D1MYMVCC,Haunted Word Search Large Print,,,
2026-05-15 14:28:49.384552,B0CSZDC243,Haunted Word Search,6890604,Ghosts & Hauntings,5532
2026-05-15 14:28:49.384555,B0CSZDC243,Haunted Word Search,6890604,Psychic Phenomena,7048
2026-05-15 14:28:49.384556,B0CSZDC243,Haunted Word Search,6890604,Supernaturalism (Books),8573
2026-05-15 14:29:05.648330,B0D3XXZRRC,Witches Word Search,6390145,Witchcraft Religion & Spirituality,7398
2026-05-15 14:29:05.648335,B0D3XXZRRC,Witches Word Search,6390145,Spiritualism,10664
2026-05-15 14:29:05.648336,B0D3XXZRRC,Witches Word Search,6390145,Word Search Games,30745
2026-05-15 14:29:21.905002,B0D3XXY1HV,Witches Word Search Large Print,,,
2026-05-15 14:29:37.962060,B0G43ZNNRX,Weather Word Search Large Print,,,
2026-05-15 14:29:54.146540,B0D97NFBG2,Weather Word Search,1435894,Natural Disasters (Books),457
2026-05-15 14:29:54.146543,B0D97NFBG2,Weather Word Search,1435894,Weather (Books),682
2026-05-15 14:29:54.146545,B0D97NFBG2,Weather Word Search,1435894,Word Search Games,6269
2026-05-15 14:30:10.618580,B0D9B6HKC8,Space Word Search,9233659,Solar System (Books),836
2026-05-15 14:30:10.618582,B0D9B6HKC8,Space Word Search,9233659,Astronomy (Books),10585
2026-05-15 14:30:10.618583,B0D9B6HKC8,Space Word Search,9233659,Word Search Games,45622
2026-05-15 14:30:26.745020,B0D986WRQY,Ocean Word Search,,,
2026-05-15 14:30:42.974485,B0D9D6QJKD,Earth Science Word Search,,,
2026-05-15 14:30:59.099522,B0D9DRYQSH,Animal Word Search,,,
2026-05-15 14:31:15.443478,B0FPDF7GQV,Halloween Word Search,7709352,Holidays (Books),890
2026-05-15 14:31:15.443480,B0FPDF7GQV,Halloween Word Search,7709352,Customs & Traditions Social Sciences,5738
2026-05-15 14:31:15.443481,B0FPDF7GQV,Halloween Word Search,7709352,Ghosts & Hauntings,5908
2026-05-15 14:31:31.675408,B0DXP99LNN,Spring Word Search,6195230,Gardening & Landscape Design,27141
2026-05-15 14:31:31.675410,B0DXP99LNN,Spring Word Search,6195230,Word Search Games,29538
2026-05-15 14:31:31.675411,B0DXP99LNN,Spring Word Search,6195230,Word Games (Books),31651
2026-05-15 14:31:47.720408,B0F61TRMXM,Summer Word Search,,,
2026-05-15 14:32:03.899984,B0DTKGRKC2,Romance Word Search,8289296,Humorous Erotica (Books),22567
2026-05-15 14:32:03.899986,B0DTKGRKC2,Romance Word Search,8289296,Romantic Erotica (Books),36910
2026-05-15 14:32:03.899987,B0DTKGRKC2,Romance Word Search,8289296,Word Search Games,41059
2026-05-15 14:32:20.259673,B0DS5HPJ1M,Alien Adult Activity Book,2635374,UFOs (Books),2499
2026-05-15 14:32:20.259675,B0DS5HPJ1M,Alien Adult Activity Book,2635374,Logic & Brain Teasers (Books),6038
2026-05-15 14:32:20.259676,B0DS5HPJ1M,Alien Adult Activity Book,2635374,Puzzles (Books),12068
2026-05-15 14:32:36.591940,B0FJ8TFSZ1,Fall Word Search,6648174,Holidays (Books),772
2026-05-15 14:32:36.591943,B0FJ8TFSZ1,Fall Word Search,6648174,Word Search Games,32160
2026-05-15 14:32:36.591943,B0FJ8TFSZ1,Fall Word Search,6648174,Word Games (Books),34377
2026-05-15 14:32:52.855804,B0G4GQL5TG,Winter Word Search,9526406,Holidays (Books),1075
2026-05-15 14:32:52.855806,B0G4GQL5TG,Winter Word Search,9526406,Word Search Games,47822
2026-05-15 14:32:52.855807,B0G4GQL5TG,Winter Word Search,9526406,Word Games (Books),50596
2026-05-15 14:33:09.403748,B0G5Z47WY7,Christmas Word Search,9525944,Holidays (Books),1074
2026-05-15 14:33:09.403750,B0G5Z47WY7,Christmas Word Search,9525944,Word Search Games,47803
2026-05-15 14:33:09.403751,B0G5Z47WY7,Christmas Word Search,9525944,Word Games (Books),50576
2026-05-15 14:33:25.726648,B0D2HQ2N8G,Cryptids Word Search Large Print,,,
2026-05-15 14:33:42.157398,B0CVNHV3CV,Cryptids Word Search,3909101,Ancient & Controversial Knowledge,3930
2026-05-15 14:33:42.157400,B0CVNHV3CV,Cryptids Word Search,3909101,Unexplained Mysteries (Books),5166
2026-05-15 14:33:42.157400,B0CVNHV3CV,Cryptids Word Search,3909101,Word Search Games,17228
2026-05-15 14:33:58.250720,B0D429W5H1,Sasquatch Word Search,3957690,Unexplained Mysteries (Books),5209
2026-05-15 14:33:58.250722,B0D429W5H1,Sasquatch Word Search,3957690,Word Search Games,17457
2026-05-15 14:33:58.250723,B0D429W5H1,Sasquatch Word Search,3957690,Word Games (Books),19017
2026-05-15 14:34:14.687716,B0D429WWSQ,Sasquatch Word Search,3148286,Unexplained Mysteries (Books),4362
2026-05-15 14:34:14.687719,B0D429WWSQ,Sasquatch Word Search,3148286,Word Search Games,13635
2026-05-15 14:34:14.687720,B0D429WWSQ,Sasquatch Word Search,3148286,Word Games (Books),14989
2026-05-15 14:34:30.984549,B0D22PKCGW,Alien Word Search Large Print,4249514,UFOs (Books),3527
2026-05-15 14:34:30.984551,B0D22PKCGW,Alien Word Search Large Print,4249514,Ancient & Controversial Knowledge,4196
2026-05-15 14:34:30.984551,B0D22PKCGW,Alien Word Search Large Print,4249514,Word Search Games,18917
2026-05-15 14:34:47.186210,B0CTPR6KZ4,Alien Word Search,2521456,UFOs (Books),2431
2026-05-15 14:34:47.186212,B0CTPR6KZ4,Alien Word Search,2521456,Ancient & Controversial Knowledge,2804
2026-05-15 14:34:47.186213,B0CTPR6KZ4,Alien Word Search,2521456,Word Search Games,11076
2026-05-15 16:57:47.821615,B0D9JQ33BX,Paranormal Word Search,,,
2026-05-15 16:58:04.394502,B0D1MYMVCC,Haunted Word Search Large Print,,,
2026-05-15 16:58:20.486334,B0CSZDC243,Haunted Word Search,6897023,Ghosts & Hauntings,5535
2026-05-15 16:58:20.486337,B0CSZDC243,Haunted Word Search,6897023,Psychic Phenomena,7049
2026-05-15 16:58:20.486338,B0CSZDC243,Haunted Word Search,6897023,Supernaturalism (Books),8575
2026-05-15 16:58:36.471985,B0D3XXZRRC,Witches Word Search,6396996,Witchcraft Religion & Spirituality,7399
2026-05-15 16:58:36.471990,B0D3XXZRRC,Witches Word Search,6396996,Spiritualism,10669
2026-05-15 16:58:36.471991,B0D3XXZRRC,Witches Word Search,6396996,Word Search Games,30755
2026-05-15 16:58:52.563541,B0D3XXY1HV,Witches Word Search Large Print,,,
2026-05-15 16:59:08.606079,B0G43ZNNRX,Weather Word Search Large Print,,,
2026-05-15 16:59:24.958021,B0D97NFBG2,Weather Word Search,1455046,Natural Disasters (Books),458
2026-05-15 16:59:24.958023,B0D97NFBG2,Weather Word Search,1455046,Weather (Books),699
2026-05-15 16:59:24.958024,B0D97NFBG2,Weather Word Search,1455046,Word Search Games,6327
2026-05-15 16:59:41.107402,B0D9B6HKC8,Space Word Search,9238754,Solar System (Books),836
2026-05-15 16:59:41.107404,B0D9B6HKC8,Space Word Search,9238754,Astronomy (Books),10586
2026-05-15 16:59:41.107405,B0D9B6HKC8,Space Word Search,9238754,Word Search Games,45628
2026-05-15 16:59:57.302175,B0D986WRQY,Ocean Word Search,,,
2026-05-15 17:00:13.461269,B0D9D6QJKD,Earth Science Word Search,,,
2026-05-15 17:00:29.915641,B0D9DRYQSH,Animal Word Search,,,
2026-05-15 17:00:46.156936,B0FPDF7GQV,Halloween Word Search,7715215,Holidays (Books),891
2026-05-15 17:00:46.156938,B0FPDF7GQV,Halloween Word Search,7715215,Customs & Traditions Social Sciences,5743
2026-05-15 17:00:46.156939,B0FPDF7GQV,Halloween Word Search,7715215,Ghosts & Hauntings,5911
2026-05-15 17:01:02.462744,B0DXP99LNN,Spring Word Search,6202260,Gardening & Landscape Design,27156
2026-05-15 17:01:02.462746,B0DXP99LNN,Spring Word Search,6202260,Word Search Games,29548
2026-05-15 17:01:02.462747,B0DXP99LNN,Spring Word Search,6202260,Word Games (Books),31653
2026-05-15 17:01:18.512201,B0F61TRMXM,Summer Word Search,,,
2026-05-15 17:01:34.723389,B0DTKGRKC2,Romance Word Search,8294808,Humorous Erotica (Books),22582
2026-05-15 17:01:34.723391,B0DTKGRKC2,Romance Word Search,8294808,Romantic Erotica (Books),36931
2026-05-15 17:01:34.723392,B0DTKGRKC2,Romance Word Search,8294808,Word Search Games,41066
2026-05-15 17:01:50.826880,B0DS5HPJ1M,Alien Adult Activity Book,2648670,UFOs (Books),2509
2026-05-15 17:01:50.826882,B0DS5HPJ1M,Alien Adult Activity Book,2648670,Logic & Brain Teasers (Books),6060
2026-05-15 17:01:50.826883,B0DS5HPJ1M,Alien Adult Activity Book,2648670,Puzzles (Books),12090
2026-05-15 17:02:07.038006,B0FJ8TFSZ1,Fall Word Search,6654803,Holidays (Books),773
2026-05-15 17:02:07.038008,B0FJ8TFSZ1,Fall Word Search,6654803,Word Search Games,32170
2026-05-15 17:02:07.038009,B0FJ8TFSZ1,Fall Word Search,6654803,Word Games (Books),34379
2026-05-15 17:02:23.235730,B0G4GQL5TG,Winter Word Search,9531443,Holidays (Books),1076
2026-05-15 17:02:23.235732,B0G4GQL5TG,Winter Word Search,9531443,Word Search Games,47828
2026-05-15 17:02:23.235734,B0G4GQL5TG,Winter Word Search,9531443,Word Games (Books),50594
2026-05-15 17:02:39.447923,B0G5Z47WY7,Christmas Word Search,9530981,Holidays (Books),1075
2026-05-15 17:02:39.447925,B0G5Z47WY7,Christmas Word Search,9530981,Word Search Games,47809
2026-05-15 17:02:39.447926,B0G5Z47WY7,Christmas Word Search,9530981,Word Games (Books),50574
2026-05-15 17:02:55.478326,B0D2HQ2N8G,Cryptids Word Search Large Print,,,
2026-05-15 17:03:11.614613,B0CVNHV3CV,Cryptids Word Search,3919296,Ancient & Controversial Knowledge,3933
2026-05-15 17:03:11.614615,B0CVNHV3CV,Cryptids Word Search,3919296,Unexplained Mysteries (Books),5172
2026-05-15 17:03:11.614616,B0CVNHV3CV,Cryptids Word Search,3919296,Word Search Games,17251
2026-05-15 17:03:27.576802,B0D429W5H1,Sasquatch Word Search,3967815,Unexplained Mysteries (Books),5214
2026-05-15 17:03:27.576805,B0D429W5H1,Sasquatch Word Search,3967815,Word Search Games,17480
2026-05-15 17:03:27.576806,B0D429W5H1,Sasquatch Word Search,3967815,Word Games (Books),19032
2026-05-15 17:03:43.651409,B0D429WWSQ,Sasquatch Word Search,3160192,Unexplained Mysteries (Books),4372
2026-05-15 17:03:43.651411,B0D429WWSQ,Sasquatch Word Search,3160192,Word Search Games,13663
2026-05-15 17:03:43.651412,B0D429WWSQ,Sasquatch Word Search,3160192,Word Games (Books),15010
2026-05-15 17:03:59.767877,B0D22PKCGW,Alien Word Search Large Print,4259138,UFOs (Books),3531
2026-05-15 17:03:59.767879,B0D22PKCGW,Alien Word Search Large Print,4259138,Ancient & Controversial Knowledge,4198
2026-05-15 17:03:59.767880,B0D22PKCGW,Alien Word Search Large Print,4259138,Word Search Games,18939
2026-05-15 17:04:15.944787,B0CTPR6KZ4,Alien Word Search,2535072,UFOs (Books),2441
2026-05-15 17:04:15.944789,B0CTPR6KZ4,Alien Word Search,2535072,Ancient & Controversial Knowledge,2808
2026-05-15 17:04:15.944789,B0CTPR6KZ4,Alien Word Search,2535072,Word Search Games,11108
